file_name,title,full_text
334dd6d5-9484-efdb-e063-6394a90a5d55.xml,Swimmers Itch Guard,"Active ingredients

Neem Oil 3%

Warnings

Topical Oil – for External Use Only
                  Keep out of eyes. Flush thoroughly and gently with warm water for 10-15 minutes.

Stop use and consult physician if rash or irritation develops.

Consult physician before using if pregnant or nursing.

Keep out of reach of children. If swallowed, get medical help or contact a Poison Control Center immediately.

Directions

(for children 2 years and older and adults): Apply sunscreen first, especially spray-on sunscreens which contain alcohol (alcohol removes our product). Before entering the water, apply Swimmer’s Itch Guard to all uncovered skin that will be under water continuously for 5 minutes or longer. Apply liberally and evenly. When coming out of the water, light toweling off is best because it minimizes removal of Swimmer’s Itch Guard. Reapply after 30 minutes of water activity, taking a shower or hot-tub, or repeated hard toweling offs. Wash swimsuits separately in warm water.

These statements have not been evaluated by the FDA. This product is not intended to diagnose, treat, cure, or prevent any disease.

Inactive ingredients

Fractionated Coconut Oil, Olive Oil, Avocado Oil, High Oleic Sunflower Oil, Cinnamon Oil, d-alpha Tocopherol (Vitamin E)

Swimmers itch oil

Swimmers itch oil"
d468e774-0e0f-4284-b202-3001f5887da8.xml,Skin and Itch,"If symptoms persist or worsen, seek advice ofa veterinarian.
                  
                     
                     Keep out of reach of children.
                  
                  
                  Reference image:Skin and Itch.jpg

Pour ½ measuring teaspoon into fresh water.
                  Dosage is for cats of all sizes.
                  Reference image:Skin and Itch.jpg

Other information
                  
                  
                     Tamper resistant for your protection.
                  
                  
                     Use only if safety seal is intact.
                  
                  This product has not been clinically tested.
                  Questions? Call 866.298.2740
                  King Bio, Inc. 3 Westside Drive
                  Asheville, NC 2806 USA
                  FDA Reg. #1053442
                  For latest product information and instructions: www.DrKings.com
                  
                  Reference image:Skin and Itch.jpg

Keep out of reach of children.
                  
                  Reference image:Skin and Itch.jpg

Equal volumes of each HPUS** ingredient in 12X,30X, and 1LM potencies.
                  Agaricus muscarius, Alumina, Anagallis arvensis, Antimonium tartaricum, Apis mellifica, Arsenicum album, Arsenicum  iodatum, Bovista, Causticum, 
                     Dolichos pruriens, 
                     Fagopyrum esculentum, 
                     Graphites, 
                     Kali muriaticum, 
                     Muriaticum acidum, 
                     Oleander, 
                     Petroleum, 
                     Phosphorus, 
                     Pix liquida, 
                     Radium bromatum, 
                     Rhus tox, 
                     Selenium metallicum, 
                     Sulphur, 
                     Urtica urens.
                  
                  
                  **“HPUS” indicates the active ingredients are in the official Homeopathic Pharmacopeia of the United States.
                  Reference image:Skin and Itch.jpg

For relief of:
                  Irritated, red, burning, itchy, dry, rough, scaly, chapped or cracked skin
                     
                  
                  
                     Rashes  
                  
                  
                     Fleabite dermatitis  
                  
                  
                     Hot spots
                  
                  Excessive gnawing or licking  
                  Skin eruptions
                  
                     Hair loss  
                  
                  
                     Generally unhealthy skin
                  
                  
                     † as per various homeopathic materia medicas.Claims based on traditional homeopathic practice,not accepted medical evidence. These uses havenot been evaluated by the FDA, and product hasnot been clinically tested
                  
                  Reference image:Skin and Itch.jpg

Citric Acid, Potassium sorbate, and Purified Water.
                  Reference image:Skin and Itch.jpg

Active ingredients                               Purpose †Equal volumes of each HPUS** ingredient in 12X,30X, and 1LM potencies.
                  Agaricus muscarius ...........................violent itchingAlumina ...........................................inflamed skinAnagallis arvensis ............................dry, scaly skinAntimonium tartaricum ................pustular eruptionsApis mellifica ................................red skin, edemaArsenicum album...........................rough, scaly skinArsenicum iodatum........................ dry, itching skinBovista.................................................crusty skinCausticum ........................violent itching, eruptionsDolichos pruriens..........................intense scratchingFagopyrum esculentum..............itching, red blotchesGraphites..........................unhealthy skin, eruptionsKali muriaticum..................................dry, scaly skinMuriaticum acidum .................itching skin eruptionsOleander......................................violent scratchingPetroleum ...................rough, cracked, leathery skinPhosphorus ...................................itching, hair lossPix liquida ...............................cracked, itching skinRadium bromatum......................scratching, rednessRhus tox ...................................... red, swollen skinSelenium metallicum .................itching between toesSulphur...............................dry, scaly, unhealthy skinUrtica urens ....................................itching, red spot
                  
                  **“HPUS” indicates the active ingredients are inthe official Homeopathic Pharmacopeia of theUnited States.
                  
                     Reference image:Skin and Itch.jpg"
352e379d-78d4-1ee6-e063-6294a90aa32e.xml,BELLADONNA 30C - 3-Pack,"HOMEOPATHIC DILUTION OF BELLADONNA 30c

Temporarily reducing sudden fever with perspiration - headache - inflammation*
                  *Claims based on traditional homeopathic practice, not accepted medical evidence. Not FDA evaluated.

(adults/children) Dissolve 5 pellets under the tongue 3 times a day until symptoms are relieved or as directed by a physician.

Condition listed above or as directed by a physician.

Stop use and ask a physician if symptoms persist for more than 3 days or worsen.

If pregnant or breast-feeding, ask a health professional before use.

Keep out of reach of children.

Store at room temperature.

Do not use if pellet-dispenser seal is broken.

Sucrose.

info@ollois.com * www.ollois.com * MADE IN FRANCE. NOT REVIEWED BY THE FDA AND NOT GUARANTEED TO BE EFFECTIVE. THIS HOMEOPATHIC DILUTION MAY NOT BE SUSEPTIBLE TO SCIENTIFIC MEASUREMENT."
340a9e19-c1ce-1fa8-e063-6394a90aebf6.xml,Seasonal Allergy Relief,"Relieves Runny Nose, Sneezing, Itchy or Watery Eyes, Nose or Throat

Drug Facts

Active Ingredients
                                    
                                 
                                 
                                    
                                       Purpose
                                    
                                 
                              
                              
                                 Allium Cepa 6X HPUS
                                 
                                    hay fever, watery eyes
                                 
                              
                              
                                 Galphimia Glauca 12X HPUS
                                 sneezing, runny nose
                              
                              
                                 Histaminum Hydrochloricum 12X HPUS
                                 sinus pain
                              
                              
                                 Luffa Operculata 12X HPUS
                                 sinus pain, headache
                              
                              
                                 Natrum Muriaticum 6X HPUS
                                 sneezing, itchy eyes
                              
                              
                                 Nux Vomica 6X HPUS (0.0000016% Alkaloids, calculated)
                                 itchy nose & throat
                              
                           
                        
                        
                           ""HPUS"" indicates the active ingredients are offiacial Homeopathic Pharmacopœia of the United States.

Uses

■ Temporarily relieves symptoms of hay fever and other upper respiratory allergies, including:
                  
                  ■ runny nose ■ sneezing ■ itchy or watery eyes
  
       
 
  
■ itchy nose or throat ■ sinus pain ■ headache

Warnings

Do not use

to treat food allergies.

Stop use and ask a doctor if

symptoms persist for more than 7 days or worsen.

If pregnant or breastfeeding

ask a health professional before use.

Keep out of reach of children.

Directions

■ Use as directed.
                  
                     
                        
                           Adults and children
     
          
    
     
			12 years and over
    
         
   
    
                           At onset of symptoms, dissolve 1-2 tablets
     
          
    
     
			under tongue every 4 hours until relieved

Inactive Ingredients

Acacia Gum, Lactose.

Questions?

www.hylands.com or care@hylands.com

Uses Changed to ■ Temporarily relieves symptoms of hay fever and other upper respiratory allergies, including: ■ runny nose ■ sneezing ■ itchy or watery eyes ■ itchy nose or throat ■ sinus pain ■ headache

Directions Adults and children 12 years and over: Dissolve 1-2 tablets
  
       
 
  
under tongue every 4 hours until relieved.
 
      

 
                  
                  
                  
                     05/09/2022 - Updates
                  
                  Directions
                  ■ Use as directed.
                  
                     
                        
                           Adults and children
     
          
    
     
			12 years and over
    
         
   
    
                           At onset of symptoms, dissolve 1-2 tablets
     
          
    
     
			under tongue every 4 hours until relieved.

PRINCIPAL DISPLAY PANEL

Hyland's 
                  
                  NATURALS™
                  SEASONAL
                  
                     ALLERGY
                  
                  
                     RELIEF*
                  
                  • Runny Nose
                  • Sneezing
                  • Itchy & Watery
                  Eyes, Nose
                  or Throat
                  
                     60
                  
                  
                     QUICK-DISSOLVING TABLETS
                  
                  HOMEOPATHIC"
e2fece65-4b20-490f-b058-60b87390ea7a.xml,Household Dust and Mold Mix,"Glandula Suprarenalis 6X, 12X, Hepar (Liver) 6X, 12X, Histaminum Hydrochloricum 12X, Alternaria Tenuis Nees 16X, 60X, 100X, Aspergillus Niger 16X, 60X, 100X, Candida Albicans 16X, 60X, 100X, Candida Parapsilosis 16X, 60X, 100, Dust 16X, 60X, 100, Mucor Racemosus 16X, 60X, 100, Torula Cerevisiae 16X, 60X, 100X, House Dust Mite 12C, 30C, Adrenocorticotrophin 15C, 30C, Rhizopus Nigricans 15C, 30C, 100C.

Provides factors that mitigate hypersensitivity to household dusts, molds and mites.†
                  †Claims based on traditional homeopathic practice, not accepted medical evidence. Not FDA evaluated.

Professional Use Only
                  
                  
                     If pregnant or breast-feeding, ask a health professional before use.
                  In case of overdose, get medical help or contact a Poison Control Center right away.
                  If condition worsens, seek medical attention.
                  
                     KEEP OUT OF REACH OF CHILDREN
                  
                  
                     Do not use if tamper evident seal is broken or missing.
                  
                  
                     Store in a cool place after opening

In case of overdose, get medical help or contact a Poison Control Center right away.

Adults: 2 to 3 sprays orally, three times daily. Children under twelve one half adult dosage. Do not take within 15 minutes of consuming food, beverage or brushing teeth. Consult a physician for use in children under 12 years of age.

Provides factors that mitigate hypersensitivity to household dusts, molds and mites.†
                  †Claims based on traditional homeopathic practice, not accepted medical evidence. Not FDA evaluated.

Alcohol USP 20%, Purified Water USP.

MANUFACTURED EXCLUSIVELY FOR
                  NUTRITIONAL SPECIALTIES, INC.
                  PO BOX 97227
                  PITTSBURG, PA 15229
                  www.phpltd.com

Professional
                  
                  
                     Health Products
                  
                  
                     HOMEOPATHIC
                  
                  
                     NDC 83027-0123-1
                  
                  
                     HOUSEHOLD
                  
                  
                     DUST & MOLD MIX
                  
                  
                     2 FL. OZ (60 ml)"
b55a39dd-d940-46ae-ab1f-8a9ef4a3413b.xml,Heart Small Intestine Meridian Opener,"Arsenicum Album 30C, Aurum Metallicum 30C, Cactus Grandiflorus 30C, Cinchona Officinalis 30C, Digitalis Purpurea 30C, Kali Carbonicum 30C, Lithium Carbonicum 30C, Lycopodium Clavatum 30C, Mercurius Solubilis 30C, Naja Tripudians 30C, Nux Vomica 30C, Phosphorus 30C, Pulsatilla (Pratensis) 30C, Pyrogenium 30C, Spigelia Anthelmia 30C.

Arsenicum Album - Tremor, Aurum Metallicum – Night Sweat, Cactus Grandiflorus – Abdominal Soreness, Cinchona Officinalis – Worse Sight and Smell of Food, Digitalis Purpurea - Flatus, Kali Carbonicum - Nausea, Lithium Carbonicum – Sore Bowels, Lycopodium Clavatum - Belching, Mercurius Solubilis - Tremor, Naja Tripudians - Belching, Nux Vomica – Abdominal Soreness, Phosphorus – Sore Bowels, Pulsatilla (Pratensis) - Flatus, Pyrogenium – Abdominal Soreness, Spigelia Anthelmia - Nausea

• For the temporary relief of symptoms including:
                  • tremor • night sweat • nausea • abdominal soreness
                  • sore bowels • flatus • belching • worse sight and smell of food
                  These statements are based upon homeopathic principles. They have not been reviewed by the Food and Drug Administration.

If pregnant or breastfeeding, ask a health professional before use.
                  
                     Keep out of reach of children. In case of overdose, contact a physician or Poison Control Center right away.
                  
                     Tamper Evident: Sealed for your protection. Do not use if seal is broken or missing.

In case of overdose, contact a physician or Poison Control Center right away.

1-10 drops under the tongue, 3 times a day or as directed by a health professional. Consult a physician for use in children under 12 years of age.

Demineralized water, 25% ethanol

Dist. By: Deseret Biologicals, Inc.
                  469 W. Parkland Drive
                  Sandy, UT 84070
                  www.desbio.co
                  800-827-8204

DesBio
                  
                  
                     Heart Small Intestine
                  
                  
                     Meridian Opener
                  
                  
                     Homeopathic
                  
                  
                     NDC 43742-2265-1
                  
                  
                     1 FL OZ (30 ml)"
bafe5892-0276-419c-9e3c-48226e30af34.xml,Vax Sode,"Thuja Occidentalis 6X, 30X, Calcarea Carbonica 9X, 30X, Silicea 9X, 30X, Salmonella Typhi Nosode 18X, Serum Anguillae 18X, Bacillus Tetani (Clostridium Tetani) 30X, Malandrinum 30X, Morbillinum 30X, Parotidinum 30X, Rubella Nosode 30X, Yersinia Enterocolitica 30X, Salmonella Enteriditis 18C.

Aids in temporary relief of symptoms including sweats, chills, minor aches of muscles and joints, fatigue and headache.†
                  †Claims based on traditional homeopathic practice, not accepted medical evidence. Not FDA evaluated.

Professional Use Only
                  
                  
                     If pregnant or breast-feeding, ask a health professional before use.
                  In case of overdose, get medical help or contact a Poison Control Center right away.
                  If condition worsens, seek medical attention.
                  
                     KEEP OUT OF REACH OF CHILDREN
                  
                  
                     Do not use if tamper evident seal is broken or missing.
                  
                  
                     Store in a cool place after opening

In case of overdose, get medical help or contact a Poison Control Center right away.

Adults: 2 to 3 sprays orally, three times daily. Children under twelve one half adult dosage.
                  For high sensitive individuals: best tolerated administration is through imbrication (RUBBING IN) on skin at pulse points or abdomen.
                  Do not take within 15 minutes of consuming food, beverage or brushing teeth. Consult a physician for use in children under 12 years of age.

Aids in temporary relief of symptoms including sweats, chills, minor aches of muscles and joints, fatigue and headache.†
                  †Claims based on traditional homeopathic practice, not accepted medical evidence. Not FDA evaluated.

Alcohol USP 20%, Purified Water USP.

MANUFACTURED EXCLUSIVELY FOR
                  
                  
                     NUTRITIONAL SPECIALTIES, INC.
                  
                  
                     PO BOX 97227
                  
                  
                     PITTSBURG, PA 15229
                  
                  
                     www.phpltd.com

Professional
                  
                  
                     Health Products
                  
                  
                     HOMEOPATHIC
                  
                  
                     NDC 83027-0071-1
                  
                  
                     VAX-SODE
                  
                  
                     2 FL. OZ (60 ml)"
34052c46-5d92-79f0-e063-6394a90a56da.xml,Bismuth Stibium,"Directions: FOR TOPICAL USE ONLY.

Apply once or twice daily to warts. Under age 2: Consult a doctor

Active Ingredients: 100 gm contains: 25 gm Allium sativa (Garlic) 1X, 25 gm Chelidonium (Greater celandine) 1X, 25 gm Curcuma (Turmeric) 1X, 25 gm Thuja (American arborvitae) 1X, 20 gm Bismuth 2X, 20 gm Stibium met. (Antimony) 2X

Inactive Ingredients: White petrolatum, Lanolin, Mineral oil, Glyceryl monostearate, Sorbic acid, Tea tree oil, Grapefruit seed extract
                  Prepared using rhythmical processes.

Use: Temporary relief of warts.

KEEP OUT OF REACH OF CHILDREN.

Warnings: Claims based on traditional homeopathic practice, not accepted medical evidence. Not FDA evaluated. Do not use if allergic to any ingredient. Consult a doctor before use for serious conditions, if conditions worsen or persist, or accidental ingestion occurs. If pregnant or nursing, consult a doctor before use. Avoid contact with eyes. Do not use if safety seal is broken or missing.

Questions? Call 866.642.2858
  
Made with care by Uriel, East Troy, WI 53120
  
shopuriel.com   Lot:"
346f68ea-73ab-99c6-e063-6394a90af5d5.xml,Bispit Canada Ltd.,"CELERY SEED
  
 MEDICAGO SATIVA WHOLE
  
CHICORY ROOT
  
GLUCOSAMINE HYDROCHLORIDE
  
BUCKWHEAT
  
LYSIMACHIA CHRISTINAE WHOLE
  
PUERARIN
  
MORUS ALBA LEAF
  
LICORICE
  
SODIUM CHLORIDE

Farewell To Gout
                  lmprove Metabolism
                  Balance Uric Acid

Keep out of reach of children

2. The product has great somatosensation after taking it atleast 21 days in the earty stage;3. Elevated uric acid or gout recurrence and site changes arenoral in the earty stage of taking this product;

Long-term administration of the product:1、Auxiliary effect on improving sexual desire and strengtheningprostate problems;
  
2、Auxiliary effect on kidney stones and bladder stones;

For your health, please read the followingcarefully
  
1. The use of three vials can effectivety dissolve crystallization (ittakes time to dissolve crystallization);2. The product has great somatosensation after taking it atleast 21 days in the early stage;3. Elevated uric acid or gout recurrence and site changes arenormal in the early stage of taking this product;4. Try not to drink alcohol or drink less 15 days before takingthis product;
  
5. This product certainly has significant effect on gout,crystallization and hyperuricemia;

Do not use if seal is broken.
                  Do not eat freshness packet enclosed.
                  Keep out of direct sunlight, high temperature, and humidity.
                  Store in a cool, dry place.

MICROCRYSTALLINE CELLULOSE
  
MALTOSYL-ISOMALTOTETRAOSE
  
CARBOXYMETHYLCELLULOSE SODIUM, UNSPECIFIED
  
MAGNESIUM STEARATE"
3d6bd4a0-0eb2-4612-9272-655724d07632.xml,Apizastat,"(in each drop): 6.24% of Alfalfa 2C, Anthracinum 12C, Argentum Metallicum 6C, Baptisia Tinctoria 12C, Calcarea Fluorica 6C, Chelidonium Majus 2C, Oxalis Acetosella 5C, Paloondo 2C, Paronichia Illecebrum 12C, Phytolacca Decandra 2C, Thuja Occidentalis 6C, Thymolum 7C, Urtica Dioica 2C, Verbascum Thapsus 2C, Viscum Album 2C, X-Ray 12C; 0.10% of Avena Sativa 1C, Beta Vulgaris 1C.

May temporarily relieve symptoms of fatigue, indigestion and abdominal pain with bloating.**
                  **Claims based on traditional homeopathic practice, not accepted medical evidence. Not FDA evaluated.

If pregnant or breastfeeding, ask a health professional before use.
                  
                     Keep out of reach of children. In case of overdose, get medical help or contact a Poison Control Center right away.
                  Do not use if tamper evident seal is broken or missing.
                  Store in a cool, dry place.

Keep out of reach of children. In case of overdose, get medical help or contact a Poison Control Center right away.

Adults and children 5 to 10 drops orally, 3 times daily or as otherwise directed by a health care professional. If symptoms persist for more than 7 days, consult your health care professional. Consult a physician for use in children under 12 years of age.

May temporarily relieve symptoms of fatigue, indigestion and abdominal pain with bloating.**
                  **Claims based on traditional homeopathic practice, not accepted medical evidence. Not FDA evaluated.

Demineralized water, 20% Ethanol.

Dist. by Energique, Inc.
                  201 Apple Blvd.
                  Woodbine, IA 51579 800.869.8078

ENERGIQUE
                  
                  SINCE 1987
                  
                     HOMEOPATHIC REMEDY
                  
                  
                     APIZASTAT
                  
                  
                     1 fl. oz. (30 ml)"
3490d6c1-44ef-dee6-e063-6394a90abad6.xml,Airway Ease,"Keep out of reach of children.

If 
  pregnant or breast-feeding, ​ask a doctor before use.

Warning: Keep out of reach of children. Do not use ​if tamper-evident seal is broken or missing. If symptoms worsen or persist for more than a few days, consult a doctor. If 
  ​pregnant or breast-feeding, ​ask a doctor before use.

newtonlabs.net – Questions?  800.448.7256
                  Newton Laboratories, Inc. FDA Est # 1051203 - Conyers, GA 30013

Inactive Ingredients: Gluten-free, non-GMO, beet-derived sucrose (Lactose-free) pellets.

Formulated for symptoms such as wheezing, shortness of breath, congestion, coughing and inflammation.

Equal parts of Echinacea 6x, Lappa 6x, Antimon. tart. 15x, Arsenicum alb. 15x, Bryonia 15x, Chelidonium maj. 15x, Cinchona 15x, Drosera 15x, Eucalyptus 15x, Histaminum hydrochloricum 15x, Hydrastis 15x, Kali bic. 15x, Kali carb. 15x, Kali iod. 15x, Myrrha 15x, Nat. sulphuricum 15x, Nux vom. 15x, Phos. 15x, Pulsatilla 15x, Rumex crisp. 15x, Sambucus nig. 15x, Spongia 15x, Tussilago far. 15x, Verbascum 15x ,Influenzinum 30x.

Directions: Children, ages 4 to 11, give 3 pellets by mouth (ages 12 and up, give 6 pellets) as needed or as directed by a health professional.  Under age 4, consult a health professional.  Under age 2, crush/desolve pellets in purified water. Sensitive persons begin with 1 pellet and gradually increase to full dose.

Formulated for symptoms such as wheezing, shortness of breath, congestion, coughing and inflammation."
33f5375e-6aac-792f-e063-6294a90a3f14.xml,Purple Dandruff,"SODIUM LAURETH SULFATE

Keep out of the reach of children

After moisturizing the hair and scalp thoroughly with warm water,rub an appropriate amount of this product in the palm of your hand until it foams,then apply it to the hair,gently leave it for 2  to 5 minutes.

CAUTION:For external use only.

Size:16.91 fl oz/500ml

COCAMIDOPROPYL BETAINE,DIMETHICONE,DIOLEOYLETHYL  HYDROXYETHYLMONIUM METHOSULFATE,
  
AMMONIUM LAURYL SULFATE,COCAMIDE MEA,
  
GLYCERIN,DIMETHICONOL,SODIUM LAURYL SULFATE,COCAMIDE METHYL MEA,FRAGRANCE,SODIUM CHLORIDE,
  
GLYCINE,GUAR HYDROXYPROPYLTRIMONIUM CHLORIDE,PALMITAMIDOPROPYLTRIMONIUM CHLORIDE,ALLANTOIN
  
SALICYLIC ACID,CITRIC ACID,BIOTIN,CASTOR OIL,MELALEUCA ALTERNIFOLIA(TEATREE)LEAF OIL,
  
MENTHA HAPLOCALYX OIL,HYDROLYZED RICE EXTRACT,ARGANIA SPINOSA KERNEL OIL,
 
                  ELAEIS GUINEENSIS(PALM)KERNEL OIL

purple anti-dandruff shampoo provides nutrition to hair and solves problems such as severe dandruff,seborrheic dermatitis,folliculitis and psoriasis"
d22495e7-cd1d-420b-a953-c55a85581d86.xml,Blood Liquescence,"Allium Cepa 1X, Hyssopus Officinalis 1X, Avena Sativa 2X, Paloondo 2X, Urtica Dioica 2X, Trifolium Pratense 3X, Zingiber Officinale 3X, Capsicum Annuum 6X, Hepar Suis (Liver) 6X, Hypophysis Suis (Pituitary) 6X, Juglans Regia 6X, Medulla Ossis Suis (Bone Marrow) 6X, Remex Crispus 6X, Spleen 6X, Camphora 8X, Magnesia Phosphorica 10X, Ferrum Phosphoricum 12X, Pyrogenium 20X.

Provides potentized homeo-nutritional support of the blood.†
                  †Claims based on traditional homeopathic practice, not accepted medical evidence. Not FDA evaluated.

Professional Use Only
                  
                  
                     If pregnant or breast-feeding, ask a health professional before use.
                  In case of overdose, get medical help or contact a Poison Control Center right away.
                  If condition worsens, seek medical attention.
                  
                     KEEP OUT OF REACH OF CHILDREN
                  
                  
                     Do not use if tamper evident seal is broken or missing.
                  
                  
                     Store in a cool place after opening

In case of overdose, get medical help or contact a Poison Control Center right away.

Adults 1 to 2 teaspoons one to two times daily. Children under twelve one half adult dosage. Consult a physician for use in children under 12 years of age.

Provides potentized homeo-nutritional support of the blood.†
                  †Claims based on traditional homeopathic practice, not accepted medical evidence. Not FDA evaluated.

Alcohol USP 20%, Purified Water USP.

MANUFACTURED EXCLUSIVELY FOR
                  
                  
                     NUTRITIONAL SPECIALTIES, INC.
                  
                  
                     PO BOX 97227
                  
                  
                     PITTSBURG, PA 15229
                  
                  
                     www.phpltd.com

Professional
                  
                  
                     Health Products
                  
                  
                     HOMEOPATHIC
                  
                  
                     NDC 83027-0052-1
                  
                  
                     BLOOD
                  
                  
                     LIQUESCENCE
                  
                  
                     4 FL. OZ (120 ml)"
cecd22b8-f365-4d7c-9306-a6430e33974e.xml,Allergies,"If symptoms persist or worsen, seek advice ofa veterinarian.
                  
                     
                     Keep out of reach of children.

Pour ½ measuring teaspoon into fresh water.
                  Dosage is for small, medium, and large dogs.

Other information
                  
                  
                     Tamper resistant for your protection.
                  
                  
                     Use only if safety seal is intact.
                  
                  This product has not been clinically tested.
                  Questions? Call 866.298.2740
                  King Bio, Inc. 3 Westside Drive
                  Asheville, NC 2806 USA
                  FDA Reg. #1053442
                  For the latest product information and instructions: www.DrKings.com

Keep out of reach of children.

Equal volumes of each HPUS** ingredient in 12X,30X, and 1LM potencies.
                  Adenosinum cyclophosphoricum, Adrenocorticotrophin (30X), Allium cepa, Ambrosia artemisiaefolia, Arsenicum album, Arum triphyllum, Arundo mauritanica, Cortisone aceticum, Euphrasia officinalis, Galphimia glauca, Histaminum hydrochloricum, Kali muriaticum, Naphthalinum, Natrum muriaticum, RNA, Sabadilla, Sulphur, and Wyethia helenioides.
                  
                  **“HPUS” indicates the active ingredients are in the official Homeopathic Pharmacopeia of the United States.

Uses for relief of allergy symptoms affecting the mucous membranes and skin
                  
                  
                     sneezing 
                     red, itchy eyes, ears, and nose
                     restlessness
                     congestion
                  
                  
                     scratching or excessive licking
                  
                  
                     itchy skin
                     allergic or fleabite dermatitis
                  
                  
                  
                     † as per various homeopathic materia medicas.Claims based on traditional homeopathic practice,not accepted medical evidence. These uses havenot been evaluated by the FDA, and product hasnot been clinically tested

Citric Acid, Potassium sorbate, and Purified Water.

Active ingredients                               Purpose †Equal volumes of each HPUS** ingredient in 12X,30X, and 1LM potencies.
                  Adenosinum cyclophosphoricum..............upset stomach 
                  Adrenocorticotrophin (30X) ..............difficult respiration 
                  Allium cepa .........................................nasal discharge
                  Ambrosia artemisiaefolia ...sneezing and water discharge
                  Arsenicum album ......................itching, swelling of skin 
                  Arum triphyllum ...................itching nose, profuse saliva 
                  Arundo mauritanica ..................scratching of head, ears 
                  Cortisone aceticum ............................dry skin and eyes  
                  Euphrasia officinalis ......................watery eyes and nose 
                  Galphimia glauca ......................................skin allergies 
                  Histaminum hydrochloricum ........................itching eyes 
                  Kali muriaticum ................................short, acute cough  
                  Naphthalinum ............................................restlessness 
                  Natrum muriaticum ....................................watery eyes 
                  RNA ...........................................infections around nails 
                  Sabadilla ................................inching anus, constipation 
                  Sulphur .......................................itching or burning skin 
                  Wyethia helenioides ............................congestion, cough
                  
                  
                  **“HPUS” indicates the active ingredients are inthe official Homeopathic Pharmacopeia of theUnited States."
34f4d856-6ed3-fd0b-e063-6294a90adf5a.xml,Boiron,"Active Ingredients** (in each pellet)
 
                  
                  Allium cepa 5C HPUS (0.07 mg)
                  Ambrosia artemisiaefolia 5C HPUS (0.07 mg)
                  Euphrasia officinalis 5C HPUS (0.07 mg)
                  Histaminum hydrochloricum 9C HPUS (0.07 mg)
                  Sabadilla 5C HPUS (0.07 mg) (contains less than 10-12 mg cevadine alkaloids)
                  Solidago vigaurea 5C HPUS (0.07 mg)
                  
                  The letters ""HPUS"" indicate that the components in this product are officially monographed in the Homeopathic Pharmacopoeia of the United States.

Purpose*
                  
                  
                  Relieves Allergy Symptoms: Sneezing, Runny Nose, Irritated Eyes, Itchy Throat

Uses*
                  
                  temporarily relieves these symptoms of hay fever or upper respiratory allergies:
                  
                     itchy and watery eyes
                     itchy throat and nose
                     sneezing
                     runny nose

Ask a doctor before use if you have a breathing problem or wheezing.  These could be signs of a serious condition.

Stop use and ask a doctor if symptoms persist continuously for more than 7 days or worsen.

If pregnant or breast-feeding, ask a health professional before use.

Keep out of reach of children. In case of overdose, get medical help or contact a Poison Control Center right away.

Adults and children 2 years of age and older: At the onset of symptoms, dissolve 5 pellets under the tongue every 15 minutes for 1 hour. Then, dissolve 5 pellets under the tongue 3 times a day until symptoms are relieved.
                     Children under 2 years of age: Ask a doctor.

do not use if glued carton end flaps are open or if pellet dispenser seal is broken
                     contains 0.25 g of sugar per dose
                  
                  
                  Multi-Symptom Allergy Relief*
                  
                  Year-Round Allergy Relief*
                  Non-Drowsy
                  
                  2 PORTABLE TUBES
                  APPROX. 80 PELLETS EACH
                  TOTAL 160 PELLETS
                  
                  Contains approx. 80 pellets, 3.8 g (0.13 oz)
                  Turn tube upside down, twist until 5 pellets are dispensed
                  Remove cap and pour pellets under the tongue
                  Do not use if pellet dispenser seal is broken.
                  
                  *CLAIMS BASED ON TRADITIONAL HOMEOPATHIC PRACTICE NOT ACCEPTED MEDICAL EVIDENCE. NOT FDA EVALUATED.
  
**C,K,CK, and X are homeopathic dilutions: see BoironUSA.com/info for details.

lactose, sucrose

1-800-264-7661
                  
                  
                  Made in France
                  
                  Distributed by
                  Boiron, Inc.
                  Newtown Square, PA 19073"
34694acc-0cb8-2b7a-e063-6294a90a87a5.xml,Jacksons Cell Salts MAG PHOS 6X8,"Magnesia phosphorica  6X

Magnesia phosphorica -- Muscle cramps

Temporarily relieves:
                  • muscle cramps

WARNINGS

Stop use and ask a doctor if:
 
                  
                     symptoms persist for more than 72 hours or worsen
                     new symptoms occur

If pregnant or breast-feeding ask a health professional before use

Keep out of reach of children.

*The letters “HPUS” indicate that these ingredients are officially monographed in the Homeopathic Pharmacopeia of the United States
                  
                  *CLAIMS BASED ON TRADITIONAL HOMEOPATHIC PRACTICE NOT ACCEPTED MEDICAL EVIDENCE. NOT FDA EVALUATED.
                  DO NOT USE IF TAMPER-EVIDENT SEAL IS BROKEN OR MISSING.
                  
                  JACKSONSNATURALS.COM

sucrose

Use as directed.
                     Adults and children 6 years and over: Dissolve 4 pellets under tongue 1-3 times per day.

Questions:

jacksonsnaturals.com or
                  faq@jacksonsnaturals.com"
a936d8f2-778e-4b50-ad1b-8e4143836444.xml,Multi-Strain Candida Relief,"Adults: 3 sprays 3 times per day. 
                     Children 6 - 12 years: 2 sprays 3 times per day.
                     Initially, depress pump until primed. 
                     Spray one dose directly into mouth.
                     Consult a physician for use in children under 6 years of age. 
                     Use additionally as needed, up to 6 times per day.

Other information
                  
                  
                     Tamper resistant for your protection.
                  
                  Use only if safety seal is intact.
                  Scan and discover Dr. King's FREE Videos and Home HealingTechniques to integrate with this product and optimize your healing experience.
                  King Bio, Inc. 3 Westside Drive
                  Asheville, NC 28806 USA
                  For latest product information and instructions: www.DrKings.com

Citric Acid, Potassium Sorbate, and Purified Water,

Equal volumes of each HPUS** ingredient in 12X,30X, and 1LM potencies.
                  Abies canadensis, Agaricus muscarius, Allium cepa, Allium sativum, Aloe, Antimonium crudum, Asafoetida, Borax, Candida albicans, Candida parapsilosis, Carpinus betulus, flos, Ignatia Amara, Lachesis mutus, Lycopodium clavatum, Malus Pumila, flos, Olea europaea, flos, Phosphoricum acidum, Phytolacca decandra, Pulsatilla, Sabadilla, Sticta pulmonaria, Sulphur and Thuja occidentalis.

Uses † temporarily relieves symptoms due to overgrowth of Candida albicans yeast:
                  █ yeast infections 
                  █ thrush 
                  █ nausea 
                  █ nail fungus 
                  █ constipation 
                  █ cravings 
                  █ headache 
                  █ itchy scalp 
                  █ fatigue 
                  █ diarrhea 
                  █ flatulence 
                  █ forgetfulness 
                  █ sleep

Stop use and consult a physician
                      if symptoms worsen orpersist for more than 7 days.
                  
                     If pregnant or breast-feeding, ask a healthcare professionalbefore use.

Keep out of reach of children.
                  
                  In case of overdose, get medical help or contact a Poison Control Center immediately.

Equal volumes of each HPUS** ingredient in 12X, 30X, and 1LM potencies.
                  Active ingredients                                  Purpose †
                  Abies canadensis................gnawing hunger, irritable, peculiar cravings, light-headedAgaricus muscarius ..................................................gastric disturbances, bloatingAllium cepa...........................................burning in mouth, throat, bladder, and skinAllium sativum.......................................................................constipation, cough
                  Aloe ........................................................................ .......headache, pain, nauseaAntimonium crudum .........................................ear ringing, pimples, coated tongueAsafoetida.......................................................alcohol cravings, bloating, flatulenceBorax ...................................................................... nervousness, intestinal upsetCandida albicans ................................................................yeast infections, thrushCandida parapsilosis.................................................nail fungus, spacey, itchy scalpCarpinus betulus, flos................................................................ fatigue, wearinessIgnatia amara.....................................................................changeable mood, rashLachesis mutus........................................melancholy, sleeplessness, food sensitivityLycopodium clavatum.................forgetfulness, drowsy, sensitive to odors, stress, fearMalus pumila, flos .................................................................. obsessive cleansingOlea europaea, flos............................................................... complete exhaustionPhosphoricum acidum.............................................nervous exhaustion, listlessnessPhytolacca decandra................................................................scaly scalp, dry skinPulsatilla .........................................overly emotional, chilliness, daytime sleepinessSabadilla..............................................................cravings for sweets and starchesSticta pulmonaria ..................................................... frothy stools, diarrhea, coughSulphur .............................................cravings for sweets, milk and sweets disagreeThuja occidentalis .............................................................GI irritation, brittle nails
                  **“HPUS” indicates the active ingredients are in the official HomeopathicPharmacopeia of the United States."
e52c68c0-f8c6-451c-8db6-4924fc39a730.xml,Natural Testosterone,"Agnus Castus 12X, Avena Sativa 3X, Damiana 6X, Epimedium Grandiflorum 3X, Lycopodium Clavatum 3X, Testosterone 8X.

Agnus Castus – low libido,** Avena Sativa – nervous tension,** Damiana – male hormonal support,** Epimedium Grandiflorum – erectile dysfunction,** Lycopodium Clavatum – low libido,** Testosterone – decrease sex drive**
                  **Claims based on traditional homeopathic practice, not accepted medical evidence. Not FDA evaluated.

For temporary relief of sexual debility from nervous prostration, for enhancing sexual function, nervous exhaustion causing lack of sexual desire.**
                  **Claims based on traditional homeopathic practice, not accepted medical evidence. Not FDA evaluated.

If pregnant or breast-feeding, ask a health care professional before use.
                  
                  
                     Keep out of reach of children. In case of overdose, get medical help or contact a Poison Control Center right away.
                  
                     Do not use if tamper evident seal is broken or missing.
                  
                  Store in a cool, dry place.

In case of overdose, get medical help or contact a Poison Control Center right away.

• Three sprays per day. Hold in mouth for two minutes.
                  • Consult a health care professional for use in children under 6 years of age.

Citric Acid, Demineralized Water, Ethanol 0.51%, Glycerin, Sodium Benzoate.

Distributed by:
                     
                  
                  BioActive Nutritional, Inc.
                  1803 N. Wickham Rd.
                  Melbourne, FL 32935
                  bioactivenutritional.com
                  
                     1-800-288-9525

BIOActive Nutritional
                  
                  
                     NATURAL
                  
                  
                     TESTOSTERONE
                  
                  
                     HOMEOPATHIC
                  
                  
                     1 FL OZ (30 ml)"
340502cf-12bd-b88a-e063-6294a90aa6bd.xml,Magnesite Viscum,"Directions: FOR ORAL USE.

Take the contents of one ampule under the tongue and hold for 30 seconds, then swallow.

Active Ingredients: Viscum Mali (Apple tree mistletoe) 5X, Apis (Honeybee) 6X, Funiculus umbilic. (Bovine umbilical cord) 6X, Hypophysis (Bovine pituitary gland) 6X, Mamma (Bovine mammary gland) 6X, Magnesite (Nat. magnesium carbonate) 8X

Inactive Ingredients: Water, Salt
                  
                  Prepared using rhythmical processes.

Use: Temporary relief of headache.

KEEP OUT OF REACH OF CHILDREN.

Warnings: Claims based on traditional homeopathic practice, not accepted medical evidence. Not FDA evaluated. Do not use if allergic to any ingredient. Consult a doctor before use for serious conditions or if conditions worsen or persist. If pregnant or nursing, consult a doctor before use.

Questions? Call 866.642.2858 Uriel, East Troy, WI 53120 www.urielpharmacy.com"
e4870daa-d5eb-4d5f-a0c9-5b99ce05114e.xml,Melatonin Forte,"Hypophysis Suis 8X, Hypothalamus 8X, Lithium Carbonicum 8X, Magnesia Carbonica 8X, Melatonin 6X, Nadidum 6X, Niacin 6X, Pineal 8X, Pyridoxinum Hydrochloricum 6X, Zincum Sulphuricum 6X.

Hypophysis Suis – heavy menses,** Hypothalamus – hormonal regulation,** Lithium Carbonicum - irritability,** Magnesia Carbonica – trouble sleeping,** Melatonin – difficulty sleeping,** Nadidum - fatigue,** Niacin - antioxidant,** Pineal – hormonal regulation,** Pyridoxinum Hydrochloricum – night sweats,** Zincum Sulphuricum – abdomen pain**
                  **Claims based on traditional homeopathic practice, not accepted medical evidence. Not FDA evaluated.

For temporary relief of imbalances in menstruation and ovulation, insomnia, dysmenorrhea and imbalance in menstrual cycle.**
                  **Claims based on traditional homeopathic practice, not accepted medical evidence. Not FDA evaluated.

If pregnant or breast-feeding, ask a health care professional before use.
                  
                     Keep out of reach of children.  In case of overdose, get medical help or contact a Poison Control Center right away.
                  Do not use if tamper evident seal is broken or missing.
                  Store in a cool, dry place.

• Three sprays per day.
                  • Hold in mouth for two minutes.

Citric Acid, Demineralized Water, Ethanol 0.32%, Glycerin, Sodium Benzoate.

In case of overdose, get medical help or contact a Poison Control Center right away.

Distributed by:
                     BioActive Nutritional, Inc.1803 N. Wickham Rd.Melbourne, FL 32935
                     bioactivenutritional.com
                  
                  
                     1-800-288-9525

BIOActive Nutritional
                  
                  
                     MELATONIN FORTE
                  
                  
                     HOMEOPATHIC
                  
                  
                     1 FL OZ (30 ml)"
352c320f-ca9a-4f50-e063-6394a90a5a14.xml,Nux vomica 30C - 3-Pack,"HOMEOPATHIC DILUTION OF NUX VOMICA 30c

Indigestion & nausea associated with overindulgence*
                  *Claims based on traditional homeopathic practice, not accepted medical evidence. Not FDA evaluated.

(adults/children) Dissolve 5 pellets under the tongue 3 times a day until symptoms are relieved or as directed by a physician.

Condition listed above or as directed by a physician.

Stop use and ask a physician if symptoms persist for more than 3 days or worsen.

If pregnant or breast-feeding, ask a health professional before use.

Keep out of reach of children.

Store at room temperature.

Do not use if pellet-dispenser seal is broken.

Sucrose.

info@ollois.com * www.ollois.com * MADE IN FRANCE. NOT REVIEWED BY THE FDA AND NOT GUARANTEED TO BE EFFECTIVE. THIS HOMEOPATHIC DILUTION MAY NOT BE SUSEPTIBLE TO SCIENTIFIC MEASUREMENT."
340b17ff-c012-b5e1-e063-6294a90aa39d.xml,CITRIC ACID MONOHYDRATE,"Relieves congestion, runny nose, sore throat, sneezing, cough, post nasal drip and occasional sleeplessness

DAYTIME

Drug Facts

Active ingredients
                                             
                                          
                                       
                                       
                                          
                                             
                                                Purpose
                                             
                                          
                                       
                                    
                                    
                                       
                                          Allium Cepa 6X HPUS
                                       
                                       
                                          watery/runny nose, cold, hacking cough, painful throat
                                       
                                    
                                    
                                       
                                          Hepar Sulph Calc 12X HPUS
                                       
                                       
                                          cold, sneezing
                                       
                                    
                                    
                                       
                                          Hydrastis 6X HPUS
                                       
                                       
                                          rattling/tickling cough, sinus congestion, dry/raw/sore throat
                                       
                                    
                                    
                                       
                                          Natrum Muriaticum 6X HPUS
                                       
                                       
                                          dry cough, sore throat
                                       
                                    
                                    
                                       
                                          Phosphorus 12X HPUS
                                       
                                       
                                          hoarse/dry cough, nasal congestion, chest congestion
                                       
                                    
                                    
                                       
                                          Pulsatilla 6X HPUS
                                       
                                       
                                          moist cough, cold, post nasal drip
                                       
                                    
                                    
                                       
                                          Sulphur 12X HPUS
                                       
                                       
                                          chest congestion, nasal congestion, sneezing, runny nose

""HPUS"" indicates that the active ingredients are in the official Homeopathic Pharmacopoeia of the United States.

Uses

■ Temporarily relieves symptoms of common cold
  
         
 
  
in children, including:
  
         
 
  
■ runny nose ■ sore throat ■ sneezing
  
         
 
  
■ cough         ■ post nasal drip
  
         
 
  
■ nasal or chest congestion

Warnings

Sore throat warning: If sore throat is severe, persists for more than 2 days, is accompanied or followed by fever, headache,
  
         
 
  
rash, nausea, or vomiting, consult a doctor promptly.

Ask a doctor before use if you have: ■ persistent or chronic cough such as smoking, asthma, chronic bronchitis or emphysema. A persistent cough may be a sign of a serious condition. ■ cough that is accompanied by excessive phlegm (mucus).

Stop use and ask a doctor if: ■ symptoms persist for more than 7 days or worsen. ■ inflammation, fever or infection is present or develops. ■ cough tends to recur or is accompanied by a fever, rash or persistent headache.

If pregnant or breastfeeding, ask a health professional before use.

Keep out of reach of children.

Directions

■ Use as directed. ■ Do not refrigerate. ■ Shake well before
  
         
 
  
using. ■ Measure only with the dosing cup provided. ■ Do not use
  
         
 
  
dosing cup with other products. ■ On dosing cup, mL = milliliter.
 
        

 
                        
                        
                           
                              
                                 Children 2 years
     
            
    
     
			to under 6 years
    
           
   
    
                                 5 mL up to 6 times per day
     
            
    
     
			(every 4 hours).
    
           
   
    
                              
                              
                                 Children 6 years
     
            
    
     
			to under 12 years
    
           
   
    
                                 10 mL up to 6 times per day
     
            
    
     
			(every 4 hours).
    
           
   
    
                              
                              
                                 Adults and children
     
            
    
     
			12 years and over
    
           
   
    
                                 15 mL up to 6 times per day
     
            
    
     
			(every 4 hours).

Inactive ingredients

Citric Acid, Glycerine, Glycyrrhiza Extract, Natural Grape Flavor, Purified Water, Sodium Benzoate.

NIGHTTIME

Drug Facts

Active ingredients
                                             
                                          
                                       
                                       
                                          
                                             
                                                Purpose
                                             
                                          
                                       
                                    
                                    
                                       
                                          Allium Cepa 6X HPUS
                                       
                                       
                                          watery/runny nose, cold, hacking cough, painful throat
                                       
                                    
                                    
                                       
                                          Chamomilla 6X HPUS
                                       
                                       
                                          occasional sleeplessness
                                       
                                    
                                    
                                       
                                          Coffea Cruda 6X HPUS
                                       
                                       
                                          occasional sleeplessness
                                       
                                    
                                    
                                       
                                          Hepar Sulph Calc 12X HPUS
                                       
                                       
                                          cold, sneezing
                                       
                                    
                                    
                                       
                                          Hydrastis 6X HPUS
                                       
                                       
                                          rattling/tickling cough, sinus congestion, dry/raw/sore throat
                                       
                                    
                                    
                                       
                                          Natrum Muriaticum 6X HPUS
                                       
                                       
                                          dry cough, sore throat
                                       
                                    
                                    
                                       
                                          Phosphorus 12X HPUS
                                       
                                       
                                          hoarse/dry cough, nasal congestion, chest congestion
                                       
                                    
                                    
                                       
                                          Pulsatilla 6X HPUS
                                       
                                       
                                          moist cough, cold, post nasal drip
                                       
                                    
                                    
                                       
                                          Sulphur 12X HPUS
                                       
                                       
                                          chest congestion, nasal congestion, sneezing, runny nose

HPUS"" indicates that the active ingredients are in the official Homeopathic Pharmacopoeia of the United States.

Uses

■ Temporarily relieves symptoms of common cold
  
         
 
  
in children at night, including:
  
         
 
  
■ cough ■ runny nose ■ post nasal drip
  
         
 
  
■ sneezing ■ nasal or chest congestion
  
         
 
  
■ sore throat ■ occasional sleeplessness

Warnings

Sore throat warning: If sore throat is severe, persists for more than 2 days, is accompanied or followed by fever, headache,
  
         
 
  
rash, nausea, or vomiting, consult a doctor promptly.

Ask a doctor before use if you have: ■ persistent or chronic cough such as smoking, asthma, chronic bronchitis or emphysema. A persistent cough may be a sign of a serious condition. ■ cough that is accompanied by excessive phlegm (mucus).

Stop use and ask a doctor if: ■ symptoms persist for more than 7 days or worsen. ■ inflammation, fever or infection is present or develops. ■ cough tends to recur or is accompanied by a fever, rash or persistent headache.

If pregnant or breastfeeding, ask a health professional before use.

Keep out of reach of children.

Directions

■ Use as directed. ■ Do not refrigerate. ■ Shake well before
  
         
 
  
using. ■ Measure only with the dosing cup provided. ■ Do not use
  
         
 
  
dosing cup with other products. ■ On dosing cup, mL = milliliter.
 
        

 
                        
                        
                           
                              
                                 Children 2 years
     
            
    
     
			to under 6 years
    
           
   
    
                                 5 mL at bedtime and every 4 hours
     
            
    
     
			during the night until relieved.
    
           
   
    
                              
                              
                                 Children 6 years
     
            
    
     
			to under 12 years
    
           
   
    
                                 10 mL at bedtime and every 4 hours
     
            
    
     
			during the night until relieved.
    
           
   
    
                              
                              
                                 Adults and children
     
            
    
     
			12 years and over
    
           
   
    
                                 15 mL at bedtime and every 4 hours
     
            
    
     
			during the night until relieved.

Inactive ingredients

Citric Acid, Glycerine, Glycyrrhiza Extract, Natural Grape Flavor, Purified Water, Sodium Benzoate.

Questions?

(800) 624-9659

*CLAIMS BASED ON TRADITIONAL HOMEOPATHIC PRACTICE, NOT ACCEPTED MEDICAL EVIDENCE. NOT FDA EVALUATED.

DO NOT USE IF TAMPER-EVIDENT SEAL IS BROKEN OR MISSING.

update:
                  
                  Uses
                  
                     Temporarily relieves symptoms of common cold in children, including:
                     runny nose 
                     sore throat
                     sneezing
                     cough 
                     post nasal drip
                     nasal or chest congestion

Directions
                     
                  
                  
                  
                     5 mL up to 6 times per day
                  
                  (every 4 hours)
                  
                  
                     10 mL up to 6 times per day
                  
                  (every 4 hours)
                  
                  
                     15 mL up to 6 times per day
                  
                  (every 4 hours)

Hyland's
                  
                  
                     •KIDS•
                  
                  
                     Cold & Cough
                  
                  COMBO PACK
                  NO ALCOHOL, SUGAR,
                  PARABENS or DYES
                  
                     DAYTIME
                  
                  Congestion
                  Runny Nose
                  Sore Throat
                  Cough
                  Post Nasal
                  Drip
                  
                     NIGHTTIME
                  
                  Sleeplessness
                  Congestion
                  Runny Nose
                  Sore Throat
                  Cough
                  Post Nasal
                  Drip
                  
                     2-12 YEARS
                  
                  
                     NATURAL
                  
                  
                     GRAPE FLAVOR
                  
                  
                     TWO - 4 FL. OZ. (118 mL) Bottles (1 Day, 1 Night) | TOTAL 8 FL. OZ. (236 ML)
                  
                  HOMEOPATHIC"
352bf2f7-a0e9-3be3-e063-6394a90ab028.xml,ARNICA MONTANA  30C - 3-PACK,"HOMEOPATHIC DILUTION OF ARNICA MONTANA 30c

Pain from muscle soreness, stiffness, swelling - bruises*
                  *Claims based on traditional homeopathic practice, not accepted medical evidence. Not FDA evaluated.

(adults/children) Dissolve 5 pellets under the tongue 3 times a day until symptoms are relieved or as directed by a physician.

Condition listed above or as directed by a physician.

Stop use and ask a physician if symptoms persist for more than 3 days or worsen.

If pregnant or breast-feeding, ask a health professional before use.

Keep out of reach of children.

Store at room temperature.

Do not use if pellet-dispenser seal is broken.

Sucrose.

info@ollois.com * www.ollois.com * MADE IN FRANCE. NOT REVIEWED BY THE FDA AND NOT GUARANTEED TO BE EFFECTIVE. THIS HOMEOPATHIC DILUTION MAY NOT BE SUSEPTIBLE TO SCIENTIFIC MEASUREMENT."
3404ba66-c985-6dd0-e063-6294a90a11eb.xml,Magnesium sulf. Bryonia,"Directions: FOR ORAL USE.

Take the contents of one ampule under the tongue and hold for 30 seconds, then swallow.

Inactive Ingredients: Water, Salt, Lactose
                  Prepared using rhythmical processes.

Use: Temporary relief of headache.

KEEP OUT OF REACH OF CHILDREN.

Warnings: Claims based on traditional homeopathic practice, not accepted medical evidence. Not FDA evaluated. Do not use if allergic to any ingredient. Contains traces of lactose. Consult a doctor before use for serious conditions or if conditions worsen or persist. If pregnant or nursing, consult a doctor before use.

Questions? Call 866.642.2858
  
Uriel, East Troy, WI 53120
  
shopuriel.com  Lot:

Active Ingredients: Arnica 3X, Bryonia (White bryony) 4X, Apis (Honeybee) 5X, Vespa crabro (Hornet) 5X, Funiculus umbil. (Bovine umbilical cord) 6X, Hypophysis (Bovine pituitary gland) 6X, Magnes. sulf. (Magnesium sulfate) 6X, Ovaria (Bovine ovaries) 6X, Viscum album (Mali) (apple tree mistletoe) 6X, Stannum met. (Metallic tin) 10X"
3467dac6-887f-3677-e063-6294a90a21bb.xml,Jacksons Cell Salts KALI PHOS 6X10,"Kali phosphoricum 6X

Kali phosphoricum - Simple nervous tension

Temporarily relieves:
                  • simple nervous tension

WARNINGS

Stop use and ask a doctor if:
 
                  
                     symptoms persist for more than 72 hours or worsen
                     new symptoms occur

If pregnant or breast-feeding ask a health professional before use

Keep out of reach of children.

*The letters “HPUS” indicate that these ingredients are officially monographed in the Homeopathic Pharmacopeia of the United States
                  
                  *CLAIMS BASED ON TRADITIONAL HOMEOPATHIC PRACTICE NOT ACCEPTED MEDICAL EVIDENCE. NOT FDA EVALUATED.
                  DO NOT USE IF TAMPER-EVIDENT SEAL IS BROKEN OR MISSING.
                  
                  JACKSONSNATURALS.COM

sucrose

Use as directed.
                     Adults and children 6 years and over: Dissolve 4 pellets under tongue 1-3 times per day.

Questions:

jacksonsnaturals.com or
                  faq@jacksonsnaturals.com"
295ea3ec-7e83-4c0f-bef6-3083376f5913.xml,Apnetem,"Adenosinum Cyclophosphoricum 9X, 30C, 200C HPUS, Alumen 6X, 30C, 200C HPUS, Alumina 12X, 30C HPUS, Antimonium Tartaricum 9X, 30C, 200C HPUS, Antipyrinum 18X, 30C, 200C HPUS, Coenzyme A 12C, 30C, 200C HPUS, Cuprum Metallicum 12X, 30C HPUS, Grindelia 9X, 30C, 200C HPUS, Lachesis Mutus 12X, 30C, 200C HPUS, Lycopodium Clavatum 13X, 200C HPUS, Manganum Phosphoricum 15X, 30C HPUS, Phosphoricum Acidum 6X, 30C HPUS, Phosphorus 9X, 30C HPUS, Rheum (Palmatum) 12X, 30C, 200C HPUS, Sabadilla 9X, 30C, 200C HPUS, Sanguinarinum Nitricum 12X, 30C HPUS, Senega Officinalis 9X, 30C HPUS, Silicea 12X, 30C HPUS, Zincum Metallicum 12X, 30C, 200C HPUS.

Adenosinum Cyclophosphoricum – For temporary relief of insomnia, Alumen – For temporary relief of throat pain, Alumina – For temporary relief of fatigue, Antimonium Tartaricum – For temporary relief of dry mouth, Antipyrinum – For temporary relief of fatigue, Coenzyme A – For energy, Cuprum Metallicum – For temporary relief of dry mouth, Grindelia – For temporary relief of eye pain, Lachesis Mutus – For temporary relief of disordered sleep, Lycopodium Clavatum – For temporary relief of abnormal sleep, Manganum Phosphoricum – For temporary relief of sore throat, Phosphoricum Acidum – For temporary relief of debility, Phosphorus – For temporary relief of sleep disturbance, Rheum (Palmatum) – For temporary relief of dizziness, Sabadilla – For temporary relief of allergy, Sanguinarinum Nitricum – For temporary relief of nasal drip, Senega Officinalis – For temporary relief of cough, Silicea – For temporary relief of body ache, Zincum Metallicum – For temporary relief of weak memory

Temporarily alleviates symptoms of sleep disorders.
                  These ""uses"" have not been evaluated by the Food and Drug Administration.

As with any drug, ask a doctor before use if pregnant or nursing. Warning - Severe or persistent sore throat or sore throat accompanied by high fever, headache, nausea, and vomiting may be serious. Consult physicians promptly. Do not use more than 2 days or administer to children under 3 years of age unless directed by physician.
                  
                     Keep this and all medications out of the reach of children.
                  
                  
                     In case of accidental overdose, contact a medical professional or poison control center immediately.

Do not use if seal is broken or missing. This product does not contain sugar, starch, preservatives, artificial flavors or additives, and no wheat, gluten, soy, or milk derivatives.

In case of accidental overdose, contact a medical professional or poison control center immediately.

Adults and Children 12 years of age and older: Take one full eyedropper twice a day to help alleviate symptoms of sleep disorders. Under 12 years of age: Consult a physician.

20% organic ethanol, purified water

Call weekdays 9am-5pm (918)791-1727
                  
                  
                     Distributed by:
                     
                     Nucleic Products, LLC
                  
                  
                     PO Box 7148 Grove, OK 74344

NDC: 75053-0008-1
                  
                  
                     Nu cleic
                  
                  
                     Apnetem
                  
                  
                     Temperare Regulation Series
                  
                  
                     Homeopathic Medicine
                  
                  For Professional Use Only
                  
                     4 fl oz. (118 ml)"
787bc0d6-e847-4983-b9eb-e1bbba4c7c9c.xml,GI Clear P,"(in each drop): 20% of Arsenicum Album 10X, Baptisia Tinctoria 10X, Lachesis Mutus 10X, Pulsatilla (Pratensis) 10X, Rhus Tox 10X.

May temporarily relieve nausea, diarrhea, abdominal cramping, gas, bloatin, dehydration, and fever.**
                  **Claims based on traditional homeopathic practice, not accepted medical evidence. Not FDA evaluated.

If pregnant or breast-feeding, ask a health professional before use.
                  
                     Keep out of reach of children. In case of overdose, get medical help or contact a Poison Control Center right away.
                  Do not use if tamper evident seal is broken or missing. Store in a cool, dry place.

Keep out of reach of children. In case of overdose, get medical help or contact a Poison Control Center right away.

Adults and children 5 to 10 drops orally, 3 times daily or as otherwise directed by a health care professional. If symptoms persist for more than 2 days, consult your health care professional. Consult a physician for use in children under 12 years of age.

May temporarily relieve nausea, diarrhea, abdominal cramping, gas, bloatin, dehydration, and fever.**
                  **Claims based on traditional homeopathic practice, not accepted medical evidence. Not FDA evaluated.

Demineralized water, 20% Ethanol.

Dist. by Energique, Inc.
                  201 Apple Blvd
                  Woodbine, IA 51579 800.869.8078

ENERGIQUE
                  
                  SINCE 1987
                  
                     HOMEOPATHIC REMEDY
                  
                  
                     GI CLEAR P
                  
                  
                     2 fl. oz. (60 ml)"
abb0cbbe-e25f-453e-892e-8b51f6832406.xml,Viri Sode,"Cytomegalovirus Nosode 16X, Herpes Simplex I Nosode 16X, Herpes Simplex II Nosode 16, Influenzinum 16X, Rubella Nosode 16X, Hepatitis A Nosode 30X, Hepatitis B Nosode 30X, Hepatitis C Nosode 30X, Epstein Barr Virus Nosode 15C, Herpes Zoster Nosode 15C.

Aids in temporary relief of symptoms including fatigue, occasional headaches, sweats, chills, runny nose, and minor aches of muscles and joints.†
                  †Claims based on traditional homeopathic practice, not accepted medical evidence. Not FDA evaluated.

Professional Use Only
                  
                  
                     If pregnant or breast-feeding, ask a health professional before use.
                  In case of overdose, get medical help or contact a Poison Control Center right away.
                  If condition worsens, seek medical attention.
                  
                     KEEP OUT OF REACH OF CHILDREN
                  
                  
                     Do not use if tamper evident seal is broken or missing.
                  
                  
                     Store in a cool place after opening

In case of overdose, get medical help or contact a Poison Control Center right away.

Adults: 2 to 3 sprays orally, three times daily. Children under twelve one half adult dosage.
                   For high sensitive individuals: best tolerated administration is through imbrication (RUBBING IN) on skin at pulse points or abdomen.
                  Do not take within 15 minutes of consuming food, beverage or brushing teeth. Consult a physician for use in children under 12 years of age.

Aids in temporary relief of symptoms including fatigue, occasional headaches, sweats, chills, runny nose, and minor aches of muscles and joints.†
                  †Claims based on traditional homeopathic practice, not accepted medical evidence. Not FDA evaluated.

Alcohol USP 20%, Purified Water USP.

MANUFACTURED EXCLUSIVELY FOR
                  
                  
                     NUTRITIONAL SPECIALTIES, INC.
                  
                  
                     PO BOX 97227
                  
                  
                     PITTSBURG, PA 15229
                  
                  
                     www.phpltd.com

Professional
                  
                  
                     Health Products
                  
                  
                     HOMEOPATHIC
                  
                  
                     NDC 83027-0070-1
                  
                  
                     VIRI-SODE
                  
                  2 FL. OZ (60 ml)"
34019bd1-8a21-1522-e063-6394a90a5f3c.xml,Purple Dandruff Conditioner,"CETEARYL ALCOHOL

exclusive purple conditioner effectively inhibits the growth of scalp fungi

Keep out of the reach of children

After washing your hair,apply the conditioner evenly to your hair until your hair is wrapped in the conditioner,

CAUTION:For external use only

Size:16.91 fl oz/500ml

CETYL ALCOHOL,AMINOETHYLAMINOPROPYL DIMETHICONE,
  
CETEARTRIMONIUM CHLORIDE,GLYCERIN,CYCLOPENTASILOXANE,
  
DIMETHICONOL,FRAGRANCE,BEHENTRIMONIUM CHLORIDE,
  
HYDROXYETHYLCELLULOSE,CITRIC ACID,UTYROSPERMUM PARKII(SHEA)FRUIT EXTRACT,
  
ROSMARINUS OFFICINALIS ROSEMARY) EXTRACT,PANAX GINSENG ROOT EXTRACT,
  
CAFFEINE"
34a33db8-7003-aa88-e063-6294a90a76b8.xml,Arnica Montana,"Arnica montana......6C HPUS

Arnica montana.......6C HPUS*......anti-inflammatory
                  *The letters ""HPUS"" indicate that the components in this product are officially monographed in the Homeopathic Pharmacopoeia of the United States. C is a homeopathic dilution. See www.nartexlabsusa.com for more information. Active ingredients are preparaed in accordance with the Homeopathic Pharmacopoeia of the United States, and are therefore non-toxic and have no known side effects.

For the temporary relief of:
                  
                     sore muscles
                     bruises
                     sprains
                  
                  as per homeopathic materia medica
                  Product uses are based on Homeopathic Materia Medica.  These ""Uses"" have not been evaluated by the Food and Drug Adminsitration.  This product has not been clinically tested by Nartex Labs USA, Inc.

Do not use if you have an allergy or hypersensitivity to the components of the formula.

Stop use and ask a physician if:
                  
                  
                     condition worsens
                     if symptoms persist for more than 7 days or clear up and occur again within a few days
                     rash develops

If pregnant or breast feeding, consult a health professional.

Keep out of reach of children. If swallowed, get medical help or contact a Poison Control Center right away.

Directions
                  
                  
                     adults and children over 4 years of age: take 3 pellets orally every 6 hours
                     children under 4 years of age: consult a physician
                     dissolve slowly in mouth

Store in a cool and dry place

Sucrose

Questions or comments?
                     informacion@nartexlabs.com or call 1-877-248-1970 between 9am and 5pm CST

Product claims are based on Homeopathic Materia Medica.  This product has not been clinically tested by Nartex.
                  
                  Keep carton.  It contains important information.
                  
                  For you protection, this bottle has a seal around the neck.  Attention: do not use if the neck seal is broken.  
                  
                  This product is HOMEOPATHIC. Its claims and efficacy are based on homeopathic research and clinical experience. This product has not been evaluated for efficacy by FDA with the same rules and procedures as those for other non-homeopathic drugs. For more information on homeopathiy visit www.nartexlabsusa.com before using this product.

Distributed by:
                  Nartex Labs USA, Inc.
                  11711 Memorial Dr. #685
                  Houston TX 77024
                  www.nartexlabsusa.com

NDC 34666-091-50
                  
                  
                     Arnica
                  
                  
                     Nartex
                  
                  
                  Pellets
                  
                  For Sore muscles and bruises*
                  
                     Homepthatic
                  
                  
                  *Based on Homeopathic Materia Medica
                  
                     Arnica
                  
                  
                     Nartex
                  
                  
                  Directions
                  3 pellets orally every 6 hours**
                  **See Directions at the Back
                  150 pellets"
4d45ca3f-33e3-455c-89c4-1c9a4025a617.xml,Skin Liquescence,"(in each teaspoon) Angelica Archangelica 3X, Berberis Aquifolium 3X, Berberis Vulgaris 3X, Equisetum Arvense 3X, Geranium Maculatum 3X, Graphites 16X, Human Growth Hormone (HGH) 12X, Hypericum Perforatum 10X, Iris Versicolor 4X, Mercurius Solubilis 12X, Myrrha 3X, Nux Vomica 8X, Petroleum 12X, Thuja Occidentalis 6X.

Angelica Archangelica – Skin Support,† Berberis Aquifolium – Acne, Pimples, and Eruptions, † Berberis Vulgaris – Skin Support, † Equisetum Arvense – Sin Support, † Geranium Maculatum – Rashes, Eczema, and Acne,† Graphites – Skin Disorders, Scars, and Eczema, † Human Growth Hormone (HGH) – Dry Skin, Wrinkles, and Cellulite, † Hypericum Perforatum – Acne, Eczema, and Dermatitis, † Iris Versicolor – Acne, Eczema, and Skin Support, † Mercurius Solubilis – Itching, Eruptions, and Moist Eczema, † Myrrha – Skin Support, † Nux Vomica – Acne and Hives, † Petroleum – Skin Disorders, Eczema, and Chapped or Cracked Skin, † Thuja Occidentalis – Skin Support †
                  †Claims based on traditional homeopathic practice, not accepted medical evidence. Not FDA evaluated.

Provides potentized homeo-nutritional support of the Skin.†
                  †Claims based on traditional homeopathic practice, not accepted medical evidence. Not FDA evaluated.

If pregnant or breast-feeding,
                      ask a health professional before use.
                  
                  In case of overdose, get medical help or contact a Poison Control Center right away.
                  If condition worsens, seek medical attention.
                  
                     KEEP OUT OF REACH OF CHILDREN
                  
                  
                     Do not use if tamper evident seal is broken or missing.
                  
                  Store in a cool place after opening

In case of overdose, get medical help or contact a Poison Control Center right away.

• Adults: 1 to 2 teaspoons, one to two times daily. Children under twelve one half adult dosage.
                   Consult a physician for use in children under 12 years of age.

Alcohol USP 20%, Purified Water USP.

MANUFACTURED EXCLUSIVELY FOR
                  
                  
                     NUTRITIONAL SPECIALTIES, INC.
                  
                  
                     PO BOX 97227
                  
                  
                     PITTSBURG, PA 15229
                  
                  
                     www.phpltd.com
                  
                  
                     1-800-245-1313

Professional
                  
                  
                     Health Products
                  
                  
                     HOMEOPATHIC
                  
                  
                     NDC 83027-0054-1
                  
                  
                     SKIN 
                     LIQUESCENCE
                  
                  
                     4 FL. OZ (120 ml)"
2715520e-246a-4160-b71b-cc2a81d8e37f.xml,Shame,"Adrenalinum 6X, 12X, 30X, Agnus Castus 12X, Aloe 8X, Ambra Grisea 6X, 12X, 30X, Aurum Muriaticum Natronatum 12X, Baryta Carbonica 12X, Calcarea Iodata 12X, Candida Albicans 12X, 18X, 30X, Cerebrum Suis 8X, Cinchona Officinalis 12X, Digitalis Purpurea 12X, Hypothalamus Suis 8X, Ignatia Amara 12X, Lac Defloratum 6X, 12X, 30X, Lycopodium Clavatum 12X, Natrum Muriaticum 6X, Rhus Glabra 12X, Saccharum Officinale 30X, Serotonin (Hydrochloride) 6X, 12X, 30X, Staphysagria 12X, Thuja Occidentalis 6X, 12X, 30X.

Adrenalinum – Self-Consciousness, Agnus Castus - Shame, Aloe - Embarrassment, Ambra Grisea - Embarrassment, Aurum Muriaticum Natronatum – Lack of Confidence, Baryta Carbonica - Worthlessness, Calcarea Iodata – Fear of Failure, Candida Albicans - Guilt, Cerebrum Suis – Avoiding Attention, Cinchona Officinalis – Excessive Apologizing, Digitalis Purpurea - Shame, Hypothalamus Suis – Lack of Confidence, Ignatia Amara – Fear of Strangers, Lac Defloratum - Hiding, Lycopodium Clavatum – Fear of Failure, Natrum Muriaticum – Avoiding Attention, Rhus Glabra – Poor Eye Contact, Saccharum Officinale - Worthlessness, Serotonin (Hydrochloride) - Guilt, Staphysagria - Embarrassment, Thuja Occidentalis - Embarrassment

• For the temporary relief of symptoms including:• self-consciousness • shame • embarrassment • fear of strangers • lack of confidence • worthlessness 
                  •guilt • avoiding attention • hiding • excessive apologizing • fear of failure • poor eye contact
                  These statements are based upon homeopathic principles. They have not been reviewed by the Food and Drug Administration.

If pregnant or breastfeeding, ask a health professional before use.
                  
                     Keep out of reach of children. In case of overdose, contact a physician or Poison Control Center right away.
                  
                     Tamper Evident: Sealed for your protection. Do not use if seal is broken or missing.

In case of overdose, contact a physician or Poison Control Center right away.

1-10 drops under the tongue, 3 times a day or as directed by a health professional. Consult a physician for use in children under 12 years of age.

Demineralized water, 25% ethanol

Dist. By: Deseret Biologicals, Inc.
                  469 W. Parkland Drive
                  Sandy, UT 84070
                  www.desbio.co
                  800-827-8204

Shame
                  
                  
                     Homeopathic
                  
                  
                     NDC 43742-2276-1
                  
                  
                     1 FL OZ (30 ml)"
34f681d0-dc1c-baf8-e063-6394a90ab509.xml,Boiron,"Active ingredients**
                  
                  
                  Arnica montana 1X HPUS 7%
                  Harpagophytum 1X HPUS 3%
                  
                  The letters ""HPUS"" indicate that the components in this product are officially monographed in the Homeopathic Pharmacopoeia of the United States.

Purpose*
                  
                  
                  
                  Arnica montana 1X HPUS 7% ... Relieves minor muscle pain and stiffness, discoloration from bruises
                  Harpagophytum 1X HPUS 3% ... Relieves minor joint discomfort and stiffness

Uses*
                  
                  
                  
                  temporarily relieves minor joint and muscle pain and stiffness due to:
                  
                  arthritis
  
minor injuries
  
overexertion
  
falls
  
repetitive motions

For external use only.

if you are allergic to Arnica montana, Harpagophytum or to any of this product's inactive ingredients
                     with other topical products for pain

avoid contact with eyes, mucous membranes, wounds, damaged or irritated skin
                     use only as directed
                     dryness or irritation may occur
                     do not tightly wrap or bandage the treated area
                     do not apply heat or ice to the treated area immediately before or after use

Stop use and ask a doctor if
                  
                  
                     
                        ​conditions persists for more than 7 days or worsens
  
                     symptoms clear up and occur again within a few days

If pregnant or breast-feeding, ask a health professional before use.

Keep out of reach of children. If swallowed, get medical help or contact a Poison Control Center right away.

Directions
                  
                  
                  
                  
                     Adults and children 12 years of age and older: Apply a thin layer of Arnicare Arthritis to affected area as soon as possible at the onset of symptoms up to 4 times a day. If heat or ice is applied, wait 5 minutes before applying Arnicare Arthritis.
                     Children under 12 years of age: Ask a doctor.

do not use if glued carton end flaps are open or if the tube seal is broken
                     store below 77° F (25° C)
                     do not use if pouch is torn or open
                     dispose of 1 day after opening

acrylamide/sodium acryloyldimethyltaurate copolymer , alcohol, chlorhexidine digluconate, glycerin, isohexadecane, polysorbate 80, purified water, sorbitan oleate, sweet almond oil

Questions or comments?
                  
                  
                  
                     Arnicare.com
                  
                  
                     BoironUSA.com
                  
                  
                     Info@Boiron.com
                  
                  
                     1-800-BOIRON-1 (1-800-264-7661)
 
                  
                  Made in France
                  Distributed by Boiron, Inc.
                  Newtown Square, PA 19073

0.18 oz (5 g)
                  0.5 oz (14 g)
                  2.5 oz (70 g)
                  4.2 oz (120 g)
                  
                  Joint & Arthritis Pain Relief*
                  Quickly-Absorbed
                  Fragrance-Free
                  No Known Drug Interactions
                  Dual Action Pain Relief*
                  4.2 oz (120g) Pump:
                  HOW TO OPEN
                  1 Pull to remove safety clip from pump.
                  2 Twist top clockwise to open.
                  3 Pump until cream dispense.
                  
                  
                  
                  *CLAIMS BASED ON TRADITIONAL HOMEOPATHIC PRACTICE NOT ACCEPTED MEDICAL EVIDENCE. NOT FDA EVALUATED.
  
**C,K,CK, and X are homeopathic dilutions: see BoironUSA.com/info for details."
cc3cb20c-7011-41e1-b597-2c91e31be61e.xml,GLP Support,"Abies Nigra 6X, Abrotanum (Artemisia Abrotanum) 12X, Antimonium Crudum 12X, Bryonia (Alba) 12X, Calcarea Phosphorica 12X, Cantharis 12X, Carduus Marianus 6X, Chelidonium Majus 6X, Cinchona Officinalis 12X, Fel Tauri 8X, Iris Versicolor 12X, Ledum Palustre 6X, 12X, 30X, Lycopodium Clavatum 6X, Nux Vomica 12X, 18X, 30X, Pancreas Suis 8X, Phosphorus 12X, Secale Cornutum 12X.

Abies Nigra – Stomach Support, Abrotanum (Artemisia Abrotanum) – Gallbladder Support, Antimonium Crudum – Pancreas Support, Bryonia (Alba) - Nausea, Calcarea Phosphorica - Vomiting, Cantharis – Occasional Diarrhea, Carduus Marianus – Occasional Constipation, Chelidonium Majus - Heartburn, Cinchona Officinalis – Loss of Appetite, Fel Tauri – Abdominal Discomfort, Iris Versicolor - Bloating, Ledum Palustre - Flatulence, Lycopodium Clavatum - Bloating, Nux Vomica - Heartburn, Pancreas Suis – Pancreas Support, Phosphorus - Headache, Secale Cornutum – Loss of Appetite

• For the temporary relief of symptoms including:• stomach support • gallbladder support • pancreas support • nausea • vomiting 
                  
                  
                     • occasional diarrhea • occasional constipation
                     • heartburn • loss of appetite 
                  
                  
                     • abdominal discomfort • bloating • flatulence • headache
                  
                  
                     These statements are based upon homeopathic principles. They have not been reviewed by the Food and Drug Administration.

If pregnant or breastfeeding, ask a health professional before use.
                  
                     Keep out of reach of children. In case of overdose, contact a physician or Poison Control Center right away.
                  
                     Tamper Evident: Sealed for your protection. Do not use if seal is broken or missing.

In case of overdose, contact a physician or Poison Control Center right away.

1-10 drops under the tongue, 3 times a day or as directed by a health professional. Consult a physician for use in children under 12 years of age.

Demineralized water, 25% ethanol

Dist. By: Deseret Biologicals, Inc.
                  469 W. Parkland Drive
                  Sandy, UT 84070
                  www.desbio.co
                  800-827-8204

DesBio
                  
                  
                     GLP Support
                  
                  
                     Homeopathic
                  
                  
                     NDC 43742-2263-1
                  
                  
                     1 FL OZ (30 ml)"
351de081-5f47-ccfb-e063-6394a90a766d.xml,MARS WELLNESS MAGNESIUM,"Arnica Montana 1X
                  Hamamelis Virginiana 1X
                  Magnesium Sulfurica 1X

Inflammation
                  Pain, Fatigue
                  Pain

For the temporary relief of pain associated with minor skin procedures

For external use only.

Do Not Use
                     
                  
                  
                     on large areas of the body or on cut, irritated or swollen skin
                     on puncture wounds
                     for more than one week without consulting a doctor

When using this product
                     
                  
                  
                     Use only as directed. Read and follow all directions and warnings on this label.
                     rare cases of serious burns have been reported with products of this type. Do not bandage or apply local heat (such as heating pads) to the area of use or use with a medicated patch
                     avoid contact with eyes and mucous membranes
                     a transient burning sensation may occur upon application but generally disappears in several days

Stop use and ask a doctor if 
                     
                  
                  
                  
                     Condition worsens
                     redness is present
                     Irritation develops
                     symptoms persist for more than 7 days or clear up and occur again within a few days.
                     you experience signs of skin injury, such as pain, swelling, or blistering where the product was applied.

If pregnant or breast-feeding, 
                  
                  ask a health professional before use.  
  Keep out of reach of children and pets.
                  
                  
                     If swallowed, get medical help or contact a poison control center right away.

Keep out of reach of children and pets.

Directions
                     
                  
                  
                  adults and children over 12 years:
                  
                     apply a thin layer to affected area every 6 to 8 hours, not to exceed 3 applications in a 24 hour period
                     after applying, wash hands with soap and water
                     children 12 years or younger, ask a doctor

No major changes - this is a new listing

Inactive Ingredients:
                     
                  
                  
                  Aloe Barbadensis (Aloe Vera) Leaf Extract, Deionized Water, Calendula Officinalis (Marigold) Flower Extract, Cannabis Sativa (Hemp) Seed Oil, Chamomilla Recutita (Matricaria) (Chamomile) Flower Extract, Fragrance, Glycerin, Isopropyl Alcohol, Lobelia Extract, Malva Sylvestris (Mallow) Flower Extract, Mentha piperita (Peppermint) Oil, Menthol, Panax Ginseng Root Extract, Polysorbate 80, Potassium Sorbate, Sodium Benzoate, Symphytum Officinale (Comfrey) Leaf Extract

Store at 20 - 25 degrees C (68 - 77 degrees F)

Questions ?
                  
                  
                  888-575-6277

Bottle label"
340ac69e-0018-804d-e063-6294a90ae8fe.xml,Kali Phos 6X,"Stress
                  Simple Nervous Tension
                  Headaches

Drug Facts

Active ingredients
                                    
                                 
                                 
                                    
                                       Purpose
                                    
                                 
                              
                              
                                 Kali Phosphoricum 6X HPUS
                                 stress, simple nervous tension, headaches
                              
                           
                        
                        
                           ""HPUS"" is the Homeopathic Pharmacopoeia of the United States.

Uses

■ Temporarily relieves:
  
       
 
  
■ stress ■ simple nervous tension ■ headaches

Warnings

Stop use and ask a doctor if

■ symptoms persist for more than 72 hours or worsen.
  
         
 
  
■ new symptoms occur.
  
         
 
  
■ redness or swelling is present.

If pregnant or breastfeeding

Ask a health professional before use.

Keep out of reach of children.

Directions

■ Use as directed.
  
       
 
  
■ Adults and children 6 years and over: Dissolve 1 tablet under tongue 3 times per day.

Inactive ingredients

Acacia Gum, Lactose

Questions?

Acacia Gum, Lactose

PACKAGING LABEL - 100 TABLETS BOTTLE CARTON

Hyland's
                  
                  
                     CELL SALT
                  
                  
                     #6
                  
                  
                     KALI PHOS 6X
                  
                  Stress*
                  Simple Nervous
                  Tension*
                  Headaches*
                  
                     100
                  
                  
                     QUICK-DISSOLVING
                  
                  
                     SINGLE TABLET DOSES
                  
                  HOMEOPATHIC"
8cd7c2ff-9e2e-42d3-991f-2dd582a5232d.xml,Nephrovesic,"Apis Mellifica 12X, Berberis Vulgaris 6X, Calcarea Carbonica 10X, 12X, 30X, 200X, Cantharis 6X, 12X, 30X, 200X, Causticum 12X, Chimaphila Umbellata 6X, Equisetum Hyemale 6X, Hydrangea Arborescens 6X, Lycopodium Clavatum 12X, Mercurius Corrosivus 12X, Nux Vomica 12X, Ocimum Sanctum 10X, Petroselinum Sativum 6X, Pulsatilla (Pratensis) 12X, Sarsaparilla (Smilax Regelii) 6X, 12X, 30X, 200X, Terebinthina 12X, Uva-Ursi 3X.

Apis Mellifica – Kidney Support, Berberis Vulgaris – Bladder Support, Calcarea Carbonica - Incontinence, Cantharis – Bladder Inflammation, Causticum - Incontinence, Chimaphila Umbellata – Bladder Support, Equisetum Hyemale - Incontinence, Hydrangea Arborescens – Bladder Support, Lycopodium Clavatum - Incontinence, Mercurius Corrosivus – Bladder Inflammation, Nux Vomica – Bladder Support, Ocimum Sanctum – Kidney Support, Petroselinum Sativum – Bladder Inflammation, Pulsatilla (Pratensis) – Bladder Support, Sarsaparilla (Smilax Regelii) – Bladder Inflammation, Terebinthina – Kidney Support, Uva-Ursi – Kidney Support.

• For the temporary relief of symptoms including:
                  • incontinence • bladder inflammation 
                  • bladder support • kidney support
                  These statements are based upon homeopathic principles. They have not been reviewed by the Food and Drug Administration.

If pregnant or breastfeeding,
                      ask a health professional before use.
                  
                  
                     Keep out of reach of children. In case of overdose, contact a physician or Poison Control Center right away.
                  
                     Tamper Evident: Sealed for your protection. Do not use if seal is broken or missing.

In case of overdose, contact a physician or Poison Control Center right away.

1-10 drops under the tongue, 3 times a day or as directed by a health professional. Consult a physician for use in children under 12 years of age.

Demineralized water, 25% ethanol

Dist. By: Deseret Biologicals, Inc.
                  469 W. Parkland Drive
                  Sandy, UT 84070
                   www.desbio.com
                  800-827-8204

Des
                     Bio
                  
                  
                     Nephrovesic
                  
                  
                     Homeopathic
                  
                  
                     NDC 43742-1643-1
                  
                  
                     1 FL OZ (30 ml)"
e4ae92ea-06a7-40e4-8566-7cd7e0c7ee84.xml,Degex Liquescence,"Thuja Occidentalis 6X, 9X, Ubidecarenonum (CoQ10) 8X, Conium Maculatum 9X, 12X, Asterias Rubens 12X, Germanium Metallicum 12X, Lachesis Mutus 12X, Bufo Rana 12X, 30X, Carcinosin 16X, 30X, Phosphorus 30X, 60X.

Provides potentized homeo-nutritional support to aid in support of cellular function.†
                  †Claims based on traditional homeopathic practice, not accepted medical evidence. Not FDA evaluated.

Professional Use Only
                  
                  
                     If pregnant or breast-feeding, ask a health professional before use.
                  In case of overdose, get medical help or contact a Poison Control Center right away.
                  If condition worsens, seek medical attention.
                  
                     KEEP OUT OF REACH OF CHILDREN
                  
                  
                     Do not use if tamper evident seal is broken or missing.
                  
                  
                     Store in a cool place after opening

In case of overdose, get medical help or contact a Poison Control Center right away.

﻿1/2 teaspoonful one to two times a day. Patients 12 years and under: Topical use only, to the navel area or forearm.﻿

Provides potentized homeo-nutritional support to aid in support of cellular function.†
                  †Claims based on traditional homeopathic practice, not accepted medical evidence. Not FDA evaluated.

Alcohol USP 20%, Purified Water USP.

MANUFACTURED EXCLUSIVELY FOR
                  
                  
                     NUTRITIONAL SPECIALTIES, INC.
                  
                  
                     PO BOX 97227
                  
                  
                     PITTSBURG, PA 15229
                  
                  
                     www.phpltd.com

Professional
                  
                  
                     Health Products
                  
                  
                     HOMEOPATHIC
                  
                  
                     NDC 83027-0037-1
                  
                  
                     DEGEX
                  
                  
                     LIQUESCENCE
                  
                  
                     4 FL. OZ (120 ml)"
340431bd-34ca-2485-e063-6394a90a9011.xml,Taraxacum 4X,"Directions: FOR ORAL USE ONLY.

Take 3-4 times daily. Ages 12 and older: 10 drops. 
  
Ages 2-11: 5 drops. Under age 2: Consult a doctor.

Active Ingredient: Taraxacum e pl. tota (Dandelion) 4X

Inactive Ingredients: Distilled water, 20% Organic cane alcohol
                  Prepared using rhythmical processes.

Use: Temporary relief of headache.

KEEP OUT OF REACH OF CHILDREN.

Warnings: Claims based on traditional homeopathic practice, not accepted medical evidence. Not FDA evaluated. Do not use if allergic to any ingredient. Consult a doctor before use for serious conditions or if conditions worsen or persist. If pregnant or nursing, consult a doctor before use. Do not use if safety seal is broken or missing.

Questions? Call 866.642.2858 
  
Made with care by Uriel, East Troy, WI 53120
  
shopuriel.com       Lot:"
5f213aea-097a-4057-948b-190f9c52a8a6.xml,Vermex,"Artemisia Vulgaris 3X, Cina 3X, Teucrium Marum 3X, Spigelia Anthelmia 6X, Filix Mas 7X, Calcarea Carbonica 12X, Graphites 12X, Mercurius Corrosivus 12X, Sabadilla 12X, Silicea 12X, Tanacetum Vulgare 12X, Ascaris Lumbricoides 30X, 60X, 200X, Taenia Solium 30X, 60X, 200X.

For temporary relief of itching of the anus, colic, bloating, pain, and constipation.

If pregnant or breast-feeding, ask a health care professional before use.
                  
                     Keep out of reach of children. In case of overdose, get medical help or contact a Poison Control Center right away.
                  Do not use if tamper evident seal is broken or missing.
                  Store in a cool, dry place.

Keep out of reach of children. In case of overdose, get medical help or contact a Poison Control Center right away.

10 drops orally, 3 times a day. Consult a physician for use in children under 12 years of age.

For temporary relief of itching of the anus, colic, bloating, pain, and constipation.

Demineralized Water, 25% Ethanol

Distributed by:BioActive Nutritional, Inc.1803 N. Wickham Rd.Melbourne, FL 32935bioactivenutritional.com

BIOActive Nutritional
                  
                  
                     VERMEX
                  
                  
                     HOMEOPATHIC
                  
                  
                     1 FL OZ (30 ml)"
b4ecbbe0-6c34-4ed3-9bff-88a451caf18f.xml,Virimmune,"Aconitum Napellus 12X, Allium Cepa 12X, Allium Sativum 3X, Arsenicum Album 12X, Baptisia Tinctoria 12X, Chelidonium Majus 12X, Echinacea (Angustifolia) 3X, Gelsemium Sempervirens 12X, Ginkgo Biloba 3X, Hamamelis Virginiana 6X, 12X, 30X, Influenzinum 12C, 30C, Mercurius Vivus 12X, Morbillinum 12X, 30X, Natrum Muriaticum 12X, Nux Vomica 12X, Selenium Metallicum 12X, Viscum Album 3X.

Aconitum Napellus - Congestion, Allium Cepa - Cough, Allium Sativum - Fever, Arsenicum Album- Fatigue, Baptisia Tinctoria – Muscle Pain, Chelidonium Majus – Joint Pain, Echinacea (Angustifolia – Skin Lesions, Gelsemium Sempervirens – Lack of Appetite, Ginkgo Biloba – Stomach Pain, Hamamelis Virginiana - Congestion, Influenzinum - Cough, Mercurius Vivus - Fever, Morbillinum - Fatigue, Natrum Muriaticum – Muscle Pain, Nux Vomica – Joint Pain, Selenium Metallicum – Skin Lesions, Viscum Album – Lack of Appetite

• For the temporary relief of the symptoms including:
                  • congestion • cough • fever • fatigue • muscle pain
                  • joint pain • skin lesions • lack of appetite • stomach pain
                  These statements are based upon homeopathic principles. They have not been reviewed by the Food and Drug Administration.

If pregnant or breastfeeding, ask a health professional before use.
                  
                     Keep out of reach of children. In case of overdose, contact a physician or Poison Control Center right away.
                  
                     Tamper Evident: Sealed for your protection. Do not use if seal is broken or missing.

In case of overdose, contact a physician or Poison Control Center right away.

1-10 drops under the tongue, 3 times a day or as directed by a health professional. Consult a physician for use in children under 12 years of age.

Demineralized water, 25% ethanol

Dist. By: Deseret Biologicals, Inc.469 W. Parkland DriveSandy, UT 84070
                  www.desbio.com
                  800-827-8204

DesBio
                  
                  
                     Virimmune
                  
                  
                     Homeopathic
                  
                  
                     NDC 43742-2266-1
                  
                  
                     1 FL OZ (30 ml)"
352e4c3c-0454-33b2-e063-6294a90a65ee.xml,CHAMOMILLA 30C - 3-Pack,"HOMEOPATHIC DILUTION OF CHAMOMILLA 30c

Teething pain & irritability - restlessness*
                  *Claims based on traditional homeopathic practice, not accepted medical evidence. Not FDA evaluated.

(adults/children) Dissolve 5 pellets under the tongue 3 times a day until symptoms are relieved or as directed by a physician.

Condition listed above or as directed by a physician.

Stop use and ask a physician if symptoms persist for more than 3 days or worsen.

If pregnant or breast-feeding, ask a health professional before use.

Keep out of reach of children.Keep out of reach of children.

Store at room temperature.

Do not use if pellet-dispenser seal is broken.

Sucrose.

info@ollois.com * www.ollois.com * MADE IN FRANCE. NOT REVIEWED BY THE FDA AND NOT GUARANTEED TO BE EFFECTIVE. THIS HOMEOPATHIC DILUTION MAY NOT BE SUSEPTIBLE TO SCIENTIFIC MEASUREMENT."
fdf45aaa-aa8c-4615-8c49-ff470739066d.xml,Cold Flu Relief Berry,"Pelargonium sidoides 1X
                  Aconium napellus 4X
                  Eucalyptus globulus 2X
                  Bryonia 4X
                  Eupatorium perfoliatum 6X
                  Gelsemium sempervirens 4X
                  Phosphorus 6X
                  Ipecacuanha 3X

Citric Acid
                        
                           Lactose Monohydrate
                        
                        Malic Acid
                        Maltodextrin
                        Natural Flavor
                        Silica
                        Xylitol

Directions
                  Tear packet open, pour contents into mouth and swallow.  
                  For best results, use at first sign of symptoms and continue to use for an additional 48 hours after symptoms cease.
                  Adults & children 13 years of age and older: take contents of 1 packet three times daily.
                  Children 6-12 years of age: take contents of 1 packet two times daily.
                  Children under 6 years of age: consult a doctor.

Shortens duration and reduces severity of symptoms associated with the common cold and throat/nasal/bronchial irritations, and temporarily relieves flu symptoms: chills/fever, chest congestion, nasal congestion, cough, headache, hoarseness, body aches, sneezing/runny nose, sore throat.

Shortens duration and reduces severity of symptoms associated with the common cold and throat/nasal/bronchial irritations, and temporarily relieves flu symptoms: chills/fever, chest congestion, nasal congestion, cough, headache, hoarseness, body aches, sneezing/runny nose, sore throat.

Sore throat warning: if sore throat is severe, persists more than 2 days, is accompanied or following by a fever, headache, rash, nausea, or  vomiting, consult a doctor promptly.

Ask a doctor before use if you have a persistent or chronic cough such as occurs with smoking, asthma, chronic bronchitis, or emphysemsa, a cough that is accompanied by excessive phlegm (mucus), been taking any medications, an allergy to plants of the Geraniaceae family.

Stop use and ask a doctor if new symptoms occur, symptoms get worse or last more than 7 days, fever worsens or lasts more than 3 days, cough lasts more than 7 days or occurs with rash or persistent headache.
                  These could be signs of a serious condition.

If pregnant or breast-feeding, ask a healthcare professional before use.

Keep out of reach of children.

In case of overdose, seek medical help or contact a Posion Control Center right away."
2fb50204-f6e9-4d7a-a79e-21aaa81f8096.xml,Ear Ring,"Allium Cepa 6X, Argentum Nitricum 6X, Asarum Canadense 9X, Carbo Vegetabilis 12X, Carboneum Sulphuratum 12X, Cartilago Suis 8X, 12X, 30X, 200X, Chenopodium Anthelminticum 6X, Chininum Sulphuricum 6X, Cyclamen Europaeum 12X, Dulcamara 6X, Ginkgo Biloba 6X, Graphites 12X, Kreosotum 12X, Mucosa Nasalis Suis 8X, 12X, 30X, 200X, Natrum Salicylicum 10X 12X, 30X, 200X, Phosphorus 12X, Plumbum Metallicum 12X, Theridion 12X, Zincum Metallicum 12X.

Allium Cepa – Ringing in Ears, Argentum Nitricum – Noise in Ears, Asarum Canadense – Decreased Hearing, Carbo Vegetabilis – Noises in Ears Following Injury, Carboneum Sulphuratum – Sensitivity to Noise, Cartilago Suis – Noises in Ears, Chenopodium Anthelminticum – Ringing in Ears, Chininum Sulphuricum – Noises in Ears Following Injury, Cyclamen Europaeum – Noises in Ears, Dulcamara – Noises with Motion, Ginkgo Biloba – Sensitivity to Noise, Graphites – Noises with Motion, Kreosotum – Decreased Hearing, Mucosa Nasalis Suis – Noises in Ears, Natrum Salicylicum - Decreased Hearing, Phosphorus – Decreased Hearing, Plumbum Metallicum – Sensitivity to Noise, Theridion – Noises with Motion, Zincum Metallicum – Ringing in Ears

• For the temporary relief of symptoms including:
                  • noises with motion • noises in ears • decreased hearing
                  • noises in ears following injury • sensitivity to noise • ringing in ears
                  These statements are based upon homeopathic principles. They have not been reviewed by the Food and Drug Administration.

If pregnant or breastfeeding, ask a health professional before use.
                  
                     Keep out of reach of children. In case of overdose, contact a physician or Poison Control Center right away.
                  
                     Tamper Evident: Sealed for your protection. Do not use if seal is broken or missing.

In case of overdose, contact a physician or Poison Control Center right away.

1-10 drops under the tongue, 3 times a day or as directed by a health professional. Consult a physician for use in children under 12 years of age.

Demineralized water, 25% ethanol

Dist. By: Deseret Biologicals, Inc.
                  469 W. Parkland Drive
                  Sandy, UT 84070
                  www.desbio.com'
                  800-827-8204

DesBio
                  
                  
                     Ear Ring
                  
                  
                     Homeopathic
                  
                  
                     NDC 43742-2264-1
                  
                  
                     1 FL OZ (30 ml)"
0b182dcd-9243-4613-92c5-e0ea0567fa2a.xml,Diet Power,"Apis Mellifica 6X, Boldo 4X, Fucus Vesiculosus 4X, Galium Aparine 4X, Gambogia 12X, Hamamelis Virginiana 4X, Hepar Suis 12X, Histaminum hydrochloricum 200C, Pancreas Suis 12X, Thuja Occidentalis 6X.

Temporarily relieves the common symptoms of a reducing diet, including:
                  ° excessive appetite° food cravings° low energy° water retention

If symptoms persist or worsen, seek advice of physician. If pregnant or breast-feeding, ask a health care professional before use. Keep out of reach of children. Contains alcohol, in case of overdose, get medical help or contact a Poison Control Center right away.

Keep out of reach of children. Contains alcohol, in case of overdose, get medical help or contact a Poison Control Center right away.

Adults and children over 12: 2 sprays into the mouth 3 times per day 15 minutes before meals. For additional hunger control, spray 2 sprays as needed up to 6 times per day total.
                  
                  Under age 12: consult a health care professional.

Do not use if the transparent seal around spray bottle is broken or missing.

Temporarily relieves the common symptoms of a reducing diet, including:
                  ° excessive appetite
                  ° food cravings
                  ° low energy
                  ° water retention
                  ° natural
                  ° gluten & lactose free
                  ° no artificial flavors or colors
                  ° no known negative side effects
                  ° no known negative drug interactions

Non-GMO Glycerin, organic alcohol 20% v/v, purified water.

Mfd. for Eight and Company L.L.C.
                  Gaithersburg, MD 20879 1.800.377.5787
                  www.sprayology.com

NDC 61096-2004-1
                  
                  
                     sprayology
                  
                  
                     Diet Power
                  
                  
                     SUPPORTS WEIGHT LOSS
                  
                  
                     HOMEOPATHIC ORAL SPRAY
                  
                  
                     1.38 fl.oz (41 ml)"
34909610-365c-2224-e063-6294a90a4007.xml,Airway Ease,"Keep out of reach of children.

If 
  ​pregnant or breast-feeding,​ ask a doctor before use.

Warning:
                     ​Keep out of reach of children. Do not use if tamper - evident seal is broken or missing. If symptoms worsen or persist for more than a few days, consult a doctor. If 
  ​pregnant or breast-feeding​, ask a doctor before use.

newtonlabs.net – Questions?  800.448.7256
                  Newton Laboratories, Inc. FDA Est # 1051203 - Conyers, GA 30013

Inactive Ingredients: USP Purified Water; USP Gluten-free, non-GMO, organic cane alcohol 20%

Formulated for symptoms such as wheezing, shortness of breath, congestion, coughing, and inflammation.

Equal parts of Echinacea 6x, Lappa 6x, Antimon. tart. 15x, Arsenicum alb. 15x, Bryonia 15x, Chelidonium maj.15x, Cinchona 15x, Drosera 15x, Eucalyptus 15x, Histaminum hydrochloricum 15x, Hydrastis 15x, Kali bic. 15x, Kali carb. 15x, Kali iod. 15x, Myrrha 15x, Nat. sulphuricum 15x, Nux vom. 15x, Phos. 15x, Pulsatilla 15x, Rumex crisp. 15x, Sambucus nig. 15x, Spongia 15x, Tussilago far. 15x, Verbascum 15x, Influenzinum 30x.

Directions: Children, ages 4 to 11, give 3 drops by mouth (ages 12 and up, give 6 drops) as needed or as directed by a health professional. Under age 4, consult a health professional.  Sensitive persons begin with 1 drop and gradually increase to full dose.

Formulated for symptoms such as wheezing, shortness of breath, congestion, coughing, and inflammation."
3593a7ff-b424-dcfe-e063-6394a90ad0af.xml,Hypericum Perforatum 30X,"Active ingredients HPUS: Each globule contains 1% Hypericum Perforatum 30X

For nerve pain after surgery or injury*

For nerve pain after surgery or injury*

If symptoms worsen or persist for more than 7 days, consult a physician.

If pregnant or breastfeeding, ask a health professional before use.

Keep out of reach of children.

3 globules 3 times a day or as directed by a homeopath. Oral/Sublingual use.

Organic cane sugar globules.

1 (888) 290-8140 or schmidt-nagel.com

Conservation: 15°C - 25°C

*Claims based on traditional homeopathic practices, not accepted medical evidences. Not FDA evaluated."
29b78ef9-ceca-4d64-81fa-cbef453261f5.xml,BioActive Nutritional,"Crotalus Horridus 12X, Naja Tripudians 12X, Crotalus Cascavella 12C, Oxyuranus Scutellatus Canni 12C, Cenchris Contortrix 15C.

For the temporary relief of nausea-vomiting, numbness, tingling, weakness and headache.

​If pregnant or breast-feeding,​ ask a health care professional before use.
                  
                     ​Keep out of reach of children.​ In case of overdose, get medical help or contact a Poison Control Center right away.
                  Do not use if tamper evident seal is broken or missing.
                  Store in a cool, dry place.

Keep out of reach of children. In case of overdose, get medical help or contact a Poison Control Center right away.

10 drops orally, 3 times a day. Consult a physician for use in children unde 12 years of age.

For the temporary relief of nausea-vomiting, numbness, tingling, weakness and headache.

Demineralized Water, 25% Ethanol

Distributed by:
                  BIOACTIVE NUTRITIONAL
                  Melbourne, FL 32935
                  
                  For Nutritional Information write:
                  BioActive Nutritional, Inc.
                  1803 N. Wickham Rd.
                  Melbourne, FL 32935

​BioActive Homeopathic
                     
                  
                  
                     
                        CRYPTOTOX COMBO
                     
                  
                  
                     
                        1 FL OZ (30 ml)"
3593107b-d8be-a5cb-e063-6394a90a5ee1.xml,Arnica montana 30X,"Active ingredients HPUS: Each globule contains 1% Arnica montana 30X

For pain from muscle soreness, stiffness, swelling and bruises.*

For pain from muscle soreness, stiffness, swelling and bruises.*

If symptoms worsen or persist for more than 7 days, consult a physician.

If pregnant or breastfeeding, ask a health professional before use.

Keep out of reach of children.

3 globules 3 times a day or as directed by a homeopath. Oral/Sublingual use.

Organic cane sugar globules.

1 (888) 290-8140 or schmidt-nagel.com

Conservation: 15°C - 25°C

*Claims based on traditional homeopathic practices, not accepted medical evidences. Not FDA evaluated."
3957c02b-9529-4233-a4c9-1b9502baaa93.xml,RespiforceI,"Echinacea (Angustifolia) 3X, Lomatium Dissectum 3X, Myrrha 3X, Nasturtium Aquaticum 3X, Tabebuia Impetiginosa 3X, Hydrastis Canadensis 5X, Propolis 6X, Bryonia (Alba) 12X, Eupatorium Perfoliatum 12X, Ferrum Phosphoricum 12X, Gelsemium Sempervirens 12X, Ipecacuanha 12X, Mercurius Corrosivus 12X, Pyrogenium 30X, 60X, 200X, Influenzinum (2020-2021) 10C, 30C, 200C.

For temporary relief of minor aches and pains in muscles and joints, fever with dryness of mucous membranes and dry cough; muscular soreness and fatigue with headache.

If pregnant or breast-feeding, ask a health care professional before use.
                  
                     Keep out of reach of children. In case of overdose, get medical help or contact a Poison Control Center right away.
                  Do not use if tamper evident seal is broken or missing.
                  Store in a cool, dry place.

Keep out of reach of children. In case of overdose, get medical help or contact a Poison Control Center right away.

10 drops orally, 3 times a day. Consult a physician for use in children under 12 years of age.

For temporary relief of minor aches and pains in muscles and joints, fever with dryness of mucous membranes and dry cough; muscular soreness and fatigue with headache.

Demineralized Water, 25% Ethanol

Distributed by:
                  BioActive Nutritional, Inc.
                  1803 N. Wickham Rd.
                  Melbourne, FL 32935
                  bioactivenutritional.com

BIOActive Nutritional
                     
                     RESPIFORCE I
                     
                     HOMEOPATHIC
                     
                     1 FL OZ (30 ml)"
ac15617e-fcaf-4656-8c7d-512125a05eee.xml,Regional Allergies Southern U.S.,"Initially, depress pump untilprimed.
                  Spray one dose directly intomouth.
                  
                     Adults: 3 sprays 3 times per
                     
                     day.
                  
                  
                     Children ages 6-12: 2 sprays 3
                     
                     times per day.
                  
                  
                     Consult a physician for use in
                     
                     children under 6 years of age.
                  
                  Use additionally as needed, upto 6 times per day.
                  ﻿Reference image:Southern U.S.jpg

Other information
                  
                  
                     Tamper resistant for your protection.
                  
                  Use only if safety seal is intact.
                  Keep carton for complete drug facts and product information.
                  Questions? Call 866.298.2740
                  King Bio, Inc. 3 Westside Drive
                  Asheville, NC 2806 USA
                  FDA Reg. #1053442
                  For latest product information and instructions: www.DrKings.com
                  Reference image:Southern U.S.jpg

Citrus Extract (ascorbic acid, citric acid, citrus aurantium amara fruit extract, citrus aurantium sinensis peel extract, citrus reticulata fruit extact, demineralized water, glycerin, lactic acid), Honeysuckle (Lonicera japonica), Polylysine, Purified Water, Shagbark Hickory (Carya Ovata) Bark Extract, Steviol (Steviol Glycosides).
                  Reference image:Southern U.S.jpg

Equal volumes of each HPUS** ingredient in 12X, 30X, and 1LMpotencies unless otherwise noted.
                  Adenosinum cyclophosphoricum, Adrenalinum, Adrenocorticotrophin, Allium cepa, Alnus serrulata, Arum triphyllum, Arundo mauritanica, Carduus benedictus, Cichorium intybus, Cortisone aceticum, Dolichos pruriens, Euphrasia officinalis, Galphimia glauca, Histaminum hydrochloricum, Juglans cinerea, Kali muriaticum, Nasturtium aquaticum, Natrum muriaticum, Rhus tox, RNA, Sabadilla, Sassafras officinale.
                  
                  
                     HPUS indicates the active ingredients are in the official Homeopathic Pharmacopeia of the United States.
                  
                  Reference image:Southern U.S.jpg

Uses for temporary relief of allergy symptomse commonlyexperienced in AL, AR, DC, DE, FL, GA, KY, LA, MD, MS, NC,SC, TN, VA, WV: 
                  
                  
                     Itchy, watery eyes 
                  
                  
                     Runny nose 
                  
                  
                     Sneezing 
                  
                  
                     Sore throat  
                  
                  
                     Sinus congestion  
                  
                  
                     Cough  
                  
                  
                     Stuffy nose  
                  
                  
                     Fatigue
                  
                  
                     Itchy, irritated skin  
                  
                  
                     Hoarseness  
                  
                  
                     Headache
                  
                  
                  as per various homeopathic materia medicas. Claims basedon traditional homeopathic practice, not accepted medicalevidence. These uses have not been evaluated by the FDA,and product has not been clinically tested.
                  Reference image:Southern U.S.jpg

Stop use and consult a physician if symptoms worsen orpersist for more than 7 days.
                  
                     If pregnant or breast-feeding, ask a healthcare professionalbefore use.
                  
                     Keep out of reach of children.
                  
                  In case of overdose, get medical help or contact a Poison Control Center immediately.
                  Reference image:Southern U.S.jpg

Keep out of reach of children.
                  
                  In case of overdose, get medical help or contact a Poison Control Center immediately.
                  Reference image:Southern U.S.jpg

Active ingredients                                               Purpose †
                  Equal volumes of each HPUS** ingredient in 12X, 30X, and 1LMpotencies. 
                  Adenosinum cyclophosphoricum................headache, runny noseAdrenalinum ..............hay fever, swollen sinuses, lung congestionAdrenocorticotrophin (30X) ............................congestion, coughAllium cepa...........................hay fever, sinus headache, sneezingAlnus serrulata ..........................................hay fever, bronchitisArum triphyllum ............inflammation of nasal mucus membranesArundo mauritanica .........................nasal congestion and itchingCarduus benedictus ............................................tickling in noseCichorium intybus...........................................fatigue, headacheCortisone aceticum.............................allergic reaction, irritabilityDolichos pruriens.......................................sore throat, itchy skinEuphrasia officinalis.........................discharge from eyes and noseGalphimia glauca.................................... puffy eyelids, hay feverHistaminum hydrochloricum ....................coughing, itching throatJuglans cinerea ............................red eyes, sneezing, sore throatKali muriaticum.......................................hoarseness, stuffy noseNasturtium aquaticum ......................sensitivity to cigarette toxinsNatrum muriaticum ...................................watery eyes, sneezingRhus tox .............................dry cough, sneezing, swelling of noseRNA................................................................allergic reactionsSabadilla..................................sore throat, runny nose, sneezingSassafras officinale .............................. minor breathing difficulty
                  
                  **“HPUS” indicates the active ingredients are in the officialHomeopathic Pharmacopeia of the United States.
                  
                  Reference image:Southern U.S.jpg"
3534ac47-1b19-5ba8-e063-6394a90aaa51.xml,KH42NEUROTRANS ACTIVE,"Active Ingredients
                                 
                              
                           
                        
                        
                           
                              Acetylcholine Chloride
                           
                           
                              6X 15X 30X
                           
                        
                        
                           
                              Adrenalinum
                           
                           
                              6X 15X 30X
                           
                        
                        
                           
                              Dopamine
                           
                           
                              6X 15X 30X
                           
                        
                        
                           
                              Gaba
                           
                           
                              6X 15X 30X
                           
                        
                        
                           
                              Norepinephrine
                           
                           
                              6X 15X 30X
                           
                        
                        
                           
                              Serotonin
                           
                           
                              6X 15X 30X

Uses:

For temporary relief of minor:
                        tiredness* 
                        sadness* 
                        irritability* 
                        headache* 
                        lack of focus* 
                        mood swings*
                        
                        *Claims based on traditional homeopathic practice, not accepted medical evidence. Not FDA evaluated.

Warnings:

If pregnant or breastfeeding, ask a health professional before use.

Do not use if clear seal over the cap is broken or missing.

Keep out of reach of children. In case of overdose, get medical help or contact a Poison Control Center right away.

Stop use and ask a doctor if tiredness, sadness, irritability, headache, lack of focus, mood swings, or other symptoms do not improve within 7 days or are accompanied by fever.

Directions:

Adults & children ages 12 years and over: Take 1-2 sprays under the tongue 1-3 times a day, or as directed by your healthcare professional. Consult a physician for use in children under 12 years of age.

Inactive Ingredients

alcohol (20% by volume), distilled water

Distributed by Apex Energetics. Questions?
                  16592 Hale Ave., Irvine, CA 92606, USA

KH42
                  NEUROTRANS ACTIVE™
                  Homeopathic Formula
                  Tiredness*  Sadness*
                  Irritability*  Headache*
                  1 fl oz (30 mL)
                  Alcohol 20% by Volume"
dec02ded-b0f7-4763-a59c-17aba68096a6.xml,Eczema Rescue,"Carbolicum Acidum 30X, Fagopyrum Esculentum 30X, Hydrastis Canadensis 30X, Hydrocotyle Asiatica 30X, Juglans Regia 30X, Vinca Minor 30X

May temporarily relieve minor symptoms of eczema.**
                  
                  ** These statements are based upon traditional homeopathic practice. They have not been reviewed by the Food and Drug Administration.

For external use only.
                  
                  
                     If pregnant or breast-feeding, ask a health professional before use.
                  
                     Keep out of reach of children. If swallowed, get medical help or contact a Poison Control Center right away.
                  
                     When using this product: Do not get into eyes.
                  
                     Stop use and ask a doctor if: Condition worsens. Symptoms last more than 7 days.
                  
                  
                     ALLERGY ALERT:  Macadamia and Kukui Nut Oils, Soy

Apply at least 3 times daily over the affected area.
                  
                  Children under 12 years of age:  Consult a doctor

Purified Water, Poke (Berry) Phytolacca Americana, Olive Oil (Olea Europaea), Avocado Oil (Persea Gratissima), Macadamia Nut Oil (Macadamia Integrifolia), Phenoxyethanol, Caprylyl Glycol, Sorbic Acid, Acrylates/C10 Alkyl Acrylate Crosspolymer, Aloe Barbadensis Leaf Juice, PEG-33, PEG 8 DIMETHICONE, PEG-14, Kukui Nut Oil (Aleurites Moluccana), Polysorbate 20, Chaparral Leaf (Larrea Tridentata), Poke Root (Phytolacca Americana), Arnica Montana Flower, St. Johns Wort Aerial Parts (Hypericum Perforatum), White Willow Bark (Salix Alba), Bloodroot Root (Sanguinaria Canadensis), Comfrey Leaf (Symphytum Officinale), Ascorbic Acid, Neem Leaf (Azadirachta Indica), Calendula Officinalis Flower, Vitamin E Oil, Edetate Disodium (EDTA), Oregano, Potassium Sorbate

Keep out of reach of children.
                      If swallowed, get medical help or contact a Poison Control Center right away.

May temporarily relieve minor symptoms of eczema.**
                  
                  ** These statements are based upon traditional homeopathic practice. They have not been reviewed by the Food and Drug Administration.

Dist by:
                  
                  Peaceful Mountain, Inc.
                  Woodbine, IA 51579    883-303-3388
                  www.peacefulmountain.com

peaceful mountain
                     THE HEIGHT OF HEALTH
                     
                  
                  
                     eczema rescue
                     
                     
                  
                  
                     homeopathic lotion
                  
                  formulated in boulder, coNet wt. 0.25 oz, (7 g)"
648dc1d0-cf4f-4cc3-aac2-586d10aebf21.xml,Coumarin,"Coumarinum 6X, 12X, 30X, 12C, 30C

For temporary relief of abdominal bloating, ear congestion, fatigue, gas, headaches, hay fever, generalized itching, and lower back pain.

If pregnant or breast-feeding, ask a health care professional before use.
                  
                     Keep out of reach of children. In case of overdose, get medical help or contact a Poison Control Center right away.
                  Do not use if tamper evident seal is broken or missing.
                  Store in cool, dry place.

Keep out of reach of children. In case of overdose, get medical help or contact a Poison Control Center right away.

10 drops orally, 3 times a day. Consult a physician for use in children under 12 years of age.

For temporary relief of abdominal bloating, ear congestion, fatigue, gas, headaches, hay fever, generalized itching, and lower back pain.

Demineralized water, 25% Ethanol.

Distributed by:
                  BIOACTIVE NUTRITIONAL
                  Melbourne, FL 32935
                  
                  For Nutritional Information write:
                  BioActive Nutritional, Inc.
                  1803 N. Wickham Rd.
                  Melbourne, FL 32935

BioActive Homeopathic
                  
                  
                     COUMARIN
                  
                  1 FL OZ (30 ml)"
0ee122b8-ac46-44c1-8cf7-2b7ad017d29b.xml,Cold Relief Kids FastActives Cherry,"Pelargonium sidoides 1X

Citric Acid
                        Malic Acid
                        Maltodextrin
                        Natural Flavor
                        Silica
                        Xylitol

Tear packet open, pour contents into mouth and swallow.
                  For best results, use at first sign of symptoms and continue to use for an additional 48 hours after symptoms cease.
                  
                      Adults and children 13 years of age and older: take contents of 1 packet three times daily
                  Children 6-12 years of age: take contents of 1 packet two times daily
                   Children under 6 years of age: consult a doctor

Shortens duration and reduces severity of symptoms associated with the common cold and throat/nasal/bronchial irritations: chest congestion, nasal congestion, cough, hoarseness, sore throat.

Shortens duration and reduces severity of symptoms associated with the common cold and throat/nasal/bronchial irritations: chest congestion, nasal congestion, cough, hoarseness, sore throat.

Sore throat warning: if sore throat is severe, persists more than 2 days, is accompanied or followed by a fever, headache, rash, nausea, or vomiting, consult a doctor pomptly.

Ask a doctor before use if you have a peristent or chronic cough such as occurs occurs with smoking, asthma, chronic bronchitis, or emphysema, a cough that is accompanied by excessive phlegm (mucus), been taking any medications, an allergy to plant to the Geraniaceae family.

Stop use and ask a doctor if new symptoms occur, symptoms get worse or last more than 7 days, fever worsens or lasts more than 3 days,  cough lasts more than 7 days or occurs with rash or persistent headache.
                  
                  These could be signs of a serious condition.

If you are pregnant or breast-feeding, ask a healthcare professional before use.

Keep out of reach of children.

In case of overdose, seek medical help or contract a Posion Control Center right away."
c9b9fe1c-76c6-4d0b-849b-55b6b0946507.xml,Hepastat,"(in each drop): 19.90% of Chelidonium Majus 12X, Lycopodium Clavatum 12X, Natrum Sulphuricum 12X, Nux Vomica 12X, Phosphorus 12X; 0.10% of Beta Vulgaris 3X, Carduus Marianus 3X, Cholesterinum 6X, Fel Tauri 6X, Taraxacum Officinale 3X.

May temporarily relieve indigestion, flatulence, exhaustion, nausea and constipation.**
                  **Claims based on traditional homeopathic practice, not accepted medical evidence. Not FDA evaluated.

If pregnant or breast-feeding, ask a health professional before use.
                  
                     Keep out of reach of children. In case of overdose, get medical help or contact a Poison Control Center right away.
                  Do not use if tamper evident seal is broken or missing. Store in a cool, dry place.

Keep out of reach of children. In case of overdose, get medical help or contact a Poison Control Center right away.

Adults and children 5 to 10 drops orally, 3 times daily or as otherwise directed by a health care professional. If symptoms persist for more than 7 days, consult your health care professional. Consult a physician for use in children under 12 years of age.

Demineralized water, 20% Ethanol.

May temporarily relieve indigestion, flatulence, exhaustion, nausea and constipation.**
                  **Claims based on traditional homeopathic practice, not accepted medical evidence. Not FDA evaluated.

Dist. by Energique, Inc.
                  201 Apple Blvd
                  Woodbine, IA 51579
                  800-869-8078

ENERGIQUE
                  
                  SINCE 1987
                  
                     HOMEOPATHIC REMEDY
                  
                  
                     HEPASTAT
                  
                  
                     1 fl. oz. (30 ml)"
835b2504-79da-4afa-b5a4-08f6187dcbb4.xml,LymphII,"Echinacea (Angustifolia) 3X, Collinsonia Canadensis 3X, 12X, Phytolacca Decandra 4X, Kali Iodatum 6X, Pinus Sylvestris 6X, Pix Liquida 6X, Ferrum Phosphoricum 8X, Aesculus Hippocastanum 12X, Baryta Carbonica 12X, Berberis Vulgaris 12X, Calcarea Carbonica 12X, Calcarea Phosphorica 12X, Causticum 12X, Hepar Sulphuris Calcareum 12X, Kreosotum 12X, Lycopodium Clavatum 12X, Mercurius Solubilis 12X, Natrum Muriaticum 12X, Nitricum Acidum 12X, Phosphorus 12X, Pulsatilla (Pratensis) 12X, Silicea 12X, Stellaria Media 12X, Sulphur 12X, Terebinthina 12X, Thuja Occidentalis 12X, Bufo Rana 14X.

For temporary relief of glandular swelling with inflammation and induration, glands hot, swollen, painful; scrofulous swelling, axillary glands swollen with soreness of the upper arm and tonsils.

If pregnant or breast-feeding, ask a health care professional before use.
                  
                     Keep out of reach of children. In case of overdose, get medical help or contact a Poison Control Center right away.
                  Do not use if tamper evident seal is broken or missing.
                  Store in cool, dry place.

In case of overdose, get medical help or contact a Poison Control Center right away.

10 drops orally, 3 times a day. Consult a physician for use in children under 12 years of age.

For temporary relief of glandular swelling with inflammation and induration, glands hot, swollen, painful; scrofulous swelling, axillary glands swollen with soreness of the upper arm and tonsils.

Demineralized Water, 25% Ethanol

Distributed by:BioActive Nutritional, Inc.1803 N. Wickham Rd.Melbourne, FL 32935bioactivenutritional.com

BIOActive Nutritional
                  
                  
                     LYMPH II
                  
                  
                     HOMEOPATHIC
                  
                  
                     2 FL OZ (60 ml)"
eca12e9e-af66-4b42-8f03-084068218989.xml,Candida,"Stop use and ask your doctor if symptomspersist or worsen.
                  
                     If pregnant or breast-feeding, take only onadvice of a healthcare professional.
                  
                     Keep out of reach of children.
                  
                  Reference image: Candida.jpg

Keep out of reach of children.
                  
                  Reference image: Candida.jpg

Adults                                              1 teaspoon
                           
                        
                        
                            Children 6 - 12 years                      1/2 teaspoon
                           
                        
                        
                            Children under 6 years old           Consult a physician
                           
                        
                     
                  
                   2 times daily on an empty stomach, before breakfast and at bedtime.
                  
                  Reference image: Candida.jpg

Tamper resistant for your protection. Useonly if seal is intact. This product has not beenclinically tested.
                  King Bio, Inc. FDA Reg. #10534423 Westside Dr. Asheville, NC 28806 USAQuestions? Call 866.298.2740
                  Reference image: Candida.jpg

Citrus Extract (ascorbic acid, citric acid, citrus aurantium amara fruit extract, citrus aurantium sinensis peel extract, citrus reticulata fruit extract, demineralized water, glycerin, lactic acid), Honeysuckle (Lonicera japonica), Polylysine, Purified Water, Shagbark Hickory (Carya ovata) Bark Extract, Steviol (Steviol glycosides).
                  Reference image: Candida.jpg

Equal volumes of each HPUS ingredient in 12X, 30X, 100X,1LM, 2LM, 3LM, and 5LM potencies.Abies canadensis ................................................ gnawing hungerAgaricus musc.................................. gastric disturbances, bloatingAllium cepa.........................................burning in mouth and throatAllium sativum ..........................................................constipationAloe ................................................................headache, nauseaAntimonium crudum ...................................... ear ringing, pimplesAsafoetida ......................................................bloating, flatulenceBorax ..................................................................... nervousnessCandida albicans.........................................yeast infections, thrushCandida parapsilosis ................................... itchy scalp, nail fungusCarpinus betulus, flos.........................................................fatigueIgnatia amara ......................................................moodiness, rashLachesis mutus ....................................................... sleeplessnessLycopodium clavatum................................................ forgetfulnessMalus pumila, flos............................................ obsessive cleansingOlea europaea, flos .........................................complete exhaustionPhosphoricum acidum.................................................. listlessnessPhytolacca decandra.........................................scaly scalp, dry skinPulsatilla .............................................................overly emotionalSabadilla....................................... cravings for sweets and starchesSticta pulmonaria............................................................. diarrheaSulphur.............................................................cravings for sweetsThuja occidentalis........................................GI irritation, brittle nails
                  
                  Reference image: Candida.jpg

Equal volumes of each HPUS ingredient in 12X, 30X, 100X,1LM, 2LM, 3LM, and 5LM potencies.
                  Abies canadensis, Agaricus musc, Allium cepa, Allium sativum, Aloe, Antimonium crudum, Asafoetida, Borax, Candida albicans, Candida parapsilosis, Carpinus betulus, flos, Ignatia amara, Lachesis mutus, Lycopodium clavatum, Malus pumila, flos, Olea europaea, flos, Phosphoricum acidum, Phytolacca decandra, Pulsatilla, Sabadilla, Sticta pulmonaria, Sulphur, Thuja occidentalis.
                  
                  Reference image: Candida.jpg

Temporarily relieves symptoms due to overgrowth ofCandida albicans yeast: 
                  yeast infections 
                  thrush 
                  
                     nausea
                  
                  
                     nail fungus 
                  
                  constipation 
                  headache 
                  itchy skin 
                  fatigue
                  
                     diarrhea 
                  
                  flatulence 
                  forgetfulness 
                  bloating
                  
                  Reference image: Candida.jpg"
702bd6c5-0199-447c-b351-69a247841d31.xml,Advanced Arnica Plus,"Initially, depress pump untilprimed.
                  Spray one dose directly intomouth.
                  
                     Adults: 3 sprays 3 times per
                     
                     day.
                  
                  
                     Children ages 6-12: 2 sprays 3
                     
                     times per day.
                  
                  
                     Consult a physician for use in
                     
                     children under 6 years of age.
                  
                  Use additionally as needed, upto 6 times per day.
                  ﻿Reference image: Advanced Arnica.jpg

Other information
                  
                  
                     Tamper resistant for your protection.
                  
                  Use only if safety seal is intact.
                  Keep carton for complete drug facts and product information.
                  Questions? Call 866.298.2740
                  King Bio, Inc. 3 Westside Drive
                  Asheville, NC 2806 USA
                  FDA Reg. #1053442
                  For latest product information and instructions: www.DrKings.com
                  Reference image: Advanced Arnica.jpg

Citrus Extract (ascorbic acid, citric acid, citrus aurantium amara fruit extract, citrus aurantium sinensis peel extract, citrus reticulata fruit extact, demineralized water, glycerin, lactic acid), Honeysuckle (Lonicera japonica), Polylysine, Purified Water, Shagbark Hickory (Carya Ovata) Bark Extract, Steviol (Steviol Glycosides).
                  Reference image: Advanced Arnica.jpg

Equal volumes of each HPUS** ingredient in 10X, 30X, and 1LMpotencies.
                  Arnica montana, Arnica montana, radix, Bellis perennis, Bryonia, Hypericum perforatum, Lithium carbonicum, Magnesia phosphorica,Phytolacca decandra, Rhus tox, Ruta graveolens.
                  
                     HPUS indicates the active ingredients are in the official Homeopathic Pharmacopeia of the United States.
                  
                  
                     Reference image: Advanced Arnica.jpg

For temporary relief of symptoms: 
                  Pain or stiffness in muscles or joints 
                  Bruising and discoloration 
                  Inflammation 
                  Soreness after exercise 
                  Body aches
                  
                  as per various homeopathic materia medicas. Claims basedon traditional homeopathic practice, not accepted medicalevidence. These uses have not been evaluated by the FDA,and product has not been clinically tested.
                  Reference image: Advanced Arnica.jpg

Stop use and consult a physician
                     if symptoms worsen orpersist for more than 7 days.
                  
                     If pregnant or breast-feeding, ask a healthcare professionalbefore use.
                     Keep out of reach of children.
                  
                  In case of overdose, get medical help or contact a Poison Control Center immediately.
                  Reference image: Advanced Arnica.jpg

Keep out of reach of children.
                  
                  In case of overdose, get medical help or contact a Poison Control Center immediately.
                  Reference image: Advanced Arnica.jpg

Equal volumes of each HPUS** ingredient in 10X, 30X, and 1LMpotencies.
                  Arnica montana .......................................... bruises, body aches,muscle pain, inflammation,stiff muscles, stiff jointsArnica montana, radix ............................. soreness after exerciseBellis perennis ...............................sore joints & muscles, sprainsBryonia ....................................inflammation, red, swollen & stiffjointsHypericum perforatum................................ pain in joints & spineLithium carbonicum ..................................aching joints, stiffnessMagnesia phosphorica ................... muscle cramps, radiating painPhytolacca decandra.............................. spinal & rheumatic painsRhus tox .......................................tendon, ligament, & joint painRuta graveolens ........................................tendon & joint strains
                  
                     **“HPUS” indicates the active ingredients are in the officialHomeopathic Pharmacopeia of the United States.
                  Reference image: Advanced Arnica.jpg"
e47f947a-3805-440d-9f19-7cfb944b03c3.xml,Cold Relief Lemon,"Pelargonium sidoides 1X

﻿Citric Acid
                        Maltodextrin
                        Natural Flavor
                        Silica
                        Turmeric Color
                        
                           Xylitol

Dissolve contents of 1 packet in 4-6 ounces of hot water and sip while hot.
                  May also be dissolved in 4-6 ounces of cold water, which may be preferable for children.
                     For best results, use at the first sign of symptoms and continue to use for an additional 48 hours after symptoms cease.
                     Adults and children 13 years of age and older: Take 1 packet three times daily.
                  Children 6-12 years of age: Take 1 packet two times daily.
                  Children under 6 years of age: Consult a doctor.

Shortens duration and reduces severity of symptoms associated with the common cold and throat/nasal/bronchial irritations: chest congestion, nasal congestion, cough, hoarseness, sore throat.

Shortens duration and reduces severity of symptoms associated with the common cold and throat/nasal/bronchial irritations: chest congestion, nasal congestion, cough, hoarseness, sore throat.

Sore throat warning: if sore throat is severe, persists more than 2 days, is accompanied or followed by a fever, headache, rash, nausea, or vomiting, consult a doctor promptly.

Ask a doctor before use if you have a persistent or chronic cough such as occurs with smoking, asthma, chronic bronchitis, or emphysema, a cough that is accompanied by excessive phlegm (mucus), been taking any medications, an allergy to plants of the Geraniaceae family.

Stop use and ask a doctor if new symptoms occur, symptoms get worse or last more than 7 days, fever worsens or lasts more than 3 days, cough lasts more than 7 days or occurs with rash or persistent headache.
                  These could be signs of a serious condition.

If pregnant or breast-feeding, ask a healthcare professional before use.

Keep out of reach of children.

In case of overdose, seek medical help or contact a Poison Control Center right away."
35938647-9ee0-c7e2-e063-6294a90acd09.xml,Ignatia Amara 30X,"Active ingredients HPUS: Each globule contains 1% Ignatia Amara 30X

For sleeplessness, nervousness, and headaches mood swings due to emotional distress*

For sleeplessness, nervousness, and headaches mood swings due to emotional distress*

If symptoms worsen or persist for more than 7 days, consult a physician.

If pregnant or breastfeeding, ask a health professional before use.

Keep out of reach of children.

3 globules 3 times a day or as directed by a homeopath. Oral/Sublingual use.

Organic cane sugar globules.

1 (888) 290-8140 or schmidt-nagel.com

Conservation: 15°C - 25°C

*Claims based on traditional homeopathic practices, not accepted medical evidences. Not FDA evaluated."
3593a964-bf7b-df25-e063-6394a90a057d.xml,Lycopodium Clavatum 30X,"Active ingredients HPUS: Each globule contains 1% Lycopodium Clavatum 30X

For bloating, indigestion, gas*

For bloating, indigestion, gas*

If symptoms worsen or persist for more than 7 days, consult a physician.

If pregnant or breastfeeding, ask a health professional before use.

Keep out of reach of children.

3 globules 3 times a day or as directed by a homeopath. Oral/Sublingual use.

Organic cane sugar globules.

1 (888) 290-8140 or schmidt-nagel.com

Conservation: 15°C - 25°C

*Claims based on traditional homeopathic practices, not accepted medical evidences. Not FDA evaluated."
93a4ce5a-7deb-41de-816e-03279a92ce80.xml,Pituitary Forte,"Hypophysis Suis 8X, Hypothalamus (Suis) 8X, Pineal Gland (Suis) 8X.

For temporary relief of symptoms due to hypothalamic/pituitary dysregulation.

If pregnant or breast-feeding, ask a health care professional before use.
                  
                     Keep out of reach of children. In case of overdose, get medical help or contact a Poison Control Center right away.
                  Do not use if tamper evident seal is broken or missing.
                  Store in a cool, dry place.

In case of overdose, get medical help or contact a Poison Control Center right away.

Three sprays per day. Hold in mouth for two minutes.

For temporary relief of symptoms due to hypothalamic/pituitary dysregulation.

Citric Acid, Demineralized Water, Ethanol 0.015%, Glycerin, Sodium Benzoate

Distributed by:
                  BioActive Nutritional, Inc.
                  1803 N. Wickham Rd.
                  Melbourne, FL 32935
                  
                     bioactivenutritional.com

BIOActive Nutritional
                  
                  
                     PITUITARY FORTE
                  
                  
                     HOMEOPATHIC
                  
                  
                     1 FL OZ (30 ml)"
f8aafe6b-138b-43a8-a3fe-88cae56b01d5.xml,Sprayology Stress Relief,"Agnus 6X, Avena 4X, Cinchona 6X, Humulus 4X, Hyoscyamus 200C, Ignatia 200C, Passiflora 4X, Valeriana 4X

Temporarily relieves feelings of stress, including:
                  
                     anxiety
                     nervousness
                     mood swings
                     irritability

If symptoms persist or worsen, stop use and seek advice of physician. If pregnant or breast-feeding, ask a health care professional before use. Keep out of reach of children. Contains alcohol, in case of overdose, get medical help or contact a Poison Control Center right away.

Keep out of reach of children. Contains alcohol, in case of overdose, get medical help or contact a Poison Control Center right away.

Adults and children over 12: 2 sprays into the mouth each 60 minutes as needed for symptom relief the first day, 2 sprays 3 times a day thereafter.
                  
                  Under age 12: consult a health care professional.

Do not use if the transparent seal around spray bottle is broken or missing.

Temporarily relieves feelings of stress, including:
                  ° anxiety
                  ° nervousness
                  ° mood swings
                  ° irritability
                  ° natural
                  ° gluten & lactose free
                  ° no artificial flavors or colors
                  ° no known negative side effects
                  ° no known negative drug interactions

Non-GMO glycerin, v/v, organic alcohol 20% v/v and purified water.

Mfd. for Eight and Company L.L.C.
                  Gaithersburg, MD 20879 1.800.377.5787
                  www.sprayology.com

NDC 61096-2006-1
                  sprayology
                  Stress Relief
                  RESTORES CALM
                  HOMEOPATHIC ORAL SPRAY
                  1.38 fl.oz (41 ml)"
6c9ed6b5-b504-44a3-a36a-2fa147e28868.xml,Influenzinum 200C,"(in each drop) Influenzinum 200C 100%.

Influenzinum 200C - aches and pains.**
                  **Claims based on traditional homeopathic practice, not accepted medical evidence. Not FDA evaluated.

May temporarily relieve symptoms associated with the flu: • aches • pains.**
                  **Claims based on traditional homeopathic practice, not accepted medical evidence. Not FDA evaluated.

Stop use and ask a doctor if symptoms persist for more than 3 days.
                  
                     If pregnant or breastfeeding, ask a health professional before use.
                  
                     Keep out of reach of children. In case of overdose, get medical help or contact a Poison Control Center right away.
                  DO NOT USE IF TAMPER EVIDENT SEAL IS BROKEN OR MISSING.
                  Store in a cool, dry place.

In case of overdose, get medical help or contact a Poison Control Center right away.

• Adults and children 5 to 10 drops orally, 1 time daily or as otherwise directed by a health care professional.
                  • Consult a physician for use in children under 12 years of age.

Demineralized water, 20% Ethanol.

Dist. by Energique, Inc.201 Apple Blvd.Woodbine, IA 51579
                  
                     800.869.8078

ENERGIQUE
                  
                  SINCE 1987
                  
                     HOMEOPATHIC REMEDY
                  
                  
                     INFLUENZINUM
                     
                     200C
                     
                     2023-2024
                  
                  
                     1 fl. oz. (30 ml)"
7eb312c8-a52f-4b4c-ae17-ca0c95f577f0.xml,"Back, Muscle and Joint Relief","Initially, depress pump untilprimed.
                  Spray one dose directly intomouth.
                  
                     Adults: 3 sprays 3 times per
                     
                     day.
                  
                  
                     Children ages 6-12: 2 sprays 3
                     
                     times per day.
                  
                  
                     Consult a physician for use in
                     
                     children under 6 years of age.
                  
                  Use additionally as needed, upto 6 times per day.
                  ﻿Reference image:Back Muscle and Joint.jpg

Other information
                     
                     Tamper resistant for your protection.
                     Use only if safety seal is intact.
                  Keep carton for complete drug facts and product information.
                  Questions? Call 866.298.2740
                  King Bio, Inc. 3 Westside Drive
                  Asheville, NC 2806 USA
                  FDA Reg. #1053442
                  For latest product information and instructions: www.DrKings.com
                  Reference image:Back Muscle and Joint.jpg

Citrus Extract (ascorbic acid, citric acid, citrus aurantium amara fruit extract, citrus aurantium sinensis peel extract, citrus reticulata fruit extact, demineralized water, glycerin, lactic acid), Honeysuckle (Lonicera japonica), Polylysine, Purified Water, Shagbark Hickory (Carya Ovata) Bark Extract, Steviol (Steviol Glycosides).
                  Reference image:Back Muscle and Joint.jpg

Aesculus hippocastanum, Arnica montana, Bellis perennis, Bryonia, Calcarea carbonica, Calcarea fluorica, Cimicifuga racemosa, Cobaltum metallicum, Gnaphalium polycephalum, Hypericum perforatum, Kali carbonicum, Kali phosphoricum, Magnesia phosphorica,Oxalicum acidum, Phosphorus, Rhus tox, Ruta graveolens, Zincum metallicum.
                  HPUS indicates the active ingredients are in the official Homeopathic Pharmacopeia of the United States.

For temporary relief of symptoms:  
                  back discomforts
                  muscle tension and cramps 
                  weakness and fatigue
                  
                     joint stiffness 
                  
                  
                     body aches 
                  
                  soreness 
                  tired legs and feet restlessness
                  
                  as per various homeopathic materia medicas. Claims basedon traditional homeopathic practice, not accepted medicalevidence. These uses have not been evaluated by the FDA,and product has not been clinically tested.
                  Reference image:Back Muscle and Joint.jpg

Stop use and consult a physician if symptoms worsen orpersist for more than 7 days.
                  
                     If pregnant or breast-feeding, ask a healthcare professionalbefore use.
                     Keep out of reach of children.
                  
                  In case of overdose, get medical help or contact a Poison Control Center immediately.
                  Reference image:Back Muscle and Joint.jpg

Keep out of reach of children.
                  
                  In case of overdose, get medical help or contact a Poison Control Center immediately.
                  Reference image:Back Muscle and Joint.jpg

Equal volumes of each HPUS** ingredient in 10X, 30X, and 1LMpotencies.Aesculus hippocastanum .............................................. tired feetArnica montana ......................................body aches, restlessnessBellis perennis ............................................... muscular sorenessBryonia .....................................................................stiff jointsCalcarea carbonica ........................................... back discomfortsCalcarea fluorica .............................................. back discomfortsCimicifuga racemosa............................................ leg discomfortsCobaltum metallicum........................................................fatigueGnaphalium polycephalum...........................................leg crampsHypericum perforatum.......................................................achesKali carbonicum................................. muscle tension and stiffnessKali phosphoricum........................................................tired legsMagnesia phosphorica .....................................................fatigueOxalicum acidum.......................................................body achesPhosphorus .................................................................backacheRhus tox ....................................................................stiff jointsRuta graveolens ........................................................body achesZincum metallicum ................................................. sore muscles**“HPUS” indicates the active ingredients are in the officialHomeopathic Pharmacopeia of the United States.
                  Reference image:Back Muscle and Joint.jpg"
359396bb-94fd-b914-e063-6394a90a388b.xml,Nux vomica 30X,"Active ingredients HPUS: Each globule contains 1% Nux vomica 30X

For hangover relief, upset stomach, nausea, and overindulgence of food or drink*

For hangover relief, upset stomach, nausea, and overindulgence of food or drink*

If symptoms worsen or persist for more than 7 days, consult a physician.

If pregnant or breastfeeding, ask a health professional before use.

Keep out of reach of children.

3 globules 3 times a day or as directed by a homeopath. Oral/Sublingual use.

Organic cane sugar globules.

1 (888) 290-8140 or schmidt-nagel.com

Conservation: 15°C - 25°C

*Claims based on traditional homeopathic practices, not accepted medical evidences. Not FDA evaluated."
2c24ba34-267c-4d6e-9dc9-adb8ffc37a6c.xml,Rheumatic TonicI,"Ginkgo Biloba 1X, Dioscorea Villosa 1X, Glycyrrhiza Glabra 3X, Viscum Album 3X, Pinus Sylvestris 6X, Apis Mellifica 12X, Dulcamara 12X, Kalmia Latifolia 12X, Lycopodium Clavatum 12X, Sulphur 12X.

For temporary relief of symptoms due to joint aches, pains, swelling, and rheumatism.

If pregnant or breast-feeding, ask a health care professional before use.
                  
                     Keep out of reach of children. In case of overdose, get medical help or contact a Poison Control Center right away.
                  Do not use if tamper evident seal is broken or missing.
                  Store in cool, dry place.

Keep out of reach of children. In case of overdose, get medical help or contact a Poison Control Center right away.

10 drops orally, 3 times a day. Consult a physician for use in children under 12 years of age.

For temporary relief of symptoms due to joint aches, pains, swelling, and rheumatism.

Demineralized Water, 25 Ethanol

Distributed by:BioActive Nutritional, Inc.1803 N. Wickham Rd.Melbourne, FL 32935bioactivenutritional.com

BIOActive Nutritional
                     
                     RHEUMATIC TONIC I
                     
                     HOMEOPATHIC
                     
                     2 FL OZ (60 ml)"
c1351844-fcf0-4f13-ab0a-d982287c1eef.xml,Testosterone,"ACTIVE INGREDIENTS:  Testosterone 30X.

INDICATIONS:  For temporary relief of sexual debility from nervous prostration, for enhancing sexual function, nervous exhaustion causing lack of sexual desire.

WARNINGS:  Not intended for persons under the age of 18.
                  If pregnant or breast-feeding, do not use
                  Consult a health professional prior to use if you have any pre-existing medical conditions or take any prescription medications.  Do not consume with any caffeine or stimulants.  Improper use will not improve results and is potentially hazardous to a person's health.
                  Use only as directed.
                  Keep out of reach of children.  In case of overdose, get medical help or contact a Poison Control Center right away.
                  Do not use if tamper evident seal is broken or missing.
                  To report a serious adverse event or obtain product information, please call 1-866-607-2768.

DIRECTIONS:  Adults take 1-2 tablets daily.  Read warnings and use only as directed.

INACTIVE INGREDIENTS:
                      Creatine monohydrate, Croscarmellose sodium, Magnesium stearate, Mucrocrystalline cellulose, Silicon dioxide, Stearic acid.

KEEP OUT OF REACH OF CHILDREN.  In case of overdose, get medical help or contact a Poison Control Center right away.

INDICATIONS:  For temporary relief of sexual debility from nervous prostration, for enhancing sexual function, nervous exhaustion causing lack of sexual desire.

Developed by and manufactured for:
                  
                  Zoe Processing
                  4180 Pletezer Blvd.
                  Rootstown, OH 44272
                  WWW.TESTOSTERONERX.COM

Testosterone Tablets
                  
                  IUPAC Name: 17-hydroxy-10, 13-dimethyl-1,2,6,7,8,9,11,12,14,15,16,17-dodecahydrocyc iopenta[a]phenanthren-3-one
                  CAS Number: 58-22-0
                  Chemical Formula: C19H2802
                  Homeopathic
                  50 Tablets"
35938e55-d244-d20b-e063-6394a90a9d66.xml,Rhus Tox 30X,"Active ingredients HPUS: Each globule contains 1% Rhus Tox 30X

For swollen joints, stiffness, herpes, chickenpox and weather-related aches*

For swollen joints, stiffness, herpes, chickenpox and weather-related aches*

If symptoms worsen or persist for more than 7 days, consult a physician.

If pregnant or breastfeeding, ask a health professional before use.

Keep out of reach of children.

3 globules 3 times a day or as directed by a homeopath. Oral/Sublingual use.

Organic cane sugar globules.

1 (888) 290-8140 or schmidt-nagel.com

Conservation: 15°C - 25°C

*Claims based on traditional homeopathic practices, not accepted medical evidences. Not FDA evaluated."
d1c58e66-a542-42a8-b67a-8928a8c07c2d.xml,Progesterone,"Progesterone 6X, 12X, 30X, 12C, 30C.

Progesterone - hormonal support**
                  **Claims based on traditional homeopathic practice, not accepted medical evidence. Not FDA evaluated.

For temporary relief of aching legs, backache, mood swings, painful menses, painful breasts, headaches, hot flashes, and nervousness.**
                  **Claims based on traditional homeopathic practice, not accepted medical evidence. Not FDA evaluated.

If pregnant or breast-feeding, ask a health care professional before use.
                  
                     Keep out of reach of children. In case of overdose, get medical help or contact a Poison Control Center right away.
                  Do not use if tamper evident seal is broken or missing.
                  Store in a cool, dry place.

In case of overdose, get medical help or contact a Poison Control Center right away.

• 10 drops orally, 3 times a day.
                  • Consult a health care professional for use in children under 12 years of age.

Demineralized Water, 25% Ethanol

Distributed by:
                     BioActive Nutritional, Inc.1803 N. Wickham Rd.Melbourne, FL 32935
                     bioactivenutritional.com
                  
                  
                     1-800-288-9525

BIOActive Nutritional
                  
                  
                     PROGESTERONE
                  
                  
                     HOMEOPATHIC
                  
                  
                     1 fl. oz. (30mL)"
ba3e1261-8c36-471c-a44b-b34757a52915.xml,Chamomilla,"Chamomilla 200C.

To be used according to standard homeopathic indications.**
                  
                  **These statements are based upon traditional homeopathic practice. They have not been reviewed by the Food and Drug Administration.

If pregnant or breastfeeding, ask a health professional before use.
                  
                     Keep out of reach of children. In case of overdose, get medical help or contact a Poison Control Center right away.
                  Do not use if tamper evident seal is broken or missing.
                  Store in a cool, dry place.

Keep out of reach of children. In case of overdose, get medical help or contact a Poison Control Center right away.

Adults and children 5 to 10 drops orally, 1 time daily or as otherwise directed by a health care professional. If symptoms persist, consult your health care professional. Consult a physician for use in children under 12 years of age.

To be used according to standard homeopathic indications.**
                  
                  **These statements are based upon traditional homeopathic practice. They have not been reviewed by the Food and Drug Administration.

Demineralized water, 20% Ethanol

Dist. by Energique, Inc.
                  201 Apple Blvd.
                  Woodbine, IA 51579   800.868.8078

ENERGIQUE
                  
                  SINCE 1987
                  
                     CHAMOMILLA
                  
                  
                     200C
                  
                  1 fl. oz. (30 ml)"
7a9bef59-e0c2-4452-be30-7f9f6469a899.xml,Joint Pain and Stiffness Relief,"(in each spray): 0.21% of Calendula Officinalis 12X, Croton Tiglium 30X, Natrum Muriaticum 30X, Plantago Major 30X, Rhus Tox 30X, Sarsaparilla (Smilax Regelii) 30X.

May temporarily relieve pain due to inflammation caused by but not limited to the following: sprains, minor joint inflammation, trauma.**
                  **Claims based on traditional homeopathic practice, not accepted medical evidence. Not FDA evaluated.

For external use only.
                  
                  
                     If pregnant or breast-feeding, ask a health professional before use.
                  
                     Keep out of reach of children. If swallowed, get medical help or contact a Poison Control Center right away.
                  Do not get into eyes.
                  
                     Do not use if tamper evident seal is broken or missing.
                  
                  
                     
                        SHAKE WELL

Keep out of reach of children. If swallowed, get medical help or contact a Poison Control Center right away.

Adults and children shake well and spray liberally on affected area as needed. If symptoms persist for more than 7 days, consult your health care professional. Consult a physician for use in children under 12 years of age.

May temporarily relieve pain due to inflammation caused by but not limited to the following: sprains, minor joint inflammation, trauma.**
                  **Claims based on traditional homeopathic practice, not accepted medical evidence. Not FDA evaluated.

Aloe Vera Leaf Juice, Arnica Flower*, Caprylyl Glycol, Chaparral Leaf*, Citric Acid, Comfrey Leaf*, Dragon's Blood Croton Sap, English Lavender Buds*, Ethanol, Ionic Colloidal Silver, Lemon Balm Leaf*, PEG-8 Dimethicone, PEG-14, PEG-33, Phenoxyethanol, Poke Berries*, Poke Root*, Potassium Sorbate, Purified Water, Sodium Benzoate, Sodium Bicarbonate, Sorbic Acid, St. John's Wort Aerial Parts*, Tocopherols (soy), Vitamin C, Whey Protein Concentrate (Milk), White Willow Bark* and Yarrow Flower*.

Dist. by Energique, Inc., 201 Apple Blvd.Woodbine, IA 51579   800.869.8078

ENERGIQUE
                  
                  SINCE 1987
                  HOMEOPATHIC REMEDY
                  
                     JOINT PAIN
                  
                  
                     & STIFFNESS
                  
                  
                     RELIEF
                  
                  Topical Spray
                  1 fl. oz. (30 ml)"
35934f37-19ff-b660-e063-6394a90a4b2b.xml,Arsenicum Album 30X,"Active ingredients HPUS: Each globule contains 1% Arsenicum Album 30X

For digestive disturbances, food poisoning, anxiety disorders, and even cold symptoms*

For digestive disturbances, food poisoning, anxiety disorders, and even cold symptoms*

If symptoms worsen or persist for more than 7 days, consult a physician.

If pregnant or breastfeeding, ask a health professional before use.

Keep out of reach of children.

3 globules 3 times a day or as directed by a homeopath. Oral/Sublingual use.

Organic cane sugar globules.

1 (888) 290-8140 or schmidt-nagel.com

*Claims based on traditional homeopathic practices, not accepted medical evidences. Not FDA evaluated."
35932d03-4c7f-a3a2-e063-6394a90a1a1f.xml,Apis mellifica 30X,"Active ingredients HPUS: Each globule contains 1% Apis mellifica 30X

For stinging edemas from stings, and angina with oedema*

For stinging edemas from stings, and angina with oedema*

If symptoms worsen or persist for more than 7 days, consult a physician.

If pregnant or breastfeeding, ask a health professional before use.

Keep out of reach of children.

3 globules 3 times a day or as directed by a homeopath. Oral/Sublingual use.

Organic cane sugar globules.

1 (888) 290-8140 or schmidt-nagel.com

Conservation: 15°C - 25°C

*Claims based on traditional homeopathic practices, not accepted medical evidences. Not FDA evaluated."
403b2031-cab5-4d3f-81a7-9ae4fdad3b09.xml,SleepEase,"Aquilegia 4X, Avena 4X, Chamomilla 4X, Coffea cruda 200C, Cypripedium 4X, Humulus 4X, Kali phos 12X, Passiflora 4X, Valeriana 4X, Zinc met 12X.

If sleeplessness persists continuously for more than 2 weeks, consult your doctor. Insomnia may be a symptom of serious underlying medical illness. If pregnant or breast-feeding, ask a health care professional before use. Keep out of reach of children. Contains alcohol, in case of overdose, get medical help or contact a Poison Control Center right away.

Contains alcohol, in case of overdose, get medical help or contact a Poison Control Center right away.

Temporarily relieves the common symptoms of sleeplessness, including:
                  º wakefulness
                  º restlessness
                  º emotional stress and anxiety
                  º caffeine sensitivity

Adults and children over 12: 2 sprays into the mouth at bedtime and if sleep is interrupted.Children Under 12: consult a health care professional.

Do not use if the transparent seal around spray bottle is broken or missing.

Temporarily relieves the common symptoms of sleeplessness, including:
                  ° wakefulness
                  ° restlessness
                  ° emotional stress and anxiety
                  ° caffeine sensitivity
                  ° natural
                  ° gluten free
                  ° no artifical flavors or colors
                  ° vegan
                  ° no known negative side effects
                  ° no known negative drug interactions

Non-GMO Glycerin, organic alcohol 20% v/v, purified water.

NDC 61096-2001-1
                  
                  
                     sprayology
                  
                  
                     SleepEase
                  
                  
                     RELIEVES 
                  
                  
                     RESTLESSNESS
                  
                  
                     HOMEOPATHIC ORAL SPRAY
                  
                  
                     1.38 fl.oz (41 ml)"
626cf9de-6458-44aa-9677-41b5bb6b13ce.xml,Appetite and Weight with P.H.A.T.,"Initially, depress pump untilprimed.
                  Spray one dose directly intomouth.
                  
                     
                     Adults: 3 sprays 3 times per
                     
                     day.
                  
                  
                     Children ages 6-12: 2 sprays 3
                     
                     times per day.
                  
                  
                     Consult a physician for use in
                     
                     children under 6 years of age.
                  
                  
                     Use additionally as needed, upto 6 times per day.
                  ﻿Reference image:Appetite and Weight.jpg

Other information
                     
                     Tamper resistant for your protection.
                     Use only if safety seal is intact.
                  Keep carton for complete drug facts and product information.
                  Questions? Call 866.298.2740
                  King Bio, Inc. 3 Westside Drive
                  Asheville, NC 2806 USA
                  FDA Reg. #1053442
                  For latest product information and instructions: www.DrKings.com
                  Reference image:Appetite and Weight.jpg

Citrus Extract (ascorbic acid, citric acid, citrus aurantium amara fruit extract, citrus aurantium sinensis peel extract, citrus reticulata fruit extact, demineralized water, glycerin, lactic acid), Honeysuckle (Lonicera japonica), Polylysine, Purified Water, Shagbark Hickory (Carya Ovata) Bark Extract, Steviol (Steviol Glycosides).
                  Reference image:Appetite and Weight.jpg

Equal volumes of each HPUS ingredient in 10X, 30X, and 1LMpotencies.
                  Adrenalinum, Adrenocorticotrophin (30X), Agrimonia eupatoria, flos, Anacardium orientale, Antimonium crudum, Calcarea carbonica, Castanea sativa, flos, Cortisone aceticum, Fucus vesiculosus, Hypothalamus, Kali bichromicum, Oleander, Pituitarum posterium, Sabadilla,Staphysagria, Thyroidinum.
                  **“HPUS” indicates the active ingredients are in the officialHomeopathic Pharmacopeia of the United States.
                  
                  Reference image:Appetite and Weight.jpg

Temporarily relieves symptoms contributing to: excessive appetite 
                  
                     Constitutional tendency to gain fat
                  
                  Cravings for sweets and starches  
                  Water retention
                  Overeating  
                  Ravenous hunger 
                  
                     Excess weight
                  
                  
                     Abdominal fat
                  
                  As per various homeopathic materia medicas. Claims basedon traditional homeopathic practice, not accepted medicalevidence. These uses have not been evaluated by the FDA,and product has not been clinically tested.
                  Reference image:Appetite and Weight.jpg

Stop use and consult a physician if symptoms worsen orpersist for more than 7 days.
                  
                     If pregnant or breast-feeding, ask a healthcare professionalbefore use.
                     Keep out of reach of children.
                  
                  In case of overdose, get medical help or contact a Poison Control Center immediately.
                  Reference image:Appetite and Weight.jpg

Keep out of reach of children.
                  
                  In case of overdose, get medical help or contact a Poison Control Center immediately.
                  Reference image:Appetite and Weight.jpg

Equal volumes of each HPUS ingredient in 10X, 30X, and 1LMpotencies.
                  Adrenalinum ................................increased appetite, indigestionAdrenocorticotrophin (30X) ............. fat face, neck, and shouldersAgrimonia eupatoria, flos .............................................cravingsAnacardium orientale ........................... empty feeling in stomachAntimonium crudum ...........tendency to grow fat, constant hungerCalcarea carbonica ......................ravenous hunger, abdominal fatCastanea sativa, flos ....................................................sadnessCortisone aceticum ................................. fat and water retentionFucus vesiculosus......................................................overweightHypothalamus ...............................................thyroid imbalancesKali bichromicum......................................fatty infiltration of liverOleander .....................................hurried eating without appetitePituitarum posterium ...........................................water retentionSabadilla ...................................cravings for sweets and starchesStaphysagria .....................flabby stomach, hunger even when fullThyroidinum .................................. increased appetite for sweets
                  
                  **“HPUS” indicates the active ingredients are in the officialHomeopathic Pharmacopeia of the United States
                  Reference image:Appetite and Weight.jpg"
359366ea-aad4-c046-e063-6394a90aae2e.xml,Chamomilla 30X,"Active ingredients HPUS: Each globule contains 1% Chamomilla 30X

For teething, irritability, and restlessness*

For teething, irritability, and restlessness*

If symptoms worsen or persist for more than 7 days, consult a physician.

If pregnant or breastfeeding, ask a health professional before use.

Keep out of reach of children.

3 globules 3 times a day or as directed by a homeopath. Oral/Sublingual use.

Organic cane sugar globules.

1 (888) 290-8140 or schmidt-nagel.com

Conservation: 15°C - 25°C

*Claims based on traditional homeopathic practices, not accepted medical evidences. Not FDA evaluated."
35b75b1f-c57b-2237-e063-6394a90a8c1e.xml,Sepia 30c,"HOMEOPATHIC DILUTION OF HPUS Sepia 30c.

Menstrual symptoms* - Moodiness*

(adults/children) Dissolve 5 pellets under the tongue 3 times a day until symptoms are relieved or as directed by a physician.

Condition listed above or as directed by a physician.

Stop use and ask a physician if symptoms persist for more than 3 days or worsen.

If pregnant or breast-feeding, ask a health professional before use.

Keep out of reach of children.

Store at room temperature.

Do not use if pellet-dispenser seal is broken.

Sucrose.

INFO@OLLOIS.COM * WWW.OLLOIS.COM * MADE IN FRANCE. NOT REVIEWED BY THE FDA AND NOT GUARANTEED TO BE EFFECTIVE. THIS HOMEOPATHIS DILUTION MAY NOT BE SUSEPTIBLE TO SCIENTIFIC MEASUREMENT.

Condition listed above or as directed by a physician."
5faf3e52-7265-4246-9ad6-7bb3a8e4bbbd.xml,Sinus Tonic,"Apis Mellifica 12X, Ascorbic Acid 12X, Baptisia Tinctoria 3X, Echinacea 1X, Hepar Sulphuris Calcareum 12X, Hydrastis Canadensis 5X, Kali Bichromicum 12X, Lachesis Mutus 12X, Mercurius Iodatus Ruber 12X, Mercurius Sulphuratus Ruber 12X, Pantothenic Acid 28C, Pulsatilla 12X, Pyridoxinum Hydrochloricum 6X, Silicea 12X, Sinusitisinum 30X, 60X, 200X, Spongia Tosta 6X, Thiaminum, Hydrochloricum 4X.

Apis Mellifica - swelling,** Ascorbic Acid – anti-oxidant,** Baptisia Tinctoria – flu like symptoms,** Echinacea – sore throat,** Hepar Sulphuris Calcareum – swollen joints,** Hydrastis Canadensis – post nasal drip,** Kali Bichromicum - congestions,** Lachesis Mutus – anti-inflammatory,** Mercurius Iodatus Ruber – sore throat,** Mercurius Sulphuratus Ruber - congestions,** Pantothenic Acid – lung support,** Pulsatilla – ear infection,** Pyridoxinum Hydrochloricum – night sweats,** Silicea - fatigue,** Sinusitisinum – nasal congestion,** Spongia Tosta – dry cough,** Thiaminum, Hydrochloricum – low energy**
                  **Claims based on traditional homeopathic practice, not accepted medical evidence. Not FDA evaluated.

For temporary relief of redness and swelling of the nasal passages with post nasal drip, thick, yellowish discharge from the nose, foul smell; frequent coryza alternating with stoppage.**
                  **Claims based on traditional homeopathic practice, not accepted medical evidence. Not FDA evaluated.

Sore Throat Warning
                  
                  ﻿S﻿﻿evere or persistent sore throat or sore throat accompanied by high fever, headache, nausea, and vomiting may be serious. Consult physician promptly. Do not use more than 2 days or administer to children under 3 years of age unless directed by physician.
                  
                     If pregnant or breast-feeding, ask a health care professional before use.
                  
                     Keep out of reach of children. In case of overdose, get medical help or contact a Poison Control Center right away.
                  Do not use if tamper evident seal is broken or missing.
                  Store in a cool, dry place.

In case of overdose, get medical help or contact a Poison Control Center right away.

• 10 drops orally, 3 times a day.
                  • Consult a health care professional for use in children under 12 years of age.

Demineralized Water, 25% Ethanol

Distributed by:
                  
                  BioActive Nutritional, Inc.
                  1803 N. Wickham Rd.
                  Melbourne, FL 32935
                  
                     bioactivenutritional.com
                  
                  
                     1-800-288-9525

BIOActive Nutritional
                  
                  
                     SINUS TONIC
                  
                  
                     HOMEOPATHIC
                  
                  
                     2fl. oz. (60mL)"
35b70872-2f30-2179-e063-6294a90a367c.xml,APIS MELLIFICA 200CK,"HOMEOPATHIC DILUTION OF HPUS Apis Mellifica 200ck **C,K, CK, AND X ARE HOMEOPATHIC DILUTIONS.

Stinging edemas from stings or allergies, relieved by cold*

(adults/children) Dissolve 5 pellets under the tongue 3 times a day until symptoms are relieved or as directed by a physician.

Condition listed above or as directed by a physician.

Stop use and ask a physician if symptoms persist for more than 3 days or worsen.

If pregnant or breast-feeding, ask a health professional before use.

Keep out of reach of children.

Store at room temperature.

Do not use if pellet-dispenser seal is broken.

Sucrose.

INFO@OLLOIS.COM * www.ollois.com * MADE IN FRANCE. NOT REVIEWED BY THE FDA AND NOT GUARANTEED TO BE EFFECTIVE. THIS HOMEOPATHIC DILUTION MAY NOT BE SUSCEPTIBLE TO SCIENTIFIC MEASUREMENT.

Condition listed above or as directed by a physician."
35935edb-b130-8e4c-e063-6394a90aeb96.xml,Belladonna 30X,"Active ingredients HPUS: Each globule contains 1% Belladonna 30X

For reducing fever with perspiration, headache, and inflammation*

For reducing fever with perspiration, headache, and inflammation*

If symptoms worsen or persist for more than 7 days, consult a physician.

If pregnant or breastfeeding, ask a health professional before use.

Keep out of reach of children.

3 globules 3 times a day or as directed by a homeopath. Oral/Sublingual use.

Organic cane sugar globules.

1 (888) 290-8140 or schmidt-nagel.com

Conservation: 15°C - 25°C

*Claims based on traditional homeopathic practices, not accepted medical evidences. Not FDA evaluated."
35b6e2b8-1cbd-06e6-e063-6294a90a5883.xml,SEVENE USA,"HOMEOPATHIC DILUTION OF HPUS Apis Mellifica 30C.

Stinging edemas from stings or allergies, relieved by cold*

(adults/children) Dissolve 5 pellets under the tongue 3 times a day until symptoms are relieved or as directed by a physician.

Condition listed above or as directed by a physician.

Stop use and ask a physician if symptoms persist for more than 3 days or worsen.

If pregnant or breast-feeding, ask a health professional before use.

Keep out of reach of children.

Store at room temperature.

Do not use if pellet-dispenser seal is broken.

Sucrose.

INFO@OLLOIS.COM * www.ollois.com * MADE IN FRANCE. NOT REVIEWED BY THE FDA AND NOT GUARANTEED TO BE EFFECTIVE. THIS HOMEOPATHIC DILUTION MAY NOT BE SUSCEPTIBLE TO SCIENTIFIC MEASUREMENT."
395396d3-1f46-4f20-89b7-e9fe47b6a777.xml,Cesium Chloride,"Cesium Chloride 6X.

For temporary relief of tissue acidosis; increases oxygen utilization within cells; increases alkalinity within cells.

If pregnant or breast-feeding, ask a health care professional before use.
                  
                     Keep out of reach of children. In case of overdose, get medical help or contact a Poison Control Center right away.
                  Do not use if tamper evident seal is broken or missing.
                  Store in cool, dry place.

Keep out of reach of children. In case of overdose, get medical help or contact a Poison Control Center right away.

10 drops orally, 3 times a day. Consult a physician for use in children under 12 years of age.

For temporary relief of tissue acidosis; increases oxygen utilization within cells; increases alkalinity within cells.

Demineralized water, 25% Ethanol

Distributed by:BioActive Nutritional, Inc.1803 N. Wickham Rd.Melbourne, FL 32935bioactivenutritional.com

BIOActive Nutritional
                  
                  
                     CESIUM CHLORIDE 6X
                  
                  
                     HOMEOPATHIC
                  
                  
                     1 FL OZ (30 ml)"
13b7abaf-08ed-40ec-ba1e-f18f666c0c0d.xml,InflammationI,"Echinacea (Angustifolia) 3X, Nasturtium Aquaticum 3X, Phytolacca Decandra 4X, Hydrastis Canadensis 5X, Apis Mellifica 12X, Belladonna 12X, Ferrum Phosphoricum 12X, Nitricum Acidum 12X, Oleander 12X, Silicea 12X.

For temporary relief of swollen throat, minor throbbing pain deep in the ear; joints swollen and hot; chills and fever with nausea.

If pregnant or breast-feeding, ask a health care professional before use.
                  
                     Keep out of reach of children. In case of overdose, get medical help or contact a Poison Control Center right away.
                  Do not use if tamper evident seal is broken or missing.
                  Store in cool, dry place.
                  
                  
                     WARNING: Severe or persistent sore throat or sore throat accompanied by high fever, headache, nausea, and vomiting may be serious. Consult a physician promptly. Do not use more than two days or administer to children under 3 years of age unless directed by physician.

Keep out of reach of children. In case of overdose, get medical help or contact a Poison Control Center right away.

10 drops orally, 3 times a day. Consult a physician for use in children under 12 years of age.

For temporary relief of swollen throat, minor throbbing pain deep in the ear; joints swollen and hot; chills and fever with nausea.

Demineralized Water, 25% Ethanol.

Distributed by:
                  BioActive Nutritional, Inc.
                  1803 N. Wickham Rd.
                  Melbourne, FL 32935
                  bioactivenutritional.com

BIOActive Nutritional
                  
                  
                     INFLAMMATION I
                  
                  
                     HOMEOPATHIC
                  
                  
                     1 FL OZ (30 ml)"
7ea2ba43-9c1b-4ac6-87fd-d77c348dedb4.xml,"Adenosinum cyclophosphoricum, Adrenalinum, Adrenocorticotrophin (30X, 100X), Alfalfa, Allium cepa, Arum triph, Arundo mauritanica, Bellis, Conium, Cortisone aceticum, Equisetum hyem, Euphrasia, Fagopyrum, Galphimia, Histaminum hydrochloricum, Kali mur, Millefolium, Nat mur, Prunus spin, RNA, Sabadilla, Solidago","Stop use and ask your doctor if symptoms
                     
                     persist or worsen.
                  
                  
                     If pregnant or breast-feeding, take only on
                     
                     advice of a healthcare professional.
                  
                  
                     Keep out of reach of children.
                  
                  Reference image:Allergies Pacific.jpg

Keep out of reach of children.
                  
                  Reference image:Allergies Pacific.jpg

Initially, depress pump untilprimed. Spray one dose directly into mouth.
                  
                     Adults: 3 sprays 3 times per day.
                     
                     Children (6 - 12): 2 sprays 3 times per day.
                     
                     Consult a physician for use in children
                     
                     under 6 years of age.
                  
                  Use additionally asneeded, up to 6 times per day.
                  Reference image:Allergies Pacific.jpg

Tamper resistant for your protection. Useonly if seal is intact. This product has not beenclinically tested.
                  King Bio, Inc. FDA Reg. #10534423 Westside Dr. Asheville, NC 28806 USAQuestions? Call 866.298.2740
                  Reference image:Allergies Pacific.jpg

Adenosinumcyclophosphoricum, Adrenalinum,Adrenocorticotrophin (30X, 100X), Alfalfa, Alliumcepa, Arum triph, Arundo mauritanica, Bellis, Conium,Cortisone aceticum, Equisetum hyem, Euphrasia,Fagopyrum, Galphimia, Histaminum hydrochloricum,Kali mur, Millefolium, Nat mur, Prunus spin, RNA,Sabadilla, Solidago.
                  Equal volumes of each HPUS ingredient in 12X, 30X,100X, 1LM,2LM, 3LM, 5LM potencies, unless otherwise noted. 
                  Reference image:Allergies Pacific.jpg

For temporary relief of: 
                  Red
                  Itchy
                  Watery eyes
                  Sore throat
                  Cough
                  Runny nose
                  Sneezing
                  Congestion
                  Headaches
                  Hoarseness
                  Fatigue
                  Reference image: Allergies Pacific.jpg

Citrus Extract (ascorbicacid, citric acid, citrus aurantium amara fruitextract, citrus aurantium sinensis peel extract,citrus reticulata fruit extract, demineralized water,glycerin, lactic acid), Honeysuckle (Lonicerajaponica), Polylysine, Purified Water, ShagbarkHickory (Carya ovata) Bark Extract, Steviol(Steviol glycosides).
                  Reference image: Allergies Pacific.jpg

For temporary relief of: red, itchy,watery eyes, sore throat, cough, runny nose,sneezing, congestion, headaches, hoarseness,& fatigue.
                  
                  Reference image:Allergies Pacific.jpg"
28bfacec-d5ea-4620-86c1-76c2d6200295.xml,Neurotox,"Agaricus Muscarius 12X, Coccus Cacti 12X, Conium Maculatum 12X, Lycopodium Clavatum 12X, Phosphorus 12X, Aluminium Metallicum 12X, 30X, Antimonium Crudum 12X, 30X, Argentum Metallicum 12X, 30X, Arsenicum Album 12X, 30X, Aurum Metallicum 12X, 30X, Baryta Carbonica 12X, 30X, Beryllium Metallicum 12X, 30X, Bismuthum Metallicum 12X, 30X, Boron 12X, 30X, Bromium 12X, 30X, Cadmium Metallicum 12X, 30X, Cerium Metallicum 12X, 30X, Cesium Chloride 12X, 30X, Chromium 12X, 30X, Cobaltum Metallicum 12X, 30X, Cuprum Metallicum 12X, 30X, Dysprosium Metallicum 12X, 30X, Erbium Metallicum 12X, 30X, Europium Metallicum 12X, 30X, Ferrum Metallicum 12X, 30X, Gadolinium Metallicum 12X, 30X, Germanium Sesquioxide 12X, 30X, Holmium Metallicum 12X, 30X, Indium Metallicum 12X, 30X, Lithium Carbonicum 12X, 30X, Magnesium Metallicum 12X, 30X, Manganum Metallicum 12X, 30X, Mercurius Solubilis 12X, 30X, Molybdenum 12X, 30X, Neodymium Oxide 12X, 30X, Niccolum Metallicum 12X, 30X, Osmium Metallicum 12X, 30X, Palladium Metallicum 12X, 30X, Platinum Metallicum 12X, 30X, Plumbum Metallicum 12X, 30X, Praseodymium Metallicum 12X, 30X, Rhodium Metallicum 12X, 30X, Rubidium Nitricum 12X, 30X, Samarium Metallicum 12X, 30X, Selenium Metallicum 12X, 30X, Stannum Metallicum 12X, 30X, Strontium Carbonicum 12X, 30X, Terbium Metallicum 12X, 30X, Thallium Metallicum 12X, 30X, Uranium Nitricum 12X, 30X, Vanadium Metallicum 12X, 30X, Ytterbium Oxide 12X, 30X, Zincum Metallicum 12X, 30X, Gelsemium Sempervirens 30X, Influenzinum 30X, Latrodectus Mactans 30X, Morbillinum 30X, Rhus Tox 30X, Tarentula Cubensis 30X, Botulinum 30X, 60X, Escherichia Coli Colibacillinum Cum Natrum Muriaticum 30X, 60X, Proteus (Vulgaris) 30X, 60X, Pseudomonas Aeruginosa 30X, 60X, Proteus (Morgani) 30X, 60X, Salmonella Typhi Nosode 33X, Lanthanum Metallicum 14C, Clostridium Perfringens 15C, 30C, Epstein-Barr Virus Nosode 30C, Niobium Metallicum 30C, Poliomyelitis Nosode 30C, Tantalum Metallicum 30C.

For temporary relief of symptoms due to numbness, tingling, muscle cramps, and nerve pain.

If pregnant or breast-feeding, ask a health care professional before use.
                  
                     Keep out of reach of children. In case of overdose, get medical help or contact a Poison Control Center right away.
                  Do not use if tamper evident seal is broken or missing.
                  Store in cool, dry place.

In case of overdose, get medical help or contact a Poison Control Center right away.

10 drops orally, 3 times a day. Consult a physician for use in children under 12 years of age.

For temporary relief of symptoms due to numbness, tingling, muscle cramps, and nerve pain.

Demineralized Water, 25% Ethanol

Distributed by:BioActive Nutritional, Inc.1803 N. Wickham Rd.Melbourne, FL 32935bioactivenutritional.com

BIOActiveNutritional
                     
                     NEUROTOX
                     
                     HOMEOPATHIC
                     
                     2 FL OZ (60 ml)"
f59b92f7-2eea-41ea-ae7b-0efde6b7b25e.xml,Adrenal Tonic,"Adrenalinum 12X, 30X, Aralia Quinquefolia MT, Arsenicum Album 12X, Avena Sativa 3X, Glandula Suprarenalis Bovine 8X, Glycyrrhiza Glabra MT, Kali Phosphoricum 12X, Natrum Muriaticum 12X, Nux Vomica 12X, Phosphoricum Acidum 12X, Sarsaparilla MT, 12X, Veratrum Album 12X.

Adrenalinum - fatigue,** Aralia Quinquefolia - rheumatism,** Arsenicum Album - weakness,** Avena Sativa – nervous exhaustion,** Glandula Suprarenalis Bovine – adrenal support,** Glycyrrhiza Glabra – adrenal support,** Kali Phosphoricum - headache,** Natrum Muriaticum - fatigue,** Nux Vomica - restlessness,** Phosphoricum Acidum – Acidum debility,** Sarsaparilla – minor injury,** Veratrum Album – weakness**
                  **Claims based on traditional homeopathic practice, not accepted medical evidence. Not FDA evaluated.

For temporary relief of marked debility producing nervous exhaustion, weakness and exhaustion following acute illness; and rheumatic pains in the sacrum and joints with muscular weakness.**
                  **Claims based on traditional homeopathic practice, not accepted medical evidence. Not FDA evaluated.

If pregnant or breast-feeding, ask a health care professional before use.
                  
                     Keep out of reach of children. In case of overdose, get medical help or contact a Poison Control Center right away.
                  Do not use if tamper evident seal is broken or missing.
                  Store in a cool, dry place.

In case of overdose, get medical help or contact a Poison Control Center right away.

• 10 drops orally, 3 times a day.
                  • Consult a health care professional for use in children under 12 years of age.

Demineralized Water, 25% Ethanol

Distributed by:
                  
                  BioActive Nutritional, Inc.
                  1803 N. Wickham Rd.
                  Melbourne, FL 32935
                  
                     bioactivenutritional.com
                  
                  
                     1-800-288-9525

BIOActive Nutritional
                  
                  
                     ADRENAL TONIC
                  
                  
                     HOMEOPATHIC
                  
                  
                      2 fl. oz. (60mL)"
1e29c0d2-b8f3-4a0e-a759-709f7b35ed68.xml,Tree Antigens,"(in each drop): 7.68% of Arsenicum Album 12X, Lycopodium Clavatum 12X, Pulsatilla (Pratensis) 12X; Magnolia Grandiflora 16X, 24X, 30X, Myrica Cerifers 16X, 24X, 30X; Lilac (Syringa Vulgaris) 16C, 24C, 30C. 2.56% of Alder 16X, 24X, 30X, American Elm 16X, 24X, 30X, Ash 16X, 24X, 30X, Beech 16X, 24X, 30X, Cedar 16X, 24X, 30X, Elder (Box Elder) 16X, 24X, 30X, Hazel 16X, 24X, 30X, Hickory 16X, 24X, 30X, Maple 16X, 24X, 30X, Oak 16X, 24X, 30X, Plane (Sycamore) 16X, 24X, 30X, Poplar 16X, 24X, 30X, Silver Birch 16X, 24X, 30X, Willow 16X, 24X, 30X. 0.03% of Abies Canadensis 6X, 12X, 30X, Conium Maculatum 6X, 12X, 30X, Oleander 6X, 12X, 30X, Tulip Gesneriana 6X, 12X, 30X.

May temporarily relieve symptoms associated with tree sensitivities, such as congestion and runny nose and sneezing.**
                  **Claims based on traditional homeopathic practice, not accepted medical evidence. Not FDA evalutated.

If pregnant or breastfeeding, ask a health professional before use.
                  
                     Keep out of reach of children. In case of overdose, get medical help or contact a Poison Control Center right away.
                  Do not use if tamper evident seal is broken or missing.
                  Store in a cool, dry place.

Keep out of reach of children. In case of overdose, get medical help or contact a Poison Control Center right away.

Adults and children 5 to 10 drops orally, 3 times daily or as otherwise directed by a health care professional. If symptoms persist for more than 7 days, consult your health care professional. Consult a physician for use in children under 12 years of age.

May temporarily relieve symptoms associated with tree sensitivities, such as congestion and runny nose and sneezing.**
                  **Claims based on traditional homeopathic practice, not accepted medical evidence. Not FDA evalutated.

Demineralized water, 20% Ethanol.

Dist. by Energique, Inc.
                  201 Apple Blvd.
                  Woodbine, IA 51579 800.869.8078

ENERGIQUE
                  
                  SINCE 1987
                  
                     HOMEOPATHIC REMEDY
                  
                  
                     TREE
                  
                  
                     ANTIGENS
                  
                  
                     1 fl. oz. (30 ml)"
b1b1b698-e91b-4a7f-9f5c-3c2f5d861651.xml,Acne Rescue,"Borax 30X, Carbo Vegetabilis 12X, Carboneum Sulphuratum 12X, Causticum 12X, Natrum Muriaticum 30X, Silicea 30X.

Temporarily relieves symptoms associated with acne: • pimples • redness • itching • inflammation.**
                  
                  **These statements are based upon traditional homeopathic practice. They have not been reviewed by the Food and Drug Administration.

For external use only.
                  
                  
                     ﻿When using this product
                  
                  
                     ﻿• Do not get into eyes
                  
                  
                     
                        Stop use and ask a doctor if
                     
                  
                  
                     • Condition worsens
                  
                  
                     • Symptoms last more than 7 days
                  
                  
                     
                        Keep out of reach of children. If swallowed, get medical help or contact a Poison Control Center right away.
                  
                  
                     
                        
                           ﻿If pregnant or breast-feeding, ask a health professional before use.

Keep out of reach of children. If swallowed, get medical help or contact a Poison Control Center right away.

Apply twice daily over affected area. Consult a physician for use in children under 12 years of age.

Temporarily relieves symptoms associated with acne: • pimples • redness • itching • inflammation.**
                  
                  **These statements are based upon traditional homeopathic practice. They have not been reviewed by the Food and Drug Administration.

Aloe Barbadensis Leaf Juice (Aloe Vera 10x Concentrate), Arnica Montana (Flower), Carbomer (Ultrez 21), Larrea Tridentata (Leaf), Symphytum Officinale (Leaf), Edetate Disodium (EDTA), Lavandula Angustifolia (Buds), Melissa Officinalis (Leaf), Natural Plant Extract (Origanox WS), [PEG-33, PEG-8 Dimethicone, PEG-14 (Silsense Copolyol-1 Silicone)], [Phenoxyethanol, Caprylyl Glycol, Sorbic Acid (Optiphen-Plus)], Phytolacca Americana (Berry), Phytolacca Americana (Root), Potassium Sorbate, Purified Water, Sodium Hydroxide (Solution), Hypericum Perforatum (Aerial Parts), Vitamin C (Powder) [Ascorbic Acid], Tocopherol [Vitamin E Oil](Derived From Soy Bean), Salix Alba (Bark), Achillea Millefolium (Flower).

888-303-3388 Mon-Fri 8 a.m.-5 p.m. CST
                  Dist. by Peaceful Mountain, Inc., Woodbine, IA 51579 ι www.peacefulmountain.com

acne
                  rescue
                  
                  homeopathic
                  gel
                  
                  Fast acting, natural
                  formula providing
                  temporary relief from
                  unsightly skin
                  conditions such as
                  acne and rosacea.
                  
                  peaceful mountain
                  THE HEIGHT OF HEALTH
                  
                  Net wt. 0.5 oz. (14 g)"
9b7e41e7-2986-4f44-b6b1-292b696cc1a9.xml,Lungs and Bronchial Relief,"Initially, depress pump untilprimed.
                  
                     Spray one dose directly intomouth.
                  
                     
                     Adults: 3 sprays 3 times per
                     
                     day.
                  
                  
                     
                     Children ages 6-12: 2 sprays 3
                     
                     times per day.
                  
                  
                     
                     Consult a physician for use in
                     
                     children under 6 years of age.
                  
                  
                     Use additionally as needed, upto 6 times per day.
                  ﻿Reference image: Lungs.jpg

Other information
                     
                     Tamper resistant for your protection.
                     Use only if safety seal is intact.
                  Keep carton for complete drug facts and product information.
                  Questions? Call 866.298.2740
                  King Bio, Inc. 3 Westside Drive
                  Asheville, NC 2806 USA
                  FDA Reg. #1053442
                  For latest product information and instructions: www.DrKings.com
                  Reference image: Lungs.jpg

Citrus Extract (ascorbic acid, citric acid, citrus aurantium amara fruit extract, citrus aurantium sinensis peel extract, citrus reticulata fruit extact, demineralized water, glycerin, lactic acid), Honeysuckle (Lonicera japonica), Polylysine, Purified Water, Shagbark Hickory (Carya Ovata) Bark Extract, Steviol (Steviol Glycosides).
                  Reference image: Lungs.jpg

Equal volumes of each HPUS ingredient in 10X, 30X, and 1LMpotencies.Ammonium carbonicum, Antimonium arsenicicum, Antimonium tartaricum, Arsenicum album, Bromium, Carbo vegetabilis, Chlorinum, Kali carbonicum, Lobelia inflata, Stannum metallicum, Sulphuricum acidum.
                  Reference image: Lungs.jpg

For temporary relief of minor symptoms of difficultbreathing:
                  lung congestion
                  bronchial inflammation
                  wheezing
                  hoarseness
                  coughing attacks
                  bronchial mucus
                  mucous congestion
                  dry cough
                  As per various homeopathic materia medicas. Claims basedon traditional homeopathic practice, not accepted medicalevidence. These uses have not been evaluated by the FDA,and product has not been clinically tested.
                  Reference image: Lungs.jpg

Stop use and consult a physician if symptoms worsen orpersist for more than 7 days.
                  
                     If pregnant or breast-feeding, ask a healthcare professionalbefore use.
                     Keep out of reach of children.
                  
                  In case of overdose, get medical help or contact a Poison Control Center immediately.
                  Reference image: Lungs.jpg

Keep out of reach of children.
                  
                  In case of overdose, get medical help or contact a Poison Control Center immediately.
                  Reference image: Lungs.jpg

Equal volumes of each HPUS ingredient in 10X, 30X, and 1LMpotencies.Ammonium carbonicum...............labored breathing, hoarsenessAntimonium arsenicicum ................................ cough with mucusAntimonium tartaricum ..................................... bronchial mucusArsenicum album........................................ wheezing respirationBromium ..................................................... spasmodic coughingCarbo vegetabilis........................... coughing attacks with mucusChlorinum ........................................................bronchial irritationKali carbonicum.......................................... wheezing, dry coughLobelia inflata ................................. ringing cough, short breathsStannum metallicum..............................................cough at nightSulphuricum acidum.......................................... rapid respiration
                  Reference image: Lungs.jpg"
621915dd-4131-45dc-9bdf-809312ff6fcb.xml,Coffee Tea Chocolate Antigens,"(in each drop): 3.84% of Cacao 13X, 15X, 18X, 33X, Causticum 12X, 15X, Coffea Cruda 13X, 15X, 18X, 33X, Kali Bichromicum 12X, 15X, Lycopodium Clavatum 12X, 15X, Nux Vomica 12X, 15X, Oxalicum Acidum 12X, 15X, Pulsatilla (Pratensis) 12X, 15X, Sepia 12X, 15X, Thea Sinensis 13X, 15X, 18X, 33X; 0.10% of Lycopodium Clavatum 3X.

May temporarily relieve symptoms associated with coffee, tea, and chocolate allergies.**
                  
                  **Claims based on traditional homeopathic practice, not accepted medical evidence. Not FDA evaluated.

If pregnant or breast-feeding, ask a health professional before use.
                  
                     Keep out of reach of children. In case of overdose, get medical help or contact a Poison Control Center right away.
                  Do not use if tamper evident seal is broken or missing. Store in a cool, dry place.

Keep out of reach of children. In case of overdose, get medical help or contact a Poison Control Center right away.

Adults and children 5 to 10 drops orally, 3 times daily or as otherwise directed by a health care professional. If symptoms persist for more than 7 days, consult your health care professional. Consult a physician for use in children under 12 years of age.

May temporarily relieve symptoms associated with coffee, tea, and chocolate allergies.**
                  **Claims based on traditional homeopathic practice, not accepted medical evidence. Not FDA evaluated.

Demineralized water, 20% Ethanol.

Dist. by Energique, Inc.
                  
                  201 Apple Blvd
                  Woodbine, IA 51579  800.869.8078

ENERGIQUE
                  
                  SINCE 1987
                  
                     HOMEOPATHIC REMEDY
                  
                  
                     COFFEE/TEA/
                  
                  
                     CHOCOLATE 
                  
                  
                     ANTIGENS
                  
                  
                     1 fl. oz. (30 ml)"
eefe1a11-7df8-49bb-86d6-85ce253c675d.xml,EASTER LILY,"Lilium Longiflorum 12X.

May temporarily relieve symptoms of menstrual discomfort.**
                  **Claims based on traditional homeopathic practice, not accepted medical evidence. Not FDA evaluated.

If pregnant or breast-feeding, ask a health professional before use.
                  
                  
                     Keep out of reach of children. In case of overdose, get medical help or contact a Poison Control Center right away.
                  Do not use if tamper evident seal is broken or missing. Store in a cool, dry place.

Keep out of reach of children. In case of overdose, get medical help or contact a Poison Control Center right away.

Adults and children 5 to 10 drops orally, 1 time daily or as otherwise directed by a health care professional. If symptoms persist, consult your health care professional. Consult a physician for use in children under 12 years of age.

May temporarily relieve symptoms of menstrual discomfort.**
                  **Claims based on traditional homeopathic practice, not accepted medical evidence. Not FDA evaluated.

Demineralized water, 20% Ethanol

Dist. by Energique, Inc.
                  
                  201 Apple Blvd
                  Woodbine, IA 51579   800.869.8078

ENERGIQUE
                  
                  SINCE 1987
                  
                     HOMEOPATHIC REMEDY
                  
                  
                     
                        EASTER LILY 12X
                     
                  
                  
                     1 fl. oz. (30 ml)"
359342d1-c262-b698-e063-6394a90ac612.xml,Aconitum Napellus 30X,"Active ingredients HPUS: Each pellet contains 1% Aconitum napellus 30X

For sudden fever & cough associated with cold or flu.*

For sudden fever & cough associated with cold or flu.*

If symptoms worsen or persist for more than 7 days, consult a physician.

If pregnant or breastfeeding, ask a health professional before use.

Keep out of reach of children.

3 globules 3 times a day or as directed by a homeopath. Oral/Sublingual use.

Organic cane sugar globules.

1 (888) 290-8140 or schmidt-nagel.com

Conservation: 15°C - 25°C

*Claims based on traditional homeopathic practices, not accepted medical evidences. Not FDA evaluated."
9432667c-7e1a-4bc4-ae80-2bcd44451172.xml,Coumarin Phenolic,"(in each drop): 20% of Coumarinum 6X, 12X, 30X, 12C, 30C.

May temporarily relieve symptoms associated with reactions to coumarin.**
                  **Claims based on traditional homeopathic practice, not accepted medical evidence. Not FDA evaluated.

If pregnant or breastfeeding, ask a health professional before use.
                  
                     Keep out of reach of children. In case of overdose, get medical help or contact a Poison Control Center right away.
                  Do not use if tamper evident seal is broken or missing.
                  Store in a cool, dry place.

Keep out of reach of children. In case of overdose, get medical help or contact a Poison Control Center right away.

Adults and children 5 to 10 drops orally, 1 time daily or as otherwise directed by a health care professional. If symptoms persist for more than 7 days, consult your health care professional. Consult a physician for use in children under 12 years of age.

May temporarily relieve symptoms associated with reactions to coumarin.**
                  **Claims based on traditional homeopathic practice, not accepted medical evidence. Not FDA evaluated.

Demineralized Water, 20% Ethanol.

Dist. by Energique, Inc.
                  201 Apple Blvd.
                  Woodbine, IA 51579   800.869.8078

ENERGIQUE
                  
                  SINCE 1987
                  
                     COUMARIN
                  
                  
                     PHENOLIC
                  
                  1 fl. oz. (30 ml)"
35b70b92-d981-ff75-e063-6394a90a3e23.xml,Cantharis 30c,"HOMEOPATHIC DILUTION OF HPUS Cantharis 30c.

Burns & blisters* - Bladder irritation / inflamation*

(adults/children) Dissolve 5 pellets under the tongue 3 times a day until symptoms are relieved or as directed by a physician.

Condition listed above or as directed by a physician.

Stop use and ask a physician if symptoms persist for more than 3 days or worsen.

If pregnant or breast-feeding, ask a health professional before use.

Keep out of reach of children.

Store at room temperature.

Do not use if pellet-dispenser seal is broken.

SUCROSE.

INFO@OLLOIS.COM * www.ollois.com * MADE IN FRANCE. THIS HOMEOPATHIC DILUTION MAY NOT BE SUSEPTIBLE TO SCIENTIFIC MEASUREMENT."
d92a1bcb-88b0-410e-a48f-abf591b8117f.xml,Influaforce,"Echinacea (Angustifolia) 3X, Lomatium Dissectum 3X, Myrrha 3X, Nasturtium Aquaticum 3X, Tabebuia Impetiginosa 3X, Hydrastis Canadensis 5X, Propolis 6X, Bryonia (Alba) 12X, Eupatorium Perfoliatum 12X, Ferrum Phosphoricum 12X, Gelsemium Sempervirens 12X, Ipecacuanha 12X, Mercurius Corrosivus 12X, Pyrogenium 30X, 60X, 200X, Influenzinum 10C, 30C, 200C.

For temporary relief of minor aches and pains in muscles and joints, fever with dryness of mucous membranes and dry cough; muscular soreness and fatigue with headache.

If pregnant or breast-feeding, ask a health care professional before use.
                  
                     Keep out of reach of children. In case of overdose, get medical help or contact a Poison Control Center right away.
                  Do not use if tamper evident seal is broken or missing.
                  Store in cool, dry place.

Keep out of reach of children. In case of overdose, get medical help or contact a Poison Control Center right away.

10 drops orally, 3 times a day. Consult a physician for use in children under 12 years of age.

For temporary relief of minor aches and pains in muscles and joints, fever with dryness of mucous membranes and dry cough; muscular soreness and fatigue with headache.

Demineralized Water, 25% Ethanol

BioActive Nutritional, Inc.
                  1803 N. Wickham Rd.
                  Melbourne, FL 32935
                  bioactivenutritional.com

BIOActive Nutritional
                     
                     INFLUAFORCE
                     
                     HOMEOPATHIC
                     
                     1 FL OZ (30 ml)"
987b05f4-7a2f-49af-b516-9aa840ae41f6.xml,CoughHP,"(in each drop): 10% of Arsenicum Album 30X, Bryonia (Alba) 30X, Corallium Rubrum 30X, Cuprum Aceticum 30X, Drosera (Rotundifolia) 30X, Ipecacuanha 30X, Kali Carbonicum 30X, Phosphorus 30X, Pulsatilla (Pratensis) 30X, Spongia Tosta 30X.

May temporarily relieve symptoms associated with chronic chest congestion: irritation, tickling, thick mucus, and cough with smarting in the chest.**
                  
                     **Claims based on traditional homeopathic practice, not accepted medical evidence. Not FDA evaluated.

If pregnant or breastfeeding, ask a health professional before use.
                  
                     Keep out of reach of children. In case of overdose, get medical help or contact a Poison Control Center right away.
                  Do not use if tamper evident seal is broken or missing.
                  Store in a cool, dry place.

Keep out of reach of children. In case of overdose, get medical help or contact a Poison Control Center right away.

Adults and children 5 to 10 drops orally, 3 times daily or as otherwise directed by a health care professional. If symptoms persist for more than 3 days, consult your health care professional. Consult a physician for use in children under 12 years of age.

May temporarily relieve symptoms associated with chronic chest congestion: irritation, tickling, thick mucus, and cough with smarting in the chest.**
                  **Claims based on traditional homeopathic practice, not accepted medical evidence. Not FDA evaluated.

Demineralized water, 20% Ethanol.

Dist. by Energique, Inc.
                  201 Apple Blvd.
                  Woodbine, IA 51579   800.869.8078

ENERGIQUE
                     SINCE 1987HOMEOPATHIC REMEDY
                     COUGH HP
                     1 fl. oz. (30 ml)"
35939b12-6ee7-d76b-e063-6394a90a4079.xml,Coffea Cruda 30X,"Active ingredients HPUS: Each globule contains 1% Coffea Cruda 30X

For sleeplessness with mental hyperactivity*

For sleeplessness with mental hyperactivity*

If symptoms worsen or persist for more than 7 days, consult a physician.

If pregnant or breastfeeding, ask a health professional before use.

Keep out of reach of children.

3 globules 3 times a day or as directed by a homeopath. Oral/Sublingual use.

Organic cane sugar globules.

1 (888) 290-8140 or schmidt-nagel.com

Conservation: 15°C - 25°C

*Claims based on traditional homeopathic practices, not accepted medical evidences. Not FDA evaluated."
a475b0ec-b13b-4a1b-a3a0-3f2938f53eaa.xml,Ferrum Phos,"ACTIVE INGREDIENTS

Ferrum Phosphoricum 30C

INDICATIONS

To be used according to standard homeopathic indications.  
                  
                  These statements are based upon traditional homeopathic practice.  They have not been reviewed by the Food and Drug Administration.

WARNINGS

If pregnant or breast-feeding, ask a health professional before use.
                  Keep out of reach of children.  In case of overdose, get medical help or contact a Poison Control Center right away.
                  Do not use if tamper evident seal is broken or missing.  Store in a cool, dry place.

DIRECTIONS

Adults and children 5 to 10 drops orally, 1 time daily or as otherwise directed by a health care professional.  If symptoms persist, consult your health care professional.  Consult a physician for use in children under 12 years of age.

INACTIVE INGREDIENTS

Demineralized water, 20% Ethanol.

KEEP OUT OF REACH OF CHILDREN

In case of overdose, get medical help or contact a Poison Control Center right away.

INDICATIONS AND USAGE

To be used according to standard homeopathic indications. 
                  
                  These statements are based upon traditional homeopathic practice.  They have not been reviewed by the Food and Drug Administration.

QUESTIONS

Dist. by Energique, Inc.
                  201 Apple Blvd
                  Woodbine, IA 51579
                  800-869-8078

ENERGIQUE
                  since 1987
                  HOMEOPATHIC REMEDY
                  
                     FERRUM PHOS
                  
                  
                     30C
                  
                  1 fl oz (30 ml)"
63fe2e33-b090-4402-999b-4443dc5ae89a.xml,Drainage,"Calcarea Iodata 12X, Echinacea 3X, Kali Muriaticum 12X, Nitricum Acidum 12X, Phosphoricum Acidum 12X, Phytolacca Decandra 4X, Sulphur 12X, Trifolium Pratense 3X.

Calcarea Iodata – head congestion,** Echinacea – sore throat,** Kali Muriaticum - fever,** Nitricum Acidum - fatigue,** Phosphoricum Acidum - fatigue,** Phytolacca Decandra – throat pain,** Sulphur - inflammation,** Trifolium Pratense – fever**
                  **Claims based on traditional homeopathic practice, not accepted medical evidence. Not FDA evaluated.

For temporary relief of swellings with heat and inflammation, and sore throat.**
                  **Claims based on traditional homeopathic practice, not accepted medical evidence. Not FDA evaluated.

Sore Throat Warning
                  
                  Severe or persistent sore throat or sore throat accompanied by high fever, headache, nausea, and vomiting may be serious. Consult physician promptly. Do not use more than 2 days or administer to children under 3 years of age unless directed by physician.
                  
                     If pregnant or breast-feeding, ask a health care professional before use.
                  
                     Keep out of reach of children. In case of overdose, get medical help or contact a Poison Control Center right away.
                  Do not use if tamper evident seal is broken or missing.
                  Store in a cool, dry place.

In case of overdose, get medical help or contact a Poison Control Center right away.

• 10 drops orally, 3 times a day.
                  • Consult a health care professional for use in children under 12 years of age.

Demineralized Water, 25% Ethanol

Distributed by:
                     BioActive Nutritional, Inc.1803 N. Wickham Rd.Melbourne, FL 32935
                     bioactivenutritional.com
                  
                  
                     1-800-288-9525

BIOActiveNutritional
                  
                  
                     DRAINAGE
                  
                  
                     HOMEOPATHIC
                  
                  
                     1 fl. oz. (30mL)"
35b75182-a5fb-1d2d-e063-6394a90ac78d.xml,SEVENE USA,"HOMEOPATHIC DILUTION OF HPUS Lachesis Mutus 30c.

Hot flashed associated with menopause*

(adults/children) Dissolve 5 pellets under the tongue 3 times a day until symptoms are relieved or as directed by a physician.

Condition listed above or as directed by a physician.

Stop use and ask a physician if symptoms persist for more than 3 days or worsen.

If pregnant or breast-feeding, ask a health professional before use.

Keep out of reach of children.

Store at room temperature.

Do not use if pellet-dispenser seal is broken.

Sucrose.

INFO@OLLOIS.COM * WWW.OLLOIS.COM * MADE IN FRANCE. NOT REVIEWED BY THE FDA AND NOT GUARANTEED TO BE EFFECTIVE. THIS HOMEOPATHIS DILUTION MAY NOT BE SUSEPTIBLE TO SCIENTIFIC MEASUREMENT.

Condition listed above or as directed by a physician."
e6ae5054-2fad-4693-bf37-b592cd051c69.xml,ThroatSpray,"(in each spray): 6.67% of Echinacea (Angustifolia) 1X, Eugenia Caryophyllata 1X, Glycerinum 1X, Myrrha 2X, Salvia Officinalis 2X, Spilanthes Oleracea 2X, Thymus Serpyllum 2X, Baptisia Tinctoria 3X, Phytolacca Decandra 4X, Hydrastis Canadensis 6X, Apis Mellifica 12X, Belladonna 12X, Lachesis Mutus 12X, Mercurius Solubilis 12X, Hepar Sulphuris Calcareum 15X.

May temporarily relieve swollen sensation, minor throat pain, and burning of the throat.**
                  **Claims based on traditional homeopathic practice, not accepted medical evidence. Not FDA evaluated.

If pregnant or breastfeeding, ask a health professional before use.
                  
                     Keep out of reach of children. In case of overdose, get medical help or contact a Poison Control Center right away.
                  Do not use if tamper evident seal is broken or missing.
                  Store in a cool, dry place.
                  Warning - Severe or persistent sore throat or sore throat accompanied by high fever, headache, nausea, and vomiting may be serious. Consult physician promptly. Do not use more than 2 days or administer to children under 3 years of age unless directed by physician.

Keep out of reach of children. In case of overdose, get medical help or contact a Poison Control Center right away.

Adults and children spray orally 4-6 times daily or as otherwise directed by a health care professional. Consult a physician for use in children under 12 years of age.

May temporarily relieve swollen sensation, minor throat pain, and burning of the throat.**
                  **Claims based on traditional homeopathic practice, not accepted medical evidence. Not FDA evaluated.

Demineralized Water, 20% Ethanol, Glycerin.

Dist. by Energique, Inc.
                  201 Apple Blvd.
                  Woodbine, IA 51579  800.869.8078

ENERGIQUE
                  
                  SINCE 1987
                  
                     HOMEOPATHIC REMEDY
                  
                  
                     THROAT
                  
                  
                     SPRAY
                  
                  
                     2 fl. oz. (60 ml)"
04cea90c-b335-4626-87ec-b7c7b9fcb8b4.xml,ArterioforceI,"Arnica Montana 3X, Lilium Tigrinum 4X, Aurum Muriaticum 12X, Cactus Grandiflorus 12X, Digitalis Purpurea 12X, Glonoinum 12X, Nux Vomica 12X, Veratrum Album 12X.

For temporary relief of heaviness, tiredness after minimal exercise, difficulty breathing after exercise.

If pregnant or breast-feeding, ask a health care professional before use.
                  
                     Keep out of reach of children. In case of overdose, get medical help or contact a Poison Control Center right away.
                  Do not use if tamper evident seal is broken or missing.
                  Store in cool, dry place.

10 drops orally, 3 times a day. Consult a physician for use in children under 12 years of age.

Demineralized Water, 25% Ethanol.

Keep out of reach of children. In case of overdose, get medical help or contact a Poison Control Center right away.

For temporary relief of heaviness, tiredness after minimal exercise, difficulty breathing after exercise.

Distributed by:
                  
                     BioActive Nutritional, Inc.
                  
                  1803 N. Wickham Rd.
                  Melbourne, FL 32935
                  bioactivenutritional.com

BIOActive Nutritional
                  
                  
                     ARTERIOFORCE I
                  
                  
                     HOMEOPATHIC
                  
                  
                     1 FL OZ (30 ml)"
50d2dce6-534a-4d56-aecc-56651f97e1e0.xml,LymphI,"Echinacea (Angustifolia) MT, Kali Iodatum 3X, 12X, Phytolacca Decandra 4X, 12X, Pinus Sylvestris 6X, Hypophysis Suis 8X, Apis Mellifica 12X, Aranea Diadema 12X, Belladonna 12X, Calcarea Carbonica 12X, Clematis Erecta 12X, Conium Maculatum 12X, Galium Aparine 12X, Graphites 12X, Lachesis Mutus 12X, Mercurius Praecipitatus Ruber 12X, Myristica Sebifera 12X, Phosphorus 12X, Rhus Tox 12X, Scrophularia Nodosa 12X, Sulphur 12X, Thyroidinum (Suis) 12X, Vespa Crabro 12X.

For temporary relief of glandular swelling with inflammation and induration, glands hot, swollen, painful; scrofulous swelling; axillary glands swollen with soreness of the upper arm.

If pregnant or breast-feeding, ask a health care professional before use.
                  
                     Keep out of reach of children. In case of overdose, get medical help or contact a Poison Control Center right away.
                  Do not use if tamper evident seal is broken or missing.
                  Store in cool, dry place.

Keep out of reach of children. In case of overdose, get medical help or contact a Poison Control Center right away.

10 drops orally, 3 times a day. Consult a physician for use in children under 12 years of age.

For temporary relief of glandular swelling with inflammation and induration, glands hot, swollen, painful; scrofulous swelling; axillary glands swollen with soreness of the upper arm.

Demineralized Water, 25% Ethanol.

Distributed by:BioActive Nutritional, Inc.1803 N. Wickham Rd.Melbourne, FL 32935bioactivenutritional.com

BIOActive Nutritional
                  
                  
                     LYMPH I
                  
                  
                     HOMEOPATHIC
                  
                  
                     2 FL OZ (60 ml)"
ac941b47-45bc-464e-97ac-0bc8adf118a5.xml,Throat Formula,"Baptisia Tinctoria 3X, Phytolacca Decandra 4X, Apis Mellifica 12X, Belladonna 12X, Lachesis Mutus 12X, Mercurius Solubilis 12X, Hepar Sulphuris Calcareum 15X.

For temporary relief of swollen tonsils, throat pain and burning of the throat.

If pregnant or breast-feeding, ask a health care professional before use.
                  
                     Keep out of reach of children. In case of overdose, get medical help or contact a Poison Control Center right away.
                  Do not use if tamper evident seal is broken or missing.
                  Store in a cool, dry place.

Keep out of reach of children. In case of overdose, get medical help or contact a Poison Control Center right away.

Spray orally 4-6 times daily. Consult a physician for use in children under 12 years of age.

For temporary relief of swollen tonsils, throat pain and burning of the throat.

Clove, Sage, Thyme, Myrrh, Goldenseal, Demineralized Water, 19% Ethanol, Glycerin, Menthol Crystals.

Distributed by:BioActive Nutritional, Inc.1803 N. Wickham Rd.Melbourne, FL 32935bioactivenutritional.com

BIOActive Nutritional
                  
                  
                     THROAT SPRAY FORMULA
                  
                  
                     HOMEOPATHIC
                  
                  
                     2 FL OZ (60 ml)"
f1c584c0-3338-4271-938c-24b16b6450d4.xml,LymphIII,"Echinacea 1X, 12X, Boldo 3X, 12X, Phytolacca Decandra 4X, Pinus Sylvestris 6X, Thyroidinum 6X, Germanium Sesquioxide 8X, Arnica Montana 12X, Calcarea Iodata 12X, Hamamelis Virginiana 12X, Hepar Sulphuris Calcareum 12X, Adenosinum Triphosphoricum Dinatrum 12X, 30X, Ubidecarenonum 12X, 30X, Naja Tripudians 15X, Calcarea Phosphorica 30X, Natrum Sulphuricum 30X, Pyrogenium 30X, Sulphur 30X, Carcinosin 200X, 30C, Influenzinum 30C.

For temporary relief of symptoms due to painful chronically enlarged lymph glands; exhaustion and emaciation, chronic intermittent fever with chills.

If pregnant or breast-feeding, ask a health care professional before use.
                  
                     Keep out of reach of children. In case of overdose, get medical help or contact a Poison Control Center right away.
                  Do not use if tamper evident seal is broken or missing.
                  Store in a cool, dry place.

In case of overdose, get medical help or contact a Poison Control Center right away.

10 drops orally, 3 times a day. Consult a physician for use in children under 12 years of age.

For temporary relief of symptoms due to painful chronically enlarged lymph glands; exhaustion and emaciation, chronic intermittent fever with chills.

Demineralized Water, 25% Ethanol

Distributed by:
                  BioActive Nutritional, Inc.
                  1803 N. Wickham Rd.
                  Melbourne, FL 32935
                  bioactivenutritional.com

BIOActive Nutritional
                  
                  
                     LYMPH III
                  
                  
                     HOMEOPATHIC
                  
                  
                     2 FL OZ (60 ml)"
25852327-53e2-4491-8883-8bdcd37e64fa.xml,Bacti Sode,"Bacillus Tetani 16X, Chlamydia Trachomatis 16X, Colibacillinum Cum Natrum Muriaticum (e Coli) 16X, Klebsiella Pneumoniae 16X, Mycobacterium Paratuberculosis 16X, Mycoplasma Pneumoniae 16X, Pneumococcinum 16X, Salmonella Typhi Nosode 16X, Staphylococcus Aureus 16X, Streptococcus Viridans 16X, Pyrogenium 20X, Pertussinum 30X, Streptococcus Agalactiae 15C, Streptococcus Dysgalactiae 15C, Streptococcus Mutans 15C, Bacillus Cereus 18C.

Aids in temporary relief of headache, runny nose, chills, minor cough, fatigue, and mild abdominal discomfort.†
                  †Claims based on traditional homeopathic practice, not accepted medical evidence. Not FDA evaluated.

Professional Use Only
                  
                  
                     If pregnant or breast-feeding, ask a health professional before use.
                  In case of overdose, get medical help or contact a Poison Control Center right away.
                  If condition worsens, seek medical attention.
                  
                     KEEP OUT OF REACH OF CHILDREN
                  
                  
                     Do not use if tamper evident seal is broken or missing.
                  
                  
                     Store in a cool place after opening

In case of overdose, get medical help or contact a Poison Control Center right away.

Adults: 2 to 3 sprays orally, three times daily. Children under twelve one half adult dosage. Do not take within 15 minutes of consuming food, beverage or brushing teeth. Consult a physician for use in children under 12 years of age.

Aids in temporary relief of headache, runny nose, chills, minor cough, fatigue, and mild abdominal discomfort.†
                  †Claims based on traditional homeopathic practice, not accepted medical evidence. Not FDA evaluated.

Alcohol USP 20%, Purified Water USP.

MANUFACTURED EXCLUSIVELY FOR
                  
                  
                     NUTRITIONAL SPECIALTIES, INC.
                  
                  
                     PO BOX 97227
                  
                  
                     PITTSBURG, PA 15229
                  
                  
                     www.phpltd.com

Professional
                  
                  
                     Health Products
                  
                  
                     HOMEOPATHIC
                  
                  
                     NDC 83027-0069-1
                  
                  
                     BACTI-SODE
                  
                  
                     2 FL. OZ (60 ml)"
2ea77949-04c8-45bc-9ce5-f322424771b6.xml,Headache Relief,"Initially, depress pump untilprimed.
                  Spray one dose directly intomouth.
                  
                     Adults: 3 sprays 3 times per
                     
                     day.
                  
                  
                     Children ages 6-12: 2 sprays 3
                     
                     times per day.
                  
                  
                     Consult a physician for use in
                     
                     children under 6 years of age.
                  
                  Use additionally as needed, upto 6 times per day.
                  ﻿Reference image:Headache Relief.jpg

Other information
                  
                  
                     Tamper resistant for your protection.
                  
                  Use only if safety seal is intact.
                  Keep carton for complete drug facts and product information.
                  Questions? Call 866.298.2740
                  King Bio, Inc. 3 Westside Drive
                  Asheville, NC 2806 USA
                  FDA Reg. #1053442
                  For latest product information and instructions: www.DrKings.com
                  Reference image:Headache Relief.jpg

Citrus Extract (ascorbic acid, citric acid, citrus aurantium amara fruit extract, citrus aurantium sinensis peel extract, citrus reticulata fruit extact, demineralized water, glycerin, lactic acid), Honeysuckle (Lonicera japonica), Polylysine, Purified Water, Shagbark Hickory (Carya Ovata) Bark Extract, Steviol (Steviol Glycosides).
                  Reference image:Headache Relief.jpg

Equal volumes of each HPUS** ingredient in 10X, 30X, and 1LMpotencies.
                  Belladonna, Bryonia, Capsicum annuum, Chininum arsenicosum, Coffea cruda, Gelsemium sempervirens, Glonoinum, Ignatia amara, 
                  Kali bichromicum, Lycopodium clavatum, Natrum muriaticum, Nux vomica, Sanguinaria canadensis, Spigelia anthelmia, Sulphur.
                  HPUS indicates the active ingredients are in the official Homeopathic Pharmacopeia of the United States.
                  Reference image:Headache Relief.jpg

Uses for temporary relief of various types of headache, such as: 
                  throbbing 
                  splitting 
                  tight 
                  dull 
                  sick 
                  bursting 
                  sinus
                  congestive 
                  migraine 
                  occipital 
                  morning headache
                  band feeling around the head 
                  sun headache
                  as per various homeopathic materia medicas. Claims basedon traditional homeopathic practice, not accepted medicalevidence. These uses have not been evaluated by the FDA,and product has not been clinically tested.
                  Reference image:Headache Relief.jpg

Stop use and consult a physician if symptoms worsen orpersist for more than 7 days.
                  
                     If pregnant or breast-feeding, ask a healthcare professionalbefore use.
                  
                     Keep out of reach of children.
                  
                  In case of overdose, get medical help or contact a Poison Control Center immediately.
                  Reference image:Headache Relief.jpg

Keep out of reach of children.
                  
                  In case of overdose, get medical help or contact a Poison Control Center immediately.
                  Reference image:Headache Relief.jpg

Equal volumes of each HPUS** ingredient in 10X, 30X, and 1LMpotencies. 
                  Belladonna .......................................throbbing in head and eyesBryonia ...................................splitting headache, sinus pressureCapsicum annuum .............................bursting headache, hot faceChininum arsenicosum............................................dull headacheCoffea cruda........................................................tight head painGelsemium sempervirens....................... band feeling around headGlonoinum ............................................................sun headacheIgnatia amara ........................................... congestive headachesKali bichromicum ....................................headache over eyebrowsLycopodium clavatum............................................pain in templesNatrum muriaticum ...........................throbbing, blinding headacheNux vomica.............................................headache from sunshineSanguinaria canadensis ........................................burning in eyesSpigelia anthelmia ...........................pain as if a band around headSulphur....................................sick headache, pressure in temples
                  
                     **“HPUS” indicates the active ingredients are in the officialHomeopathic Pharmacopeia of the United States.
                  Reference image:Headache Relief.jpg"
35b78063-e710-2ccb-e063-6394a90a18eb.xml,SEVENE USA,"HOMEOPATHIC DILUTION OF HPUS Spongia Tosta 30c.

Breathing difficulties associated with barking cough*

(adults/children) Dissolve 5 pellets under the tongue 3 times a day until symptoms are relieved or as directed by a physician.

Breathing difficulties associated with cough, croup, asthma. 
  
                  
                  use: Condition listed above or as directed by a physician.

Stop use and ask a physician if symptoms persist for more than 3 days or worsen.

If pregnant or breast-feeding, ask a health professional before use.

Keep out of reach of children.

Store at room temperature.

Do not use if pellet-dispenser seal is broken.

Sucrose.

INFO@OLLOIS.COM * WWW.OLLOIS.COM * MADE IN FRANCE. NOT REVIEWED BY THE FDA AND NOT GUARANTEED TO BE EFFECTIVE. THIS HOMEOPATHIS DILUTION MAY NOT BE SUSEPTIBLE TO SCIENTIFIC MEASUREMENT."
35936d97-51c3-c128-e063-6394a90af250.xml,Gelsemium Sempervirens 30X,"Active ingredients HPUS: Each globule contains 1% Gelsemium Sempervirens 30X

For symptoms of anxiety, nervousness, and even certain types of flu*

For symptoms of anxiety, nervousness, and even certain types of flu*

If symptoms worsen or persist for more than 7 days, consult a physician.

If pregnant or breastfeeding, ask a health professional before use.

Keep out of reach of children.

3 globules 3 times a day or as directed by a homeopath. Oral/Sublingual use.

Organic cane sugar globules.

1 (888) 290-8140 or schmidt-nagel.com

Conservation: 15°C - 25°C

*Claims based on traditional homeopathic practices, not accepted medical evidences. Not FDA evaluated."
9c1157d6-8077-44d4-94d2-677463178974.xml,Aquaflora High Potency 9,"Keep out of reach of children.
                  
                  In case of overdose, get medical help or contact a PoisonControl Center immediately.
                  Reference image: High Potency 9.jpg

Bottle contains approximately 45 adult doses.
                  
                     Adults: 1 measuring teaspoon, 2 times daily on an empty stomach, beforebreakfast and at bedtime. 
                  
                     Children 6-12 years: 1/2 measuring teaspoon, 2 times daily on an
                     
                     empty stomach, before breakfast and at bedtime. 
                  
                  Reference image: High Potency 9.jpg

Tamper resistant for your protection. Useonly if seal is intact. 
                  King Bio, Inc. FDA Reg. #10534423 Westside Dr. Asheville, NC 28806 USAQuestions? Call 866.298.2740
                  Reference image: High Potency 9.jpg

Citrus Extract (ascorbic acid, citric acid, citrus aurantium amara fruit extract, citrus aurantium sinensis peel extract, citrus reticulata fruit extract, demineralized water, glycerin, lactic acid), Honeysuckle (Lonicera japonica), Polylysine, Purified Water, Shagbark Hickory (Carya ovata) Bark Extract, Steviol (Steviol glycosides).
                  Reference image: High Potency 9.jpg

Equal volumes of each HPUS** ingredient in 12X,30X, 100X, and 1LM potencies.
                  Abies canadensis .................gnawing hunger, irritable,peculiar cravings, light-headedAgaricus muscarius ....... gastric disturbances, bloatingAllium cepa............................burning in mouth, throat,bladder, and skinAllium sativum ...............................constipation, coughAloe ...................................... headache, pain, nauseaAntimonium crudum .....................ear ringing, pimples,coated tongueAsafoetida .......... alcohol cravings, bloating, flatulenceBorax..............................nervousness, intestinal upsetCandida albicans..................... yeast infections, thrushCandida parapsilosis...nail fungus, spacey, itchy scalpCarpinus betulus, flos......................fatigue, wearinessIgnatia amara ......................... changeable mood, rashLachesis mutus ................ melancholy, sleeplessness,food sensitivityLycopodium clavatum................ forgetfulness, drowsy,sensitive to odors, stress, fearMalus pumila, flos.........................obsessive cleansingOlea europaea, flos.....................complete exhaustionPhosphoricum acidum.................. nervous exhaustion,listlessnessPhytolacca decandra....................scaly scalp, dry skinPulsatilla........................... overly emotional, chilliness,daytime sleepinessSabadilla...................cravings for sweets and starchesSticta pulmonaria............frothy stools, diarrhea, coughSulphur......................................... cravings for sweets,milk and sweets disagreeThuja occidentalis.................... GI irritation, brittle nails
                  “HPUS” indicates the active ingredients are inthe official Homeopathic Pharmacopeia of theUnited States
                  
                  Reference image: High Potency 9.jpg

Equal volumes of each HPUS** ingredient in 12X,30X, 100X, and 1LM potencies.
                  Abies canadensis, Agaricus muscarius, Allium cepa, Allium sativum, Aloe, Antimonium crudum, Asafoetida, Borax, Candida albicans, Candida parapsilosis, Carpinus betulus, flos, Ignatia amara, Lachesis mutus, Lycopodium clavatum, Malus pumila, flos, Olea europaea, flos, Phosphoricum acidum, Phytolacca decandra, 
                     Pulsatilla, 
                     Sabadilla, 
                     Sticta pulmonaria, 
                     Sulphur, 
                     Thuja occidentalis.
                  
                  “HPUS” indicates the active ingredients are in the official Homeopathic Pharmacopeia of the United States.
                  Reference image: High Potency 9.jpg

Temporarily relieves symptoms due toovergrowth of Candida albicans yeast: 
                  yeast infections  
                  thrush 
                  nail fungus 
                  constipation
                     
                  
                  
                     headache 
                  
                  nausea 
                  itchy scalp 
                  fatigue
                     
                  
                  
                     diarrhea 
                  
                  flatulence 
                  forgetfulness
                     
                  
                  
                     sleeplessness 
                  
                  cravings
                  
                  † as per various homeopathic materia medicas.Claims based on traditional homeopathic practice,not accepted medical evidence. These uses have notbeen evaluated by the FDA, and product has notbeen clinically tested.
                  Reference image: High Potency 9.jpg

Stop use and consult a physician if symptomsworsen or persist for more than 7 days.
                  If pregnant or breast-feeding, ask a healthcareprofessional before use.
                  
                     Keep out of reach of children. In case ofoverdose, get medical help or contact a PoisonControl Center immediately.
                  Reference image: High Potency 9.jpg"
360d3434-be4b-729f-e063-6294a90a92c7.xml,Calcium Sulfide,"For best results, do this:
                  Take 3-5 tablets 3-4 times a day.
                  If you weigh less than 100 lbs, use half a dose or take it as prescribed.
                  
                  
                  Contraindications:
                  Traditional Homeopathic formulations do not interact with other remedies, herbs, or other supplements.

Inactive:
                  Lactose Sugar Base to Preserve Remedy

Active Ingredients:
                  Calcium Sulfide 6X (HPUS)

Uses:
                  Use the leaflet enclosed for detail.

Uses:
                  Use the leaflet enclosed for detail.

Warnings and Storage:
                  Ask a professional before use if pregnant or breast feeding or if you have severe symptoms. Keep away from children. If you have a reaction to this product that is not positive, discontinue use.
                  Store in a cool and dry place.
                  
                  
                  Packaging:
                  30gm jar standard quality packing.

Warnings and Storage:
                  Ask a professional before use if pregnant or breast feeding or if you have severe symptoms. Keep away from children. If you have a reaction to this product that is not positive, discontinue use.
                  Store in a cool and dry place.
                  
                  
                  Packaging:
                  30gm jar standard quality packing.

Entire package label"
b4e8028f-66d0-4765-8dc7-1d7a1285fd74.xml,Virex,"Asclepias Tuberosa 3X, Echinacea Purpurea 3X, Trifolium Pratense 3X, Natrum Muriaticum 4X, Phytolacca Decandra 4X, Euphrasia Officinalis 6X, Lac Vaccinum 6X, Thuja Occidentalis 6X, 12X, 30X, Calcarea Arsenicica 12X, Camphora 12X, Influenzinum 12X, 30X, 60X, Cytomegalovirus Nosode 15X, 30X, 60X, Morbillinum 16X, 30X, 60X, Variolinum 16X, 30X, 60X, Coxsackie A2 Nosode 9C, Coxsackie A3 Nosode 9C, Coxsackie A4 Nosode 9C, Coxsackie A7 Nosode 9C, Coxsackie B1 Nosode 9C, Coxsackie B3 Nosode 9C, Coxsackie B5 Nosode 9C, Coxsackie A5 Nosode 15C, Adenoviren Nosode 15C, 30C, Epstein-Barr Virus Nosode 15C, 30C, Coxsackie B4 Nosode 18C.

Aids in temporary relief of symptoms including occasional headaches, sweats, chills, runny nose, and minor aches of muscles and joints.†
                  †Claims based on traditional homeopathic practice, not accepted medical evidence. Not FDA evaluated.

Professional Use Only
                  
                  
                     If pregnant or breast-feeding, ask a health professional before use.
                  In case of overdose, get medical help or contact a Poison Control Center right away.
                  If condition worsens, seek medical attention.
                  
                     KEEP OUT OF REACH OF CHILDREN
                  
                  
                     Do not use if tamper evident seal is broken or missing.
                  
                  
                     Store in a cool place after opening

In case of overdose, get medical help or contact a Poison Control Center right away.

Adults: 2 to 3 sprays orally, three times daily. Children under twelve one half adult dosage. Do not take within 15 minutes of consuming food, beverage or brushing teeth. Consult a physician for use in children under 12 years of age.

Aids in temporary relief of symptoms including occasional headaches, sweats, chills, runny nose, and minor aches of muscles and joints.†
                  †Claims based on traditional homeopathic practice, not accepted medical evidence. Not FDA evaluated.

Alcohol USP 20%, Purified Water USP.

MANUFACTURED EXCLUSIVELY FOR
                  
                  
                     NUTRITIONAL SPECIALTIES, INC.
                  
                  
                     PO BOX 97227
                  
                  
                     PITTSBURG, PA 15229
                  
                  
                     www.phpltd.com

Professional
                  
                  
                     Health Products
                  
                  
                     HOMEOPATHIC
                  
                  
                     NDC 83027-0050-1
                  
                  
                     VIREX
                  
                  
                     2 FL. OZ (60 ml)"
e7cfd2ca-e8c2-4270-bd5b-7dc04ae37e15.xml,Ear Ringing,"Initially, depress pump untilprimed.
                  Spray one dose directly intomouth.
                  
                     Adults: 3 sprays 3 times per
                     
                     day.
                  
                  
                     Children ages 6-12: 2 sprays 3
                     
                     times per day.
                  
                  
                     Consult a physician for use in
                     
                     children under 6 years of age.
                  
                  Use additionally as needed, upto 6 times per day.
                  ﻿Reference image:Ear Ringing.jpg

Other information
                  
                  
                     Tamper resistant for your protection.
                  
                  Use only if safety seal is intact.
                  Keep carton for complete drug facts and product information.
                  Questions? Call 866.298.2740
                  King Bio, Inc. 3 Westside Drive
                  Asheville, NC 2806 USA
                  FDA Reg. #1053442
                  For latest product information and instructions: www.DrKings.com
                  Reference image:Ear Ringing.jpg

Citrus Extract (ascorbic acid, citric acid, citrus aurantium amara fruit extract, citrus aurantium sinensis peel extract, citrus reticulata fruit extact, demineralized water, glycerin, lactic acid), Honeysuckle (Lonicera japonica), Polylysine, Purified Water, Shagbark Hickory (Carya Ovata) Bark Extract, Steviol (Steviol Glycosides).
                  Reference image:Ear Ringing.jpg

Equal volumes of each HPUS** ingredient in 10X, 30X, and 1LMpotencies.
                  Arnica montana, Calcarea carbonica, Chenopodium anthelminticum, Chininum salicylicum, Cimicifuga racemosa, Coffea tosta, Kali iodatum, Kalmia latifolia, Magnesia carbonica, Manganum aceticum, Manganum carbonicum, Mercurius vivus, Natrum salicylicum, Salicylicum acidum, Thiosinaminum, Thyroidinum.
                  
                  
                     HPUS indicates the active ingredients are in the official Homeopathic Pharmacopeia of the United States.
                  
                  Reference image:Ear Ringing.jpg

Uses for symptomatic relief of ear sounds: 
                  Buzzing
                  Roaring 
                  Ringing 
                  Whistling 
                  Sensitivity to noise
                  † as per various homeopathic materia medicas. Claims basedon traditional homeopathic practice, not accepted medicalevidence. These uses have not been evaluated by the FDA,and product has not been clinically tested.
                  Reference image:Ear Ringing.jpg

Stop use and consult a physician
                      if symptoms worsen orpersist for more than 7 days.
                  
                     If pregnant or breast-feeding, ask a healthcare professionalbefore use.
                  
                     Keep out of reach of children.
                  
                  In case of overdose, get medical help or contact a Poison Control Center immediately.
                  Reference image:Ear Ringing.jpg

Keep out of reach of children.
                  
                  In case of overdose, get medical help or contact a Poison Control Center immediately.
                  Reference image:Ear Ringing.jpg

Equal volumes of each HPUS** ingredient in 10X, 30X, and 1LMpotencies. 
                  Arnica montana .......................................................dull hearingCalcarea carbonica ............................................ cracking in earsChenopodium anthelminticum.......................auditory nerve issuesChininum salicylicum..................................................ear ringingCimicifuga racemosa............................................noise sensitivityCoffea tosta .............................................ringing, roaring in earsKali iodatum..................................................................ear painKalmia latifolia .......................................................stiches in earMagnesia carbonica ........................................diminished hearingManganum aceticum ....................................................whistlingManganum carbonicum...................................................earacheMercurius vivus .......................................tinkling, buzzing soundsNatrum salicylicum ................................................noises in earsSalicylicum acidum........................................................deafnessThiosinaminum ...................................................vertigo, tinnitusThyroidinum...........................................................ear disorders
                  
                  
                     **“HPUS” indicates the active ingredients are in the officialHomeopathic Pharmacopeia of the United States.
                  Reference image:Ear Ringing.jpg"
35bf4e57-8a39-53c1-e063-6294a90aee1d.xml,Natural Immunogenics Corp.dba SOVEREIGN NATURALS,"Active Ingredient

ARGENTUM METALLICUM 10X, 20X, 30X HPUS

Purpose

HOMEOPATHIC REMEDY FOR TOPICAL APPLICATIONS

Uses

FIRST AID GEL TO HELP PREVENT INFECTION IN MINOR CUTS, SCRAPES, BURNS, SKIN ERUPTIONS FROM ECZEMA, RASHES, BLISTERS, SUNBURN, RAZOR BURN, MINOR NICKS, REDNESS AND MINOR INFLAMMATION.

Keep out of reach of children.

Warning

FOR EXTERNAL USE ONLY. ASK A DOCTOR BEFORE USE IF YOU HAVE DEEP OR PUNCTURE WOUNDS, ANIMAL BITES OR SERIOUS BURNS. KEEP OUT OF REACH OF CHILDREN. STOP AND ASK A DOCTOR IF SYMPTOMS PERSIST OR WORSEN AFTER 3 DAYS OF USE. DO NOT USE IF THE SEAL IS BROKEN.

Directions

CLEAN AFFECTED AREA. APPLY A LIBERAL, CONSISTENT LAYER OF FIRST AID GEL OVER AFFECTED AREA. LEAVE WET OR BANDAGE FOR OPTIMAL RESULTS. REPEAT 3 TIMES PER DAY OR AS OFTEN AS NEEDED TO RELIEVE SYMPTOMS. SAFE ON SENSITIVE SKIN.

CARBOPOL, SILVER HYDROSOL AND SODIUM HYDROXIDE"
360da254-2b5f-b99d-e063-6294a90a835d.xml,LACTOSE,"For best results, do this:
                  Take 3-5 tablets 3-4 times a day.
                  If you weigh less than 100 lbs, use half a dose or take it as prescribed.
                  
                  
                  Contraindications:
                  Traditional Homeopathic formulations do not interact with other remedies, herbs, or other supplements.

Inactive: Lactose Sugar Base to Preserve Remedy

Active Ingredients:
  
Zinc Chloride 6X (HPUS)

Uses:
                  Use the leaflet enclosed for detail.

Uses:
                  Use the leaflet enclosed for detail.

Warnings and Storage:
                  Ask a professional before use if pregnant or breast feeding or if you have severe symptoms. Keep away from children. If you have a reaction to this product that is not positive, discontinue use.
                  Store in a cool and dry place.
                  
                  
                  Packaging:
                  30gm jar standard quality packing.

Warnings and Storage:
                  Ask a professional before use if pregnant or breast feeding or if you have severe symptoms. Keep away from children. If you have a reaction to this product that is not positive, discontinue use.
                  Store in a cool and dry place.
                  
                  
                  Packaging:
                  30gm jar standard quality packing.

Entire package label"
35b7696c-2240-185f-e063-6394a90a767c.xml,"SEPIA
200ck","HOMEOPATHIC DILUTION OF HPUS SEPIA 200ck **C,K, CK, AND X ARE HOMEOPATHIC DILUTIONS.

Stinging edemas from stings or allergies, relieved by cold*

(adults/children) Dissolve 5 pellets under the tongue 3 times a day until symptoms are relieved or as directed by a physician.

Condition listed above or as directed by a physician.

Stop use and ask a physician if symptoms persist for more than 3 days or worsen.

If pregnant or breast-feeding, ask a health professional before use.

Keep out of reach of children.

Store at room temperature.

Do not use if pellet-dispenser seal is broken.

Sucrose.

INFO@OLLOIS.COM * www.ollois.com * MADE IN FRANCE. NOT REVIEWED BY THE FDA AND NOT GUARANTEED TO BE EFFECTIVE. THIS HOMEOPATHIC DILUTION MAY NOT BE SUSCEPTIBLE TO SCIENTIFIC MEASUREMENT."
360d6819-8be7-9fa6-e063-6294a90a9dba.xml,Potassium bromide,"For best results, do this:
                  Take 3-5 tablets 3-4 times a day.
                  If you weigh less than 100 lbs, use half a dose or take it as prescribed.
                  
                  
                  Contraindications:
                  Traditional Homeopathic formulations do not interact with other remedies, herbs, or other supplements.

Inactive:
                  Lactose Sugar Base to Preserve Remedy

Active Ingredients:
  
Potassium Bromide 6X (HPUS)

Uses:
                  Use the leaflet enclosed for detail.

Uses:
                  Use the leaflet enclosed for detail.

Warnings and Storage:
                  Ask a professional before use if pregnant or breast feeding or if you have severe symptoms. Keep away from children. If you have a reaction to this product that is not positive, discontinue use.
                  Store in a cool and dry place.
                  
                  
                  Packaging:
                  30gm jar standard quality packing.

Warnings and Storage:
                  Ask a professional before use if pregnant or breast feeding or if you have severe symptoms. Keep away from children. If you have a reaction to this product that is not positive, discontinue use.
                  Store in a cool and dry place.
                  
                  
                  Packaging:
                  30gm jar standard quality packing.

Entire package label"
f6b20bcd-d578-45bd-ad3e-859b5ddc72bc.xml,Good Mood Enhancer,"Initially, depress pump untilprimed.
                  Spray one dose directly intomouth.
                  
                     Adults: 3 sprays 3 times per
                     
                     day.
                  
                  
                     Children ages 6-12: 2 sprays 3
                     
                     times per day.
                  
                  
                     Consult a physician for use in
                     
                     children under 6 years of age.
                  
                  Use additionally as needed, upto 6 times per day.
                  ﻿Reference image:Good Mood.jpg

Other information
                  
                  
                     Tamper resistant for your protection.
                  
                  Use only if safety seal is intact.
                  Keep carton for complete drug facts and product information.
                  Questions? Call 866.298.2740
                  King Bio, Inc. 3 Westside Drive
                  Asheville, NC 2806 USA
                  FDA Reg. #1053442
                  For latest product information and instructions: www.DrKings.com
                  Reference image:Good Mood.jpg

Citrus Extract (ascorbic acid, citric acid, citrus aurantium amara fruit extract, citrus aurantium sinensis peel extract, citrus reticulata fruit extact, demineralized water, glycerin, lactic acid), Honeysuckle (Lonicera japonica), Polylysine, Purified Water, Shagbark Hickory (Carya Ovata) Bark Extract, Steviol (Steviol Glycosides).
                  Reference image:Good Mood.jpg

Equal volumes of each HPUS** ingredient in 10X, 30X, and 1LMpotencies.
                  Agrimonia eupatoria, flos, Anacardium orientale, Aurum metallicum, Avena sativa, Borago officinalis, Calcarea carbonica, Capsicum annuum,Carpinus betulus, flos, Cimicifuga racemosa, Cinchona officinalis, Hypericum perforatum, Ignatia amara, Kali bromatum, Larix decidua, flos, Natrum carbonicum, Natrum sulphuricum, Phosphoricum acidum, Phosphorus, Pulsatilla, Sepia, Sinapis arvensis, flos, Tabacum.
                  HPUS indicates the active ingredients are in the official Homeopathic Pharmacopeia of the United States.

For temporary relief of symptoms: 
                  Melancholy
                  Nervousness
                  Minor mood swings 
                  Over-sensitivity 
                  Apathy
                  Discontent 
                  Timidity 
                  Insecurity 
                  Irritability 
                  Fatigue
                  
                  as per various homeopathic materia medicas. Claims basedon traditional homeopathic practice, not accepted medicalevidence. These uses have not been evaluated by the FDA,and product has not been clinically tested.
                  Reference image:Good Mood.jpg

Stop use and consult a physician if symptoms worsen orpersist for more than 7 days.
                  
                     If pregnant or breast-feeding, ask a healthcare professionalbefore use.
                     Keep out of reach of children.
                  
                  In case of overdose, get medical help or contact a Poison Control Center immediately.
                  Reference image:Good Mood.jpg

Keep out of reach of children.
                  
                  In case of overdose, get medical help or contact a Poison Control Center immediately.
                  Reference image: Good Mood.jpg

Equal volumes of each HPUS** ingredient in 10X, 30X, and 1LMpotencies.
                  Agrimonia eupatoria, flos .............. over-sensitivity, nervousnessAnacardium orientale..................................... lack of confidenceAurum metallicum ........................................................ insecurityAvena sativa ................................................ nervous exhaustionBorago officinalis............................................ lack of confidenceCalcarea carbonica.......................................................... apathyCapsicum annuum............................ procrastination, resistanceCarpinus betulus, flos .................................... fatigue, wearinessCimicifuga racemosa ................................................ melancholyCinchona officinalis........................................ apathy, discontentHypericum perforatum .................................................. irritabilityIgnatia amara.............................................................. frustrationKali bromatum........................................................... melancholyLarix decidua, flos............................................ poor self-esteemNatrum carbonicum ............................................ over-sensitivityNatrum sulphuricum....................................................distractionPhosphoricum acidum ..................................................... apathyPhosphorus....................................over-sensitivity, restlessnessPulsatilla .......................................................................... timiditySepia............................................ minor mood swings, irritabilitySinapis arvensis, flos ................................................ melancholyTabacum .................................................................forgetfulness
                     **“HPUS” indicates the active ingredients are in the officialHomeopathic Pharmacopeia of the United States.
                  Reference image: Good Mood.jpg"
8b94b2fa-908b-4be0-afec-fe22a3b5c8c9.xml,Stress and Anxiety,"Stop use and ask your doctor if symptoms persist or worsen.
                  
                     If pregnant or breast-feeding, take only on advice of a healthcare professional.
                  
                     Keep out of reach of children.
                  
                  
                  Reference image: Stress.jpg

Initially, depress pump until primed.
                  Spray one dose directly into mouth.
                  
                     Adults: 3 sprays 3 times per day.
                  
                  
                     Children ages 6-12: 2 sprays 3 times per day.
                  Consult a physician for use in children under 6 years of age.
                  Use additionally as needed, up to 6 times per day.
                  Reference image: Stress.jpg

Other information
                  
                  
                     Tamper resistant for your protection.
                  
                  
                     Use only if safety seal is intact.
                  
                  This product has not been clinically tested.
                  Questions? Call 866.298.2740
                  King Bio, Inc. 3 Westside Drive
                  Asheville, NC 2806 USA
                  FDA Reg. #1053442
                  For latest product information and instructions: www.DrKings.com
                  
                  Reference image: Stress.jpg

Keep out of reach of children.
                  
                  Reference image: Stress.jpg

Aconitum napellus, Alfala, Apis mellifica, Avena sativa, Chamomilla, Cistus canadensis, Clematis vitalba, flos, Histaminum hydrochloricum, Ignatia amara, Impatiens glandulifera, flos, Kali Phosphoricum, Lilium tigrinum, Ornithogalum umbellatum, flos, Passiflora incarnata, Phosphorus, Prunus cerasifera, flos, Pulsatilla, Valeriana officinalis.
                  Equal volumes of each HPUS ingredient in 10X, 30X, 100X, 1LM, 2LM, 3LM, 5LM potencies.
                  Reference image: Stress.jpg

For temporary relief of symptoms due to:
                  Minor anxiety
                  Fear 
                  Irritability
                  Nervousness
                  Minor mood swings
                  Restlessness
                  Stage fright
                  Oversensitivity
                  Nervous stomach
                  Reference image: Stress.jpg

Citrus Extract (ascorbic acid, citric acid, citrus aurantium amara fruit extract, citrus aurantium sinensis peel extract, citrus reticulata fruit extact, demineralized water, glycerin, lactic acid), Honeysuckle (Lonicera japonica), Polylysine, Purified Water, Shagbark Hickory (Carya Ovata) Bark Extract, Steviol (Steviol Glycosides).
                  Reference image: Stress.jpg

For temporary relief of symptoms due to minor anxiety, 
                     fear, 
                     irritability, 
                     nervousness, 
                     minor mood swings, 
                     restlessness,
                  
                  
                     stage fright, 
                     oversensitivity and 
                     nervous stomach.
                  
                  
                     Reference image: Stress.jpg"
360db5b4-ddc9-e36c-e063-6294a90a4c69.xml,Selenium,"For best results, do this:
                  Take 3-5 tablets 3-4 times a day.
                  If you weigh less than 100 lbs, use half a dose or take it as prescribed.
                  
                  
                  Contraindications:
                  Traditional Homeopathic formulations do not interact with other remedies, herbs, or other supplements.

Inactive:
                  Lactose Sugar Base to Preserve Remedy

Active Ingredients:
  
Selenium 6X (HPUS)

Uses:
                  Use the leaflet enclosed for detail.

Uses:
                  Use the leaflet enclosed for detail.

Warnings and Storage:
                  Ask a professional before use if pregnant or breast feeding or if you have severe symptoms. Keep away from children. If you have a reaction to this product that is not positive, discontinue use.
                  Store in a cool and dry place.
                  
                  
                  Packaging:
                  30gm jar standard quality packing.

Warnings and Storage:
                  Ask a professional before use if pregnant or breast feeding or if you have severe symptoms. Keep away from children. If you have a reaction to this product that is not positive, discontinue use.
                  Store in a cool and dry place.
                  
                  
                  Packaging:
                  30gm jar standard quality packing.

Entire package label"
437e2974-e8c6-4ad0-87a8-ce9f20633001.xml,Next Generation Health,"Asclepias Vincetoxicum 6X, 12X, 30X, Echinacea (Angustifolia) 6X, 12X, 30X, Hypothalamus (Suis), 6X, 12X, 30X, Brain (Suis) 8X, Hepar Suis 8X, Kidney (Suis) 8X, Methylcobalamin 8X, Pancreas Suis 8X, Pancreas Suis 8X, Stomach (Suis) 8X, AACG-A* 8X, 12X, 30X, 60X, 200X, AACG-B* 8X, 12X, 30X, 60X, 200X, Calcarea Carbonica 12X, 30X, 60X, Gambogia 12X, 30X, 60X, Gelsemium Sempervirens 12X, 30X, 60X, Graphites 12X, 30X, 60X, Nux Vomica 12X, 30X, 60X,  Phytolacca Decandra 12X, 30X, 60X, 7-Keto-DHEA (Dehydroepiandrosterone) 30X, Adenosinum Triphosphoricum Dinatrum 30X, Glucagon 30X, Insulinum 30X, Sarcolacticum Acidum 30X, Proteus (Vulgaris) 30C

For temporary relief of symptoms related to increased appetite, regulation of fat metabolism, headache, fatigue, and detoxification stress.

Keep out of reach of children. In case of overdose, get medical help or contact a Poison Control Center right away.
                  
                  
                     If pregnant or breast-feeding, seek advice of a health professional before use. 
                  Tamper seal: Sealed for Your Protection. Do not use if seal is broken or missing.

Keep out of reach of children. In case of overdose, get medical help or contact a Poison Control Center right away.

10 drops under the tongue, 3 to 6 times a day or as directed by a health professional. Consult a physician for use in children under 12 years of age.

For temporary relief of symptoms related to increased appetite, regulation of fat metabolism, headache, fatigue, and detoxification stress.

demineralized water, 25% ethanol

Dist. by Next Generation Health
                  PO Box 190128  St. Louis, MO 63119
                  877-996-9677 
                  
                  *Patent-Pending Active Amino Chain Group A and B. 
                  AACG-A contains 25 amino acids, 
                  AACG-B contains 30 amino acids.
                  
                  For more information contact Next Generation Health

NDC 69192-0001-1
                  HOMEOPATHIC
                  NexGen
                  ReStore
                  ReStore your health
                  Transform the next generation
                  1 FL OZ (30ml)"
b8286b23-f7af-4668-9040-026ec97a3561.xml,Serotonin,"Serotonin 6X, 12X, 30X, 12C, 30C.

Serotonin - mood**
                  **Claims based on traditional homeopathic practice, not accepted medical evidence. Not FDA evaluated.

For temporary relief of nervousness, anxiety, mood swings, joint pains, weakness, drowsiness, itching & lethargy.**
                  **Claims based on traditional homeopathic practice, not accepted medical evidence. Not FDA evaluated.

​If pregnant or breast-feeding,​ ask a health care professional before use.
                  
                     ​Keep out of reach of children.​ In case of overdose, get medical help or contact a Poison Control Center right away.
                  Do not use if tamper evident seal is broken or missing.
                  Store in a cool, dry place.

In case of overdose, get medical help or contact a Poison Control Center right away.

• 10 drops orally, 3 times a day.
                  • Consult a health care professional for use in children under 12 years of age.

Demineralized Water, 25% Ethanol

Distributed by:
                     BioActive Nutritional, Inc.1803 N. Wickham Rd.Melbourne, FL 32935
                     bioactivenutritional.com
                  
                  
                     1-800-288-9525

BIOActive Nutritional
                  
                  
                     SEROTONIN
                  
                  
                     HOMEOPATHIC
                  
                  
                     2 fl. oz. (60mL)"
360cd418-f769-cef8-e063-6394a90ad57b.xml,Aurum Chloride Sodium,"For best results, do this:
                  Take 3-5 tablets 3-4 times a day.
                  If you weigh less than 100 lbs, use half a dose or take it as prescribed.
                  
                  
                  Contraindications:
                  Traditional Homeopathic formulations do not interact with other remedies, herbs, or other supplements.

Inactive:
                  Lactose Sugar Base to Preserve Remedy

Active Ingredients:
                  Aurum Chloride Sodium 6X (HPUS)

Uses:
                  Use the leaflet enclosed for detail.

Uses:
                  Use the leaflet enclosed for detail.

Warnings and Storage:
                  Ask a professional before use if pregnant or breast feeding or if you have severe symptoms. Keep away from children. If you have a reaction to this product that is not positive, discontinue use.
                  Store in a cool and dry place.
                  
                  
                  Packaging:
                  30gm jar standard quality packing.

Warnings and Storage:
                  Ask a professional before use if pregnant or breast feeding or if you have severe symptoms. Keep away from children. If you have a reaction to this product that is not positive, discontinue use.
                  Store in a cool and dry place.
                  
                  
                  Packaging:
                  30gm jar standard quality packing.

Entire package label"
362224d5-ceb3-8001-e063-6394a90afb2f.xml,Dulcamara,"How to Use
  
Take with water 3-4 times a day. Ages 12 or older, 5 Pellets, Ages 12-2, 3 Pellets, Ages below 2, consult your Doctor.

Uses
                  Temporarily relieves occasional congestive headaches, joint discomfort in cold weather, and eruptions on the hands, arms, or face.*
                  *CLAIMS BASED ON TRADITIONAL HOMEOPATHIC PRACTICE, NOT ACCEPTED MEDICAL EVIDENCE, NOT FDA EVALUATED.
                  This product is not intended to diagnose, treat, cure, or prevent any disease.

Uses
                  Temporarily relieves occasional congestive headaches, joint discomfort in cold weather, and eruptions on the hands, arms, or face.*
                  *CLAIMS BASED ON TRADITIONAL HOMEOPATHIC PRACTICE, NOT ACCEPTED MEDICAL EVIDENCE, NOT FDA EVALUATED.
                  This product is not intended to diagnose, treat, cure, or prevent any disease.

Ingredients
  
Inactive: Sucrose/Lactose Pellets base to Preserve Remedy

Active Ingredients: Dulcamara (Bittersweet Nightshade) [HPUS] 30c potency

Warnings and Storage:
  
Ask a professional before use if pregnant or breastfeeding or if you have severe symptoms.
  
Keep away from children. If you have a reaction to this product that is not positive, discontinue use. Store in a cool and dry place.

Warnings and Storage:
  
Ask a professional before use if pregnant or breastfeeding or if you have severe symptoms.
  
Keep away from children. If you have a reaction to this product that is not positive, discontinue use. Store in a cool and dry place.
  
*CLAIMS BASED ON TRADITIONAL HOMEOPATHIC PRACTICE, NOT ACCEPTED MEDICAL EVIDENCE, NOT FDA EVALUATED.
  
This product is not intended to diagnose, treat, cure, or prevent any disease.

Entire package label"
b0944c21-0ece-4b21-bcb4-4abd47f6ce70.xml,Radiation,"Chondrus crispus 3X, Fucus vesiculosus 3X, Thyroidinum (suis) 8X, Cadmium iodatum 12X, Iodium 12X, Strontium carbonicum 12X, X-Ray 30X, 60X, 200X, 30C, 60C, Radium bromatum 33X.

For temporary relief of symptoms related to mild radiation exposure including weakness, fatigue, exhaustion, fainting, dehydration and diarrhea.

WARNINGS:

Keep out of reach of children.  In case of overdose, contact physician or Poison Control Center right away.
                  If pregnant or breast-feeding, seek advice of a health professional before use.
                  Tamper seal:  ""Sealed for Your Protection.""  Do not use if seal is broken or missing

DIRECTIONS:

1-10 drops under the tongue, 3 times a day or as directed by a health professional.  Consult a physician for use in children under 12 years of age.

INACTIVE INGREDIENTS:

Demineralized water, 25% Ethanol.

KEEP OUT OF REACH OF CHILDREN.

In case of overdose, contact physician or Poison Control Center right away.

For temporary relief of symptoms related to mild radiation exposure including weakness, fatigue, exhaustion, fainting, dehydration and diarrhea.

Dist. By:  Deseret Biologicals, Inc.
                  469 Parkland Drive
                  Sandy, UT 84070
                  www.desbio.com

DESBIO
                  
                  NDC 43742-0240-1
                  HOMEOPATHIC
                  
                     RADIATION
                  
                  1 FL OZ (30 ml)"
d616fd3f-a7f2-47c4-a9ee-5f71eb7ce2d6.xml,Immuno-Boost,"Beta Vulgaris 4X, Cysteinum 6X, Natrum Oxalaceticum 6X, Nicotinamidum 6X, Pulsatilla (Vulgaris) 6X, Pyridoxinum Hydrochloricum 6X, Riboflavinum 6X, Thiaminum Hydrochloricum 6X, Adrenalinum 6X, Aconiticum Acidum, CIS- 8X, Alpha-Ketoglutaricum Acidum 8X, Alpha-Lipoicum Acidum 8X, Cerium Oxalicum 8X, Citricum Acidum 8X, Coenzyme A 8X, Fumaricum Acidum 8X, Magnesium Orotate 8X, Malic Acid 8X, Nadidum 8X, Natrum Pyruvicum 8X, Succinicum Acidum 8X, Adenosinum Triphosphoricum Acidum 10X, Hepar Sulphuris Calcareum 10X, Sulphur 10X, Manganum Phosphoricum 16X, Baryta Oxalsuccinicum 30C, Proteus (Morgani) 30C.

For the temporary relief of symptoms of chronic illness including fatigue, effects of toxin buildup, slowed metabolism, weakened constitution.

Keep out of reach of children. In case of overdose, get medical help or contact a Poison Control Center right away.
                  
                     If pregnant or breast-feeding, ask a health professional before use.
                  Tamper seal: sealed for your protection. Do not use if seal is broken or missing.

Keep out of reach of children. In case of overdose, get medical help or contact a Poison Control Center right away.

10 drops under the tongue, 3 to 6 times per day or as directed by a health professional. Consult a physician for use in children under 12 years of age.

For the temporary relief of symptoms of chronic illness including fatigue, effects of toxin buildup, slowed metabolism, weakened constitution.

demineralized water, 25% ethanol.

Dist. by Parasitology Center Inc.
                  11445 E. Via Linda #2-419
                  Scottsdale, AZ 85259

NDC 70321-0001-1
                     
                     
                  
                  
                     PCI
                     
                     
                  
                  
                     IMMUNO-BOOST
                     
                     
                  
                  
                     HOMEOPATHIC
                     
                     
                  
                  
                     1.0 fl. oz. (30 ml)"
98b646e4-e71f-46d3-9094-778235b7af46.xml,Female Stimulant,"Aconiticum Acidum CIS 16X, Apis Venenum Purum 18X, Aquilegia Vulgaris 8X, Bovista 6X, Cypripedium Pubescens 6X, Estradiol 30X, 60X, 200X, Faecalis (alkaligenes) 30C, 200C, Folliculinum 8X, 30X, 200X, Funiculus Umbilicalis Suis 8X, Glandula Suprarenalis Suis 8X, Heart (Suis) 8X, Hydrastis Canadensis 6X, Hypophysis Suis 13X, Kreosotum 8X, Lachesis Mutus 10X, Lilium Tigrinum 4X, Magnesia Phosphorica 10X, Mercurius Solubilis 10X, Mutabile Bacillus (Bach) 30C, 200C, Oophorinum (Suis) 8X, Petroselinum Sativum 6X, 10X, 30X, 200X, Pineal Gland (Suis) 12X, Placenta Totalis Suis 6C, Progesterone 30X, 60X, 200X, Sepia 10X, Testosterone 30X, 60X, 200X, Uterus (Suis) 8X.

Aconiticum Acidum CIS – Female Support, Apis Venenum Purum – Female Support, Aquilegia Vulgaris – Female Support, Bovista - Fatigue, Cypripedium Pubescens - Fatigue, Estradiol – Low Sex Drive, Faecalis (alkaligenes) – Female Support, Folliculinum - Fatigue, Funiculus Umbilicalis Suis – Low Sex Drive, Glandula Suprarenalis Suis - Fatigue, Heart (Suis) – Female Support, Hydrastis Canadensis – Low Sex Drive, Hypophysis Suis – Female Support, Kreosotum - Fatigue, Lachesis Mutus – Low Sex Drive, Lilium Tigrinum – Female Support, Magnesia Phosphorica - Fatigue, Mercurius Solubilis – Low Sex Drive, Mutabile Bacillus (Bach) – Female Support, Oophorinum (Suis) – Low Sex Drive, Petroselinum Sativum – Female Support, Pineal Gland (Suis) – Low Sex Drive, Placenta Totalis Suis - Fatigue, Progesterone – Female Support, Sepia - Fatigue, Testosterone – Low Sex Drive, Uterus Suis – Female Support.

• For the temporary relief of symptoms including:
                  • female support • fatigue • low sex drive
                  These statements are based upon homeopathic principles. They have not been reviewed by the Food and Drug Administration.

If pregnant or breast-feeding, ask a health professional before use.
                  
                     Keep out of reach of children. In case of overdose, contact a physician or Poison Control Center right away.
                  
                     
                        Tamper Evident: Sealed for your protection. Do not use if seal is broken or missing.

In case of overdose, contact a physician or Poison Control Center right away.

1-10 drops under the tongue, 3 times a day or as directed by a health professional. Consult a physician for use in children under 12 years of age.

Demineralized water, 25% ethanol

Dist. By: Deseret Biologicals, Inc.469 W. Parkland DriveSandy, UT 84070
                   www.desbio.com
                  800-827-8204

DesBio
                  
                  
                     Female
                  
                  
                     Stimulant
                  
                  
                     Homeopathic
                  
                  
                     NDC 43742-1507-1
                  
                  
                     1 FL OZ (30 ml)"
360cfdf2-0b27-2a60-e063-6294a90a885c.xml,Calcium Carbonate,"For best results, do this:
                  Take 3-5 tablets 3-4 times a day.
                  If you weigh less than 100 lbs, use half a dose or take it as prescribed.
                  
                  
                  Contraindications:
                  Traditional Homeopathic formulations do not interact with other remedies, herbs, or other supplements.

Inactive:
                  Lactose Sugar Base to Preserve Remedy

Active Ingredients:
  
Calcium Carbonate 6X (HPUS)

Uses:
                  Use the leaflet enclosed for detail.

Uses:
                  Use the leaflet enclosed for detail.

Warnings and Storage:
                  Ask a professional before use if pregnant or breast feeding or if you have severe symptoms. Keep away from children. If you have a reaction to this product that is not positive, discontinue use.
                  Store in a cool and dry place.
                  
                  
                  Packaging:
                  30gm jar standard quality packing.

Warnings and Storage:
                  Ask a professional before use if pregnant or breast feeding or if you have severe symptoms. Keep away from children. If you have a reaction to this product that is not positive, discontinue use.
                  Store in a cool and dry place.
                  
                  
                  Packaging:
                  30gm jar standard quality packing.

Entire package label"
36205122-181c-bc70-e063-6294a90ad55c.xml,Aethusa Cynapium,"How to Use:
                  Take with water 3-4 times a day.
  
Ages 12 or older, 5 Pellets, Ages 12-2, 3 Pellets, Ages below 2, consult your Doctor.

Temporarily relieves gastric discomfort, emotional upsets, and poor milk digestion.*

Ingredients
                  Inactive: Sucrose/Lactose Pellets base to Preserve Remedy

Active Ingredients: Aethusa Cynapium (Fool's Parsley) [HPUS] 30c potency

Warnings: 
                  Ask a professional before use if pregnant or breastfeeding or if you have severe symptoms. Keep away from children. If you have a reaction to this product that is not positive, discontinue use. Store in a cool and dry place.
                  *CLAIMS BASED ON TRADITIONAL HOMEOPATHIC PRACTICE, NOT ACCEPTED MEDICAL EVIDENCE, NOT FDA EVALUATED.
  
This product is not intended to diagnose, treat, cure, or prevent any disease.

Temporarily relieves gastric discomfort, emotional upsets, and poor milk digestion.*

Warnings: 
                  Ask a professional before use if pregnant or breastfeeding or if you have severe symptoms. Keep away from children. If you have a reaction to this product that is not positive, discontinue use. Store in a cool and dry place.
                  *CLAIMS BASED ON TRADITIONAL HOMEOPATHIC PRACTICE, NOT ACCEPTED MEDICAL EVIDENCE, NOT FDA EVALUATED.
  
This product is not intended to diagnose, treat, cure, or prevent any disease.

Entire Package Label"
35bf50ae-00ad-4331-e063-6294a90a5f7c.xml,Natural Immunogenics Corp.dba SOVEREIGN NATURALS,"Active Ingredient
                  
                  ARGENTUM METALLICUM 10X, 20X, 30X

Purpose
                  
                  TOPICAL ANALGESIC

FOR RELIEF OF SYMPTOMS DUE TO SKIN ERUPTIONS FROM ACNE, ECZEMA, MINOR INFECTION, RASHES, BLISTERS, SUNBURN, RAZOR BURN, MINOR NICKS & CUTS, REDNESS & MINOR INFLAMMATION

Warnings
                  
                  
                  
                     FOR EXTERNAL USE ONLY. ASK A DOCTOR BEFORE SE IF YOU HAVE DEEP OR PUNCTURE WOUNDS, ANIMAL BITES OR SERIOUS BURNS. KEEP OUT OF REACH OF CHILDREN. STOP AND ASK A DOCTOR IF SYMPTOMS PERSIST OR WORSEN AFTER 3 DAYS OF USE. DO NOT USE IF THE SEAL IS BROKEN.

Directions
                  
                  GENTLY CLEAN AFFECTED AREA. APPLY A LIBERAL, CONSISTENT LAYER OF SKIN CARE GEL OVER AFFECTED AREA. REPEAT 3 TIMES PER DAY OR AS OFTEN AS NEEDED TO RELIEVE SYMPTOMS. SAFE ON SENSITIVE SKIN.

CARBOPOL, SODIUM HYDROXIDE"
36215a26-c6c1-20ca-e063-6394a90a2176.xml,Causticum,"How to Use
                  Take with water 3-4 times a day. Ages 12 or older, 5 Pellets, Ages 12-2, 3 Pellets, Ages below 2, consult your Doctor.

Uses
                  Temporarily relieves occasional bed-wetting and drawing discomfort in the muscular and fibrous tissues.*
                  *CLAIMS BASED ON TRADITIONAL HOMEOPATHIC PRACTICE, NOT ACCEPTED MEDICAL EVIDENCE, NOT FDA EVALUATED.
                  This product is not intended to diagnose, treat, cure, or prevent any disease.

Ingredients
                  Inactive: Sucrose/Lactose Pellets base to Preserve Remedy

Active Ingredients: Causticum (Potassium Hydrate) [HPUS] 30c potency

Warnings and Storage:
  
Ask a professional before use if pregnant or breastfeeding or if you have severe symptoms.
  
Keep away from children. If you have a reaction to this product that is not positive, discontinue use. Store in a cool and dry place.

Uses
                  Temporarily relieves occasional bed-wetting and drawing discomfort in the muscular and fibrous tissues.*
                  *CLAIMS BASED ON TRADITIONAL HOMEOPATHIC PRACTICE, NOT ACCEPTED MEDICAL EVIDENCE, NOT FDA EVALUATED.
                  This product is not intended to diagnose, treat, cure, or prevent any disease.

Warnings and Storage:
  
Ask a professional before use if pregnant or breastfeeding or if you have severe symptoms.
  
Keep away from children. If you have a reaction to this product that is not positive, discontinue use. Store in a cool and dry place.
  
*CLAIMS BASED ON TRADITIONAL HOMEOPATHIC PRACTICE, NOT ACCEPTED MEDICAL EVIDENCE, NOT FDA EVALUATED.
  
This product is not intended to diagnose, treat, cure, or prevent any disease.

Entire package label"
36241375-5e5f-4bb6-e063-6394a90ab7fd.xml,Hepar Sulphuris,"How to Use
                  Take with water 3-4 times a day. Ages 12 or older, 5 Pellets, Ages 12-2, 3 Pellets, Ages below 2, consult your Doctor.

Best for
                  Temporarily relieves occasional mouth and gum discomfort, sore throat, and swollen lymphatic glands.*

Best for
                  Temporarily relieves occasional mouth and gum discomfort, sore throat, and swollen lymphatic glands.*

Ingredients
                  Inactive: Sucrose/Lactose Pellets base to Preserve Remedy

Active Ingredients: Hepar Sulphuris Calcareum [HPUS] 30c potency

Warnings:
                  Ask a professional before use if pregnant or breastfeeding or if you have severe symptoms.
                  Keep away from children. If you have a reaction to this product that is not positive, discontinue use. Store in a cool and dry place
                  
                     
*CLAIMS BASED ON TRADITIONAL HOMEOPATHIC PRACTICE, NOT ACCEPTED MEDICAL EVIDENCE NOT FDA EVALUATED.
  
This product is not intended to diagnose, treat, cure, or prevent any disease.

Warnings:
                  Ask a professional before use if pregnant or breastfeeding or if you have severe symptoms.
                  Keep away from children. If you have a reaction to this product that is not positive, discontinue use. Store in a cool and dry place
                  
                     
*CLAIMS BASED ON TRADITIONAL HOMEOPATHIC PRACTICE, NOT ACCEPTED MEDICAL EVIDENCE NOT FDA EVALUATED.
  
This product is not intended to diagnose, treat, cure, or prevent any disease.

Entire package label"
3620a51e-9a58-2d80-e063-6294a90a5a82.xml,Arsenicum Album,"How to Use
                  Take with water 3-4 times a day. Ages 12 or older, 5 Pellets, Ages 12-2, 3 Pellets, Ages below 2, consult your Doctor.

Uses
                  Temporarily supports your body in recovery from digestive upset and vomiting.*
                  *CLAIMS BASED ON TRADITIONAL HOMEOPATHIC PRACTICE, NOT ACCEPTED MEDICAL EVIDENCE, NOT FDA EVALUATED.
                  This product is not intended to diagnose, treat, cure, or prevent any disease.

Ingredients
                  Inactive: Sucrose/Lactose Pellets base to Preserve Remedy

Active Ingredients: Arsenicum Album (Arsenic Trioxide) [HPUS] 30c potency

Warnings and Storage:
                  Ask a professional before use if pregnant or breastfeeding or if you have severe symptoms. Keep away from children. If you have a reaction to this product that is not positive, discontinue use. Store in a cool and dry place.

Uses
                  Temporarily supports your body in recovery from digestive upset and vomiting.*
                  *CLAIMS BASED ON TRADITIONAL HOMEOPATHIC PRACTICE, NOT ACCEPTED MEDICAL EVIDENCE, NOT FDA EVALUATED.
                  This product is not intended to diagnose, treat, cure, or prevent any disease.

Warnings and Storage:
                  Ask a professional before use if pregnant or breastfeeding or if you have severe symptoms. Keep away from children. If you have a reaction to this product that is not positive, discontinue use. Store in a cool and dry place.
                  *CLAIMS BASED ON TRADITIONAL HOMEOPATHIC PRACTICE, NOT ACCEPTED MEDICAL EVIDENCE, NOT FDA EVALUATED.
                  This product is not intended to diagnose, treat, cure, or prevent any disease.

Entire package label"
3623c9ab-f523-349d-e063-6394a90ade9a.xml,Phosphoricum Acidum,"How to Use
                  Take with water 3-4 times a day. Ages 12 or older, 5 Pellets, Ages 12-2, 3 Pellets, Ages below 2, consult your Doctor.

Best for
                  Temporarily relieves occasional weakness and exhaustion caused by loss of vital fluids. Temporarily supports memory and concentration.*

Ingredients
                  Inactive: Sucrose/Lactose Pellets base to Preserve Remedy

Active Ingredients: Phosphoricum Acidum (Phosphoric Acid) [HPUS] 30c potency

Warnings:
                  Ask a professional before use if pregnant or breastfeeding or if you have severe symptoms.
                  Keep away from children. If you have a reaction to this product that is not positive, discontinue use. Store in a cool and dry place
                  
                     
*CLAIMS BASED ON TRADITIONAL HOMEOPATHIC PRACTICE, NOT ACCEPTED MEDICAL EVIDENCE NOT FDA EVALUATED.
  
This product is not intended to diagnose, treat, cure, or prevent any disease.

Best for
                  Temporarily relieves occasional weakness and exhaustion caused by loss of vital fluids. Temporarily supports memory and concentration.*

Warnings:
                  Ask a professional before use if pregnant or breastfeeding or if you have severe symptoms.
                  Keep away from children. If you have a reaction to this product that is not positive, discontinue use. Store in a cool and dry place
                  
                     
*CLAIMS BASED ON TRADITIONAL HOMEOPATHIC PRACTICE, NOT ACCEPTED MEDICAL EVIDENCE NOT FDA EVALUATED.
  
This product is not intended to diagnose, treat, cure, or prevent any disease.

Entire package label"
8a3bf399-13f8-4d6d-a5a0-caf8129dfe49.xml,Dr. Donna Restivo DC,"Boldo 3X, Carduus Marianus 3X, Chelidonium Majus 3X, Petroselinum Sativum 3X, Taraxacum Officinale 3X, Arsenicum Album 12X, Bisphenol A 12X, Cobaltum Metallicum 12X, Cuprum Metallicum 12X, Glyphosate 12X, Iodium 12X, Lycopodium Clavatum 12X, Phosphoricum Acidum 12X, Selenium Metallicum 12X, Zincum Metallicum 12X, Aspartame 30X, Benzalkonium Chloride 30X, Formalinum 30X, Methylene Chloride 30X, Methyl Paraben 30X, Propyl Paraben 30X, Sodium Benzoate 30X, Sodium Citrate 30X, Titanium Dioxide 30X, Zincum Oxydatum 30X.

For temporary relief of symptoms related to food additives, herbicides and insecticides including muscle weakness, skin irritation, poor muscle coordination, headache, cough, occasional diarrhea, dizziness, fatigue, fever, stomach pain and vomiting.**
                  **These statements are based upon homeopathic principles. They have not been reviewed by the Food and Drug Administration.

Keep out of reach of children. In case of overdose, get medical help or contact a Poison Control Center right away.
                  
                     If pregnant or breast-feeding, ask a health professional before use.
                  Tamper seal: Sealed for Your Protection. Do not use if seal is broken or missing.

Keep out of reach of children. In case of overdose, get medical help or contact a Poison Control Center right away.

10 drops under the tongue, 3 to 6 times per day or as directed by a health professional. Consult a physician for use in children under 12 years of age.

For temporary relief of symptoms related to food additives, herbicides and insecticides including muscle weakness, skin irritation, poor muscle coordination, headache, cough, occasional diarrhea, dizziness, fatigue, fever, stomach pain and vomiting.**
                  **These statements are based upon homeopathic principles. They have not been reviewed by the Food and Drug Administration.

demineralized water, 25% ethanol

Distributed by Dr. Donna Restivo DC, Wellness Consultant
                  
                  
                     822 South Lake Blvd, Mahopac, New York 10541
                  
                  
                     www.mahopacmassage.com • (845) 628-6286

Dr. Donna Restivo DC
                     
                     Wellness Consultant
                  
                  
                     NDC 62185-0065-1
                  
                  
                     HOMEOPATHIC
                     
                     Insecticides & Pest & Food Additives DETOX
                  
                  
                     1 FL OZ (30 ml)"
788a2c0a-6036-4fac-a172-d9ebf41af306.xml,911 Stress and Anxiety,"Initially, depress pump untilprimed.
                  Spray one dose directly intomouth.
                  
                     Adults: 3 sprays 3 times per
                     
                     day.
                  
                  
                     Children ages 6-12: 2 sprays 3
                     
                     times per day.
                  
                  Consult a physician for use inchildren under 6 years of age.
                  Use additionally as needed, upto 6 times per day.
                  
                  ﻿Reference image: 911.jpg

Other information
                  
                  
                     Tamper resistant for your protection.
                  
                  
                     Use only if safety seal is intact.
                  
                  
                     Keep carton for complete drug facts and product information.
                  
                  Questions? Call 866.298.2740
                  King Bio, Inc. 3 Westside Drive
                  Asheville, NC 2806 USA
                  FDA Reg. #1053442
                  For latest product information and instructions: www.DrKings.com
                  
                  Reference image: 911.jpg

Citrus Extract (ascorbic acid, citric acid, citrus aurantium amara fruit extract, citrus aurantium sinensis peel extract, citrus reticulata fruit extact, demineralized water, glycerin, lactic acid), Honeysuckle (Lonicera japonica), Polylysine, Purified Water, Shagbark Hickory (Carya Ovata) Bark Extract, Steviol (Steviol Glycosides).
                  
                  Reference image: 911.jpg

Equal volumes of each HPUS ingredient in 10X, 30X, and 1LMpotencies.
                  Aconitum napellus, Alfalfa, Apis mellifica, Avena sativa, Chamomilla, Cistus canadensis, Clematis vitalba, flos, Histaminum hydrochloricum, Ignatia amara, Impatiens glandulifera, flos, Kali phosphoricum, Lilium tigrinum, Ornithogalum umbellatum, flos, Passiflora incarnata, Phosphorus, Prunus cerasidera, flos, Pulsatilla, Valeriana officinalis.
                  Reference image: 911.jpg

For temporary relief of symptoms:
                  minor anxiety
                  fear
                  irritability
                  nervousness
                  minor mood swings
                  restlessness
                  stage fright
                  nervous stomach
                  oversensitivity
                  
                  As per various homeopathic materia medicas. Claims basedon traditional homeopathic practice, not accepted medicalevidence. These uses have not been evaluated by the FDA,and product has not been clinically tested.
                  
                  Reference image: 911.jpg

Stop use and consult a physician if symptoms worsen orpersist for more than 7 days.
                  
                     If pregnant or breast-feeding, ask a healthcare professionalbefore use.
                     Keep out of reach of children.
                  
                  In case of overdose, get medical help or contact a Poison Control Center immediately.
                  Reference image: 911.jpg

Keep out of reach of children.
                  
                  In case of overdose, get medical help or contact a Poison Control Center immediately.
                  Reference image: 911.jpg

Equal volumes of each HPUS ingredient in 10X, 30X, and 1LMpotencies.
                  Aconitum napellus................................................fear, anxiety, worry
                  Alfalfa.............................................................gloominess, irritability
                  Apis mellifica..................................................fearfulness, fright, rage
                  Avena sativa........................................promotes functions of the brain
                  Chamomilla..................................................restlessness, impatience
                  Cistus canadensis.........................................................sleeplessness
                  Clematis vitalba, flos................................stress of emotional hardship
                  Histaminum hydrochloricum......................................sensitive to trifle
                  Ignatia amara...........................................nervous temperment, grief
                  Impatiens glandulifera, flos..............................calming and stabilizing
                  Kali phosphoricum...................................anxiety, nervousness, worry
                  Lilium tigrinum....................................................anxious and fearful
                  Ornithogalum umbellatum, flos................................minor depression
                  Passiflora incarnata.............................nervous tension, restless sleep
                  Phosphorus....................................................fearful, oversensitivity
                  Prunus cerasidera, flos....................................calming and stabilizing
                  Pulsatilla..............................................oversensitivity, fears, timidity
                  Valeriana officinalis...........................nervous, changeable dispositions
                  Reference image: 911.jpg"
35b7c0bd-0148-0928-e063-6294a90aad27.xml,"Calcarea Carbonic
200ck","HOMEOPATHIC DILUTION OF HPUS CALCAREA CARBONICA 200ck ** C, K, CK, AND X ARE HOMEOPATHIC DILUTIONS

Late dentition & walking - Cradle cap*

Directions: (adults/children) Dissolve 5 pellets under the tongue 3 times a day until symptoms are relieved or as directed by a physician.

Condition listed above or as directed by a physician.

Stop use and ask a physician if symptoms persist for more than 3 days or worsen.

If pregnant or breast-feeding, ask a health professional before use.

Keep out of reach of children.

Store at room temperature.

Do not use if pellet-dispenser seal is broken.

SUCROSE

INFO@OLLOIS.COM * www.ollois.com * MADE IN FRANCE. NOT REVIEWED BY THE FDA AND NOT GUARANTEED TO BE EFFECTIVE. THIS HOMEOPATHIC DILUTION MAY NOT BE SUSEPTIBLE TO SCIENTIFIC MEASUREMENT.

Condition listed above or as directed by a physician."
35bf50ae-00b7-4331-e063-6294a90a5f7c.xml,Natural Immunogenics Corp.dba SOVEREIGN NATURALS,"Active Ingredient
                  
                  ARGENTUM METALLICUM 10X, 20X, 30X

Purpose
                  
                  TOPICAL ANALGESIC

FOR RELIEF OF SYMPTOMS DUE TO SKIN ERUPTIONS FROM ACNE, ECZEMA, MINOR INFECTION, RASHES, BLISTERS, SUNBURN, RAZOR BURN, MINOR NICKS & CUTS, REDNESS & MINOR INFLAMMATION

Warnings
                  
                  
                  
                     FOR EXTERNAL USE ONLY. ASK A DOCTOR BEFORE SE IF YOU HAVE DEEP OR PUNCTURE WOUNDS, ANIMAL BITES OR SERIOUS BURNS. KEEP OUT OF REACH OF CHILDREN. STOP AND ASK A DOCTOR IF SYMPTOMS PERSIST OR WORSEN AFTER 3 DAYS OF USE. DO NOT USE IF THE SEAL IS BROKEN.

Directions
                  
                  GENTLY CLEAN AFFECTED AREA. APPLY A LIBERAL, CONSISTENT LAYER OF SKIN CARE GEL OVER AFFECTED AREA. REPEAT 3 TIMES PER DAY OR AS OFTEN AS NEEDED TO RELIEVE SYMPTOMS. SAFE ON SENSITIVE SKIN.

CARBOPOL, SODIUM HYDROXIDE"
35cd8fec-f55f-4175-8595-98f708155c28.xml,First Aid Mind and Body,"Initially, depress pump untilprimed.
                  Spray one dose directly intomouth.
                  
                     Adults: 3 sprays 3 times per
                     
                     day.
                  
                  
                     Children ages 6-12:  2 sprays 3 times per day.
                  
                  
                     Consult a physician for use in children under 6 years of age. 
                  
                  Use additionally as needed, up to 6 times per day.
                  
                  ﻿Reference image: Frist Aid Mind and Body.jpg

Other information
                  
                  
                     Tamper resistant for your protection.
                  
                  
                     Use only if safety seal is intact.
                  
                  
                     Keep carton for complete drug facts and product information.
                  
                  Questions? Call 866.298.2740
                  King Bio, Inc. 3 Westside Drive
                  Asheville, NC 2806 USA
                  FDA Reg. #1053442
                  For latest product information and instructions: www.DrKings.com
                  
                  Reference image: Frist Aid Mind and Body.jpg

Citrus Extract (ascorbic acid, citric acid, citrus aurantium amara fruit extract, citrus aurantium sinensis peel extract, citrus reticulata fruit extact, demineralized water, glycerin, lactic acid), Honeysuckle (Lonicera japonica), Polylysine, Purified Water, Shagbark Hickory (Carya Ovata) Bark Extract, Steviol (Steviol Glycosides).
                  
                  Reference image: Frist Aid Mind and Body.jpg

Equal volumes of each HPUS ingredient in 10X, 30X, and 1LMpotencies.
                  Aconitum napellus, Apis mellifica, Arnica montana, Arsenicum album, Belladonna, Bellis perennis, Bryonia, Calendula officinalis, Chamomilla, Cistus canadensis, Clematis erecta, Clematis vitalba, flos, Ferrum phosphoricum, Histaminum hydrochloricum, Hypericum perforatum, Ignatia amara, Impatiens glandulifera, flos, Ornithogalum umbellatum, flos, Passiflora incarnata, Phosphorus, Prunus cerasifera, flos, Rhus tox, Sulphur, Symphytum officinale, Trifolium pratense, Veratrum album.
                  
                     Reference image: Frist Aid Mind and Body.jpg

Temporary relieves symptoms due to mental, emotional or physical stress: 
                  
                     nervous tension
                     body aches
                     restlessness
                     irritability
                     oversensitivity
                     sleeplessness
                  
                  
                  As per various homeopathic materia medicas. Claims basedon traditional homeopathic practice, not accepted medicalevidence. These uses have not been evaluated by the FDA,and product has not been clinically tested.
                  
                  Reference image: Frist Aid Mind and Body.jpg

Stop use and consult a physician if symptoms worsen orpersist for more than 7 days.
                  
                     If pregnant or breast-feeding, ask a healthcare professionalbefore use.
                     Keep out of reach of children.
                  
                  In case of overdose, get medical help or contact a Poison Control Center immediately.
                  Reference image: Frist Aid Mind and Body.jpg

Keep out of reach of children.
                  
                  In case of overdose, get medical help or contact a Poison Control Center immediately.
                  Reference image: Frist Aid Mind and Body.jpg

Equal volumes of each HPUS ingredient in 10X, 30X, and 1LMpotencies.
                  Aconitum napellus....................emotional and physical stress
                  
                     Apis mellifica.........................................burns, pain, apathy
                  
                  Arnica montana.........................aches, pains, oversensitivity
                  Arsenicum album................tension, restlessness, exhaustion
                  Belladonna.............................agitation, excited metal states
                  Bellis perennis.............injuries, sore muscles, bruises, aching
                  Bryonia.....................................aches, weakness, irritability
                  Calendula officinalis.............skin injuries, burns, nervousness
                  Chamomilla..............................mental and emotional stress
                  Cistus canadensis...............sleeplessness, sensitiveity to cold
                  Clematis erecta......................skin irritations, neuralgic pains
                  Clematis vitalba, flos...........physical and emotional weakness
                  Ferrum phosphoricum...................nervous sensitivity, fevers
                  Histaminum hydrochloricum.............inflammation, sensitivity
                  Hypericum perforatum..shock, puncture wounds, joint injuries
                  Ignatia amara..................................fear, stress, impatience
                  Impatiens glandulifera, flos..susceptibility to illness, premature
                  aging
                  Ornithogalum umbellatum, flos...illness from shock and trauma
                  Passiflora incarnata....................................worry, exhaustion
                  Phosphorus...................................oversensitivity, fearfulness
                  Prunus cerasifera, flos.................tension, fear of losing control
                  Rhus tox...................................strains, sprains, inflammation
                  Sulphur...........................................skin irritations, irritability
                  Symphytum officinale.........pain, strains, sprains, inflammation
                  Trifolium pratense...................promotes calm steady presence
                  Veratrum album................................minor anxiety and shock
                  Reference image: Frist Aid Mind and Body.jpg"
362165cd-d1bf-2234-e063-6394a90afcc4.xml,Bestmade Natural Products - Mullein Ear Drops,"How to Use
                  Apply 4-5 drops into the ear twice daily or as directed by a healthcare provider. (For external use only.)

Uses
                  Temporarily supports softer earwax and ear cleanliness.*
                  *CLAIMS BASED ON TRADITIONAL HOMEOPATHIC PRACTICE, NOT ACCEPTED MEDICAL EVIDENCE, NOT FDA EVALUATED.
                  This product is not intended to diagnose, treat, cure, or prevent any disease.

Inactive: Alcohol Base to Preserve Remedy

Belladonna D10: 0.008mL (HPUS)
                  Calendula Ø: 0.010mL (HPUS)
                  Echinacea Ø: 0.002mL (HPUS)
                  Hydrastis D3: 0.002mL (HPUS)
                  Mullein Oil Ø: 0.28mL (HPUS)
                  Viola Odorata Ø: 0.002mL (HPUS)

Warnings and Storage:
  
Ask a professional before use if pregnant or breastfeeding or if you have severe symptoms.
  
Keep away from children. If you have a reaction to this product that is not positive, discontinue use. Store in a cool and dry place.

Uses
                  Temporarily supports softer earwax and ear cleanliness.*
                  *CLAIMS BASED ON TRADITIONAL HOMEOPATHIC PRACTICE, NOT ACCEPTED MEDICAL EVIDENCE, NOT FDA EVALUATED.
                  This product is not intended to diagnose, treat, cure, or prevent any disease.

Warnings and Storage:
  
Ask a professional before use if pregnant or breastfeeding or if you have severe symptoms.
  
Keep away from children. If you have a reaction to this product that is not positive, discontinue use. Store in a cool and dry place.
  
*CLAIMS BASED ON TRADITIONAL HOMEOPATHIC PRACTICE, NOT ACCEPTED MEDICAL EVIDENCE, NOT FDA EVALUATED.
  
This product is not intended to diagnose, treat, cure, or prevent any disease.

Entire package label"
35bf62a6-b589-9582-e063-6394a90a1b92.xml,Natural Immunogenics Corp.dba SOVEREIGN NATURALS,"Active Ingredient                                    Purpose

Argentum Nitricum 10xHPUS                   For the temporary relief of minor sore throat

Uses

For the temporary relief of minor sore throat.

Warnings

Sore Throat Warning: Severe or persistent sore throat or sore throat accompanied by high fever, headache, nausea, and vomiting may be serious. Consult a physician promptly. • Do not use for more than 7 consecutive days.
 
  
                  
                  
                     
                        When using this productdo not exceed recommended dosage.
 
  
                  
                  
                     
                        Stop use and ask a physician if: Sore throat symptoms do not improve in 7 days. Irritation, pain or redness persists or worsens.Swelling, rash or fever develops.
 
  
                  
                  
                     
                        If pregnant or breast-feeding: Ask a physician before use.
 
  
                  
                  
                     
                        Keep out of reach of children.
                     
                  
                  
                     
                        Do not use if seal is broken.

Directions

Adults and children 13 and older: Apply 3 sprays directly to the throat, then swallow. Wait for 5 minutes and repeat the process. If symptoms persist, wait 10 minutes after the second dose and reapply as needed until bedtime.
 
  
                     
                        Children 12 and under: Consult with a physician.

Other information

Store at 20-25°C (68-77°F). For best shelf-life avoid strong sources of electromagnetic energy and direct sunlight.

Inactive ingredients

Alcohol (Organic) 0.6%, Citric acid, Glycerin, Silver, Sodium Citrate.

Questions or comments?

888-328-8840"
3623a679-2449-1da7-e063-6394a90a97f0.xml,Podophyllum,"How to Use
                  Take with water 3-4 times a day. Ages 12 or older, 5 Pellets, Ages 12-2, 3 Pellets, Ages below 2, consult your Doctor.

Best for
                  Temporarily relieves discomfort due to occasional watery and loose stools, bilious vomiting, and agglutinated, swollen, and red eyes.*

Best for
                  Temporarily relieves discomfort due to occasional watery and loose stools, bilious vomiting, and agglutinated, swollen, and red eyes.*

Ingredients
                  Inactive: Sucrose/Lactose Pellets base to Preserve Remedy

Active Ingredients: Podophyllum Peltatum(Mayapple) [HPUS] 30c potency

Warnings:
                  Ask a professional before use if pregnant or breastfeeding or if you have severe symptoms.
                  Keep away from children. If you have a reaction to this product that is not positive, discontinue use. Store in a cool and dry place
                  
                     
*CLAIMS BASED ON TRADITIONAL HOMEOPATHIC PRACTICE, NOT ACCEPTED MEDICAL EVIDENCE NOT FDA EVALUATED.
  
This product is not intended to diagnose, treat, cure, or prevent any disease.

Warnings:
                  Ask a professional before use if pregnant or breastfeeding or if you have severe symptoms.
                  Keep away from children. If you have a reaction to this product that is not positive, discontinue use. Store in a cool and dry place
                  
                     
*CLAIMS BASED ON TRADITIONAL HOMEOPATHIC PRACTICE, NOT ACCEPTED MEDICAL EVIDENCE NOT FDA EVALUATED.
  
This product is not intended to diagnose, treat, cure, or prevent any disease.

Entire package label"
35bf50bd-64b0-6a15-e063-6294a90a5792.xml,Natural Immunogenics Corp.dba SOVEREIGN NATURALS,"Ingredients
                  
                  
                     ACTIVE: Argentum Metallicum 10x, 20x and 30x HPUS

INACTIVE
                  
                  Silver hydrosol,carbopol and sodium hydroxide

Purpose
                  
                  Natural healing gel skin care

Keep out of reach of children.

Warnings
                  
                  
                     For external 
                     use only. Ask a doctor before use 
                     if you have deep or puncture wounds, animal bites or serious burns.

Stop and ask a doctor if symptoms persist or worsen after 3 days of use. Do not use if seal is broken

Directions
                  
                  Gently clean affected area. Apply a liberal, consistent layer of Skin Care Gel over affected area. Repeat 3 times per day or as often as needed to relieve symptoms. Safe on sensitive skin.

Indications for Use
                  
                  For relief of symptoms due to skin eruptions from acne, eczema, minor infection, rashes, blisters -Sunburn – Razor Burn – minor nicks & cuts – redness – minor inflammation"
8c9baaa4-92d0-49f6-ad6c-d614baf7aedc.xml,VACC HC,"Antimonium Tartaricum 30X, Arsenicum Album 30X, Bryonia (Alba) 30X, Echinacea (Angustifolia) 12X, Gelsemium Sempervirens 30X, Hepar Suis 6X, 12X, 18X, 24X, 30X, Histaminum Hydrochloricum 6X, 12X, 18X, 24X, 30X, Hyoscyamus Niger 30X, Influenzinum 12C, 18C, 30C, 60C, 100C, Ledum Palustre 12X, Mercurius Solubilis 30X, Mezereum 12X, Nicotinamidum 30X, RNA 10X, 12X, 18X, 30X, 60X, 100X, Senega Officinalis 30X, Silicea 12X, 18X, 24, Spigelia Anthelmia 30X, Sulphur 30X, Thuja Occidentalis 6X, 12X, 18, 30X, Zincum Metallicum 30X.

Antimonium Tartaricum - Headache, Arsenicum Album - Tiredness, Bryonia (Alba) – Sore Muscles, Echinacea (Angustifolia) – Headache, Gelsemium Sempervirens - Tiredness, Hepar Suis - Tiredness, Histaminum Hydrochloricum - Tiredness, Hyoscyamus Niger – Sore Muscles, Influenzinum - Tiredness, Ledum Palustre – Sore Muscles, Mercurius Solubilis - Tiredness, Mezereum - Headache, Nicotinamidum - Tiredness, RNA – Sore Muscles, Senega Officinalis - Tiredness, Silicea - Tiredness, Spigelia Anthelmia - Headache, Sulphur – Sore Muscles, Thuja Occidentalis - Tiredness, Zincum Metallicum - Headache

• For the temporary relief of symptoms including:
                  • sore muscles • headache • tiredness
                  These statements are based upon homeopathic principles. They have not been reviewed by the Food and Drug Administration.

If pregnant or breast-feeding, ask a health professional before use.
                  
                     Keep out of reach of children. In case of overdose, contact a physician or Poison Control Center right away.
                  
                     Tamper Evident: Sealed for your protection. Do not use if seal is broken or missing.

In case of overdose, contact a physician or Poison Control Center right away.

1-10 drops under the tongue, 3 times a day or as directed by a health professional. Consult a physician for use in children under 12 years of age.

Demineralized water, 25% ethanol

Dist. By: Deseret Biologicals, Inc.
                  469 W. Parkland Drive
                  Sandy, UT 84070
                  www.desbio.com
                  800-827-8204

DesBio
                  
                  
                     VACC:HC
                  
                  
                     Homeopathic
                  
                  
                     NDC 43742-2218-1
                  
                  
                     1FL OZ (30 ml)"
360cd418-f76b-cef8-e063-6394a90ad57b.xml,"Hainan Zehuitang Biotechnology Co., LTD","Active ingredient: Ginsenoside Compound K 50 mg/ 10 g

Purpose: Regulate the human immune system; Treat tuberculosis

Warnings:
                  Do not use if you are allergic to this product and its ingredients

Ask a doctor before use if you have
                  Other diseases;
                  Or take some medicines

Ask a doctor or pharmacist before use if you are Pregnant women Or infants

When using this product:
                  Take before meals,
                  Take it half an hour before going to bed

Stop use and ask a doctor if There was no sign of relief after taking for 4 weeks.

If pregnant or breast-feeding, ask a health professional before use.

Keep out of reach of children. In case of overdose, get medical help or contact a Poison Control Center right away.

Directions:
                  Take one bottle orally with water, three times daily.
                  For internal use only.

Inactive ingredients: CORN STAREH, YEAST. BETA. -D-GLUCAN, URSOLIC ACID

Questions? 123-555-1234

Other information:
                  Store at 5-30℃,
                  Keep out of direct sunlight

Use: Regulate the human immune system; Treat tuberculosis
                  When using this productTake before mealsTake it half an hour before going to bed"
d4d7bd33-3ca5-4c69-b005-b41328b15c6f.xml,"Bite, Bump and Rash Relief","(in gel): 1.43% of Apis Mellifica 12X, Astacus Fluviatilis 15X, Belladonna 12X, Calcarea Carbonica 12X, Gelsemium Sempervirens 15X, Mezereum 12X, Rhus Tox 12X.

May temporarily relieve itching, insect bites, poison ivy, rashes, eczema, hives, inflammation and irritated red skin.**
                  **Claims based on traditional homeopathic practice, not accepted medical evidence. Not FDA evaluated.

For external use only.
                  
                  
                     If pregnant or breast-feeding, ask a health professional before use.
                  
                     Keep out of reach of children. If swallowed, get medical help or contact a Poison Control Center right away.
                  
                     When using this product • Do not get into eyes.
                  
                     Stop use and ask a doctor if • Conditions worsens • Symptoms last more than 7 days
                  Do not use if safety seal is broken or missing.

Keep out of reach of children. If swallowed, get medical help or contact a Poison Control Center right away.

Apply at least 3 times daily over the affected area.
                  Children under 12 years of age: Consult a doctor.

May temporarily relieve itching, insect bites, poison ivy, rashes, eczema, hives, inflammation and irritated red skin.**
                  **Claims based on traditional homeopathic practice, not accepted medical evidence. Not FDA evaluated.

Aloe Barbadensis Leaf Juice, Purified Water, Benzyl Alcohol (and) Ethylhexylglycerin (and) Tocopherol, Acrylates/C10-30 Alkyl Acrylate Crosspolymer, Disodium EDTA, Sodium Hydroxide (Solution).

Dist. by Peaceful Mountain, Inc.
                     Woodbine, IA 51579
                  888-303-3388www.peacefulmountain.com

peaceful mountain
                  
                  
                     THE HEIGHT OF HEALTH
                  
                  
                     bite, bump and
                  
                  
                     rash relief
                  
                  
                     homeopathic
                  
                  
                     anti-itch gel
                  
                  paraben-free
                  unscented ﻿• non-greasy
                  No menthol • no animal testing
                  
                     Net wt. 2 oz. (57 g)"
ca5f5275-9ce6-4105-b7e5-0aa0f66144ad.xml,Snore Control,"Initially, depress pump untilprimed.
                  Spray one dose directly intomouth.
                  
                     Adults: 3 sprays 3 times per
                     
                     day.
                  
                  
                     Children ages 6-12: 2 sprays 3
                     
                     times per day.
                  
                  
                     Consult a physician for use in
                     
                     children under 6 years of age.
                  
                  Use additionally as needed, upto 6 times per day.
                  ﻿Reference image:Snore Control.jpg

Other information
                  
                  
                     Tamper resistant for your protection.
                  
                  Use only if safety seal is intact.
                  Keep carton for complete drug facts and product information.
                  Questions? Call 866.298.2740
                  King Bio, Inc. 3 Westside Drive
                  Asheville, NC 2806 USA
                  FDA Reg. #1053442
                  For latest product information and instructions: www.DrKings.com
                  Reference image:Snore Control.jpg

Citrus Extract (ascorbic acid, citric acid, citrus aurantium amara fruit extract, citrus aurantium sinensis peel extract, citrus reticulata fruit extact, demineralized water, glycerin, lactic acid), Honeysuckle (Lonicera japonica), Polylysine, Purified Water, Shagbark Hickory (Carya Ovata) Bark Extract, Steviol (Steviol Glycosides).
                  Reference image:Snore Control.jpg

Equal volumes of each HPUS** ingredient in 10X, 30X, and 1LMpotencies.
                  Bromium, Chamomilla, Cinchona officinalis, Cuprum metallicum, Helleborus niger, Laurocerasus, Nux vomica, Phosphoricum acidum, Rhus tox, Silicea, Stramonium, Zincum metallicum.
                  
                  
                     HPUS indicates the active ingredients are in the official Homeopathic Pharmacopeia of the United States.
                  
                  Reference image:Snore Control.jpg

Uses for temporary relief of symptoms related to snoring:
                  Slow, labored breathing 
                  
                     Stuffy nose, especially at night 
                  
                  
                     Heaviness of chest 
                  
                  
                     Dry cough
                  
                  
                  as per various homeopathic materia medicas. Claims basedon traditional homeopathic practice, not accepted medicalevidence. These uses have not been evaluated by the FDA,and product has not been clinically tested.
                  Reference image:Snore Control.jpg

Stop use and consult a physician if symptoms worsen orpersist for more than 7 days.
                  
                     If pregnant or breast-feeding, ask a healthcare professionalbefore use.
                  
                     Keep out of reach of children.
                  
                  In case of overdose, get medical help or contact a Poison Control Center immediately.
                  Reference image:Snore Control.jpg

Keep out of reach of children.
                  
                  In case of overdose, get medical help or contact a Poison Control Center immediately.
                  Reference image:Snore Control.jpg

Active ingredients                                               Purpose †
                  Equal volumes of each HPUS** ingredient in 10X, 30X, and 1LMpotencies. 
                  Bromium ................................... jerking and starting during sleepChamomilla .....................................................tightness of chestCinchona officinalis ...................................slow, labored breathingCuprum metallicum .............................................spasms of chestHelleborus niger..............................................irregular respirationLaurocerasus ...................................spasmodic tickling, dry coughNux vomica ....................................stuffy nose, especially at nightPhosphoricum acidum.........................................difficult breathingRhus tox .................................heaviness of chest, bronchial coughSilicea.....................................................coughs when lying downStramonium............................................................ deep snoringZincum metallicum .....................................................hoarseness
                  **“HPUS” indicates the active ingredients are in the officialHomeopathic Pharmacopeia of the United States.
                  
                  Reference image:Snore Control.jpg"
3622ad36-ddcb-30be-e063-6294a90a76b2.xml,Veratrum Album,"How to Use
                  Take with water 3-4 times a day. Ages 12 or older, 5 Pellets, Ages 12-2, 3 Pellets, Ages below 2, consult your Doctor.

Best for
                  Temporarily relieves occasional watery and loose stools, vomiting, and exhaustion.*

Ingredients
                  Inactive: Sucrose/Lactose Pellets base to Preserve Remedy

Active Ingredients: Veratrum Album (White Hellebore) [HPUS] 30c potency

Warnings:
                  Ask a professional before use if pregnant or breastfeeding or if you have severe symptoms.
                  Keep away from children. If you have a reaction to this product that is not positive, discontinue use. Store in a cool and dry place
                  
                     
*CLAIMS BASED ON TRADITIONAL HOMEOPATHIC PRACTICE, NOT ACCEPTED MEDICAL EVIDENCE NOT FDA EVALUATED.
  
This product is not intended to diagnose, treat, cure, or prevent any disease.

Best for
                  Temporarily relieves occasional watery and loose stools, vomiting, and exhaustion.*

Warnings:
                  Ask a professional before use if pregnant or breastfeeding or if you have severe symptoms.
                  Keep away from children. If you have a reaction to this product that is not positive, discontinue use. Store in a cool and dry place
                  
                     
*CLAIMS BASED ON TRADITIONAL HOMEOPATHIC PRACTICE, NOT ACCEPTED MEDICAL EVIDENCE NOT FDA EVALUATED.
  
This product is not intended to diagnose, treat, cure, or prevent any disease.

Entire package label"
f128b5dd-d94f-42a8-ad59-2729a42d1b26.xml,Dr. Donna Restivo DC,"Allium Sativum 3X, Berberis Vulgaris 3X, Glycyrrhiza Glabra 3X, Lappa Major 3X, Stillingia Sylvatica 3X, Trifolium Pratense 3X, Ascorbicum Acidum 6X, Cysteinum 6X, L-Methionine 8X, Phytolacca Decandra 8X, Thyroidinum (Suis) 8X, Calcarea Phosphorica 8X, 12X, 15X, Chromium Metallicum 8X, 12X, 15X, Cobaltum Metallicum 8X, 12X, 15X, Cuprum Metallicum 8X, 12X, 15X, Ferrum Metallicum 8X, 12X, 15X, Iodium 8X, 12X, 15X, Iridium Metallicum 8X, 12X, 15X, Kali Carbonicum 8X, 12X, 15X, Lithium Carbonicum 8X, 12X, 15X, Magnesium Metallicum 8X, 12X, 15X, Manganum Metallicum 8X, 12X, 15X, Molybdenum 8X, 12X, 15X, Natrum Muriaticum 8X, 12X, 15X, Phosphorus 8X, 12X, 15X, Selenium Metallicum 8X, 12X, 15X, Strontium Carbonicum 8X, 12X, 15X, Sulphur 8X, 12X, 15X, Vanadium Metallicum 8X, 12X, 15X, Zincum Metallicum 8X, 12X, 15X, Carbolicum Acidum 12X, Formalinum 12X, Lycopodium Clavatum 12X, Natrum Muriaticum 12X, Nux Vomica 12X, Boron 12X, 15X, 30X, Aluminium Metallicum 12X, 30X, 200X, Antimonium Crudum 12X, 30X, 200X, Argentum Metallicum 12X, 30X, 200X, Arsenicum Album 12X, 30X, 200X, Aurum Metallicum 12X, 30X, 200X, Baryta Carbonica 12X, 30X, 200X, Beryllium Metallicum 12X, 30X, 200X, Bismuthum Metallicum 12X, 30X, 200X, Bromium 12X, 30X, 200X, Cadmium Metallicum 12X, 30X, 200X, Cerium Metallicum 12X, 30X, 200X, Cesium Chloride 12X, 30X, 200X, Dysprosium Metallicum 12X, 30X, 200X, Erbium Metallicum 12X, 30X, 200X, Europium Metallicum 12X, 30X, 200X, Gadolinium Metallicum 12X, 30X, 200X, Germanium Sesquioxide 12X, 30X, 200X, Holmium Metallicum 12X, 30X, 200X, Indium Metallicum 12X, 30X, 200X, Manganum Metallicum 12X, 30X, 200X, Mercurius Solubilis 12X, 30X, 200X, Neodymium Oxide 12X, 30X, 200X, Niccolum Metallicum 12X, 30X, 200X, Osmium Metallicum 12X, 30X, 200X, Palladium Metallicum 12X, 30X, 200X, Platinum Metallicum 12X, 30X, 200X, Plumbum Metallicum 12X, 30X, 200X, Praseodymium Metallicum 12X, 30X, 200X, Rhodium Metallicum 12X, 30X, 200X, Rubidium Nitricum 12X, 30X, 200X, Samarium Metallicum 12X, 30X, 200X, Stannum Metallicum 12X, 30X, 200X, Terbium Metallicum 12X, 30X, 200X, Thallium Metallicum 12X, 30X, 200X, Uranium Nitricum 12X, 30X, 200X, Ytterbium Oxide 12X, 30X, 200X, Arsenicum Album 1000X, Mercurius Solubilis 1000X, Plumbum Metallicum 1000X, Lanthanum Metallicum 14C, Niobium Metallicum 30C, Tantalum Metallicum 30C.

For temporary relief of symptoms related to heavy metal toxicity including cough, poor concentration, nausea, vomiting, occasional diarrhea, stomach pain, headache, sweating, and a metallic taste in the mouth.**
                  **These statements are based upon homeopathic principles. They have not been reviewed by the Food and Drug Administration.

Keep out of reach of children. In case of overdose, get medical help or contact a Poison Control Center right away.
                  
                     If pregnant or breast-feeding, ask a health professional before use.
                  Tamper seal: ""Sealed for Your Protection."" Do not use if seal is broken or missing.

In case of overdose, get medical help or contact a Poison Control Center right away.

10 drops under the tongue, 3 to 6 times per day or as directed by a health professional. Consult a physician for use in children under 12 years of age.

For temporary relief of symptoms related to heavy metal toxicity including cough, poor concentration, nausea, vomiting, occasional diarrhea, stomach pain, headache, sweating, and a metallic taste in the mouth.**
                  **These statements are based upon homeopathic principles. They have not been reviewed by the Food and Drug Administration.

demineralized water, 25% ethanol

Distributed by Dr. Donna Restivo DC, Wellness Consultant822 South Lake Blvd, Mahopac, New York 10541www.mahopacmassage.com • (845) 628-6286

DR. DONNA RESTIVO DC
                  
                  
                     WELLNESS CONSULTANT
                  
                  
                     NDC 62185-0062-1
                  
                  
                     HOMEOPATHIC
                  
                  
                     Met
                     DETOX
                  
                  2 FL OZ (60 ml)"
c218b60c-7361-485a-b974-a9e67ffe2dff.xml,Sciatic Nerve Formula,"Initially, depress pump untilprimed.
                  Spray one dose directly intomouth.
                  
                     Adults: 3 sprays 3 times per
                     
                     day.
                  
                  Use additionally as needed, upto 6 times per day.
                  
                  ﻿Reference image: Sciatic Nerve Formula.jpg

Other information
                  
                  
                     Tamper resistant for your protection.
                  
                  
                     Use only if safety seal is intact.
                  
                  
                     Keep carton for complete drug facts and product information.
                  
                  Questions? Call 866.298.2740
                  King Bio, Inc. 3 Westside Drive
                  Asheville, NC 2806 USA
                  FDA Reg. #1053442
                  For latest product information and instructions: www.DrKings.com
                  
                  Reference image: Sciatic Nerve Formula.jpg

Citrus Extract (ascorbic acid, citric acid, citrus aurantium amara fruit extract, citrus aurantium sinensis peel extract, citrus reticulata fruit extact, demineralized water, glycerin, lactic acid), Honeysuckle (Lonicera japonica), Polylysine, Purified Water, Shagbark Hickory (Carya Ovata) Bark Extract, Steviol (Steviol Glycosides).
                  
                  Reference image: Sciatic Nerve Formula.jpg

Equal volumes of each HPUS ingredient in 10X, 30X, and 1LMpotencies.
                  Aesculus hippocastanum, Ammonium muriaticum, Arsenicum album, Belladonna, Capsicum annuum, Causticum, Colchicum autumnale, Colocynthis, Gnaphalium polycephalum, Ignatia amara, Hypericum perforatum, Magnesia phosphorica, Rhus tox, Ruta graveolens.
                  
                     Reference image: Sciatic Nerve Formula.jpg

For temporary relief of symptoms:
                  
                     Low back, leg, hip, and joint pain 
                     Nerve inflammation 
                     Numbness and tingling
                     Weakness in back and legs
                  
                  As per various homeopathic materia medicas. Claims basedon traditional homeopathic practice, not accepted medicalevidence. These uses have not been evaluated by the FDA,and product has not been clinically tested.
                  
                  Reference image: Sciatic Nerve Formula.jpg

Stop use and consult a physician if symptoms worsen orpersist for more than 7 days.
                  
                     If pregnant or breast-feeding, ask a healthcare professionalbefore use.
                     Keep out of reach of children.
                  
                  In case of overdose, get medical help or contact a Poison Control Center immediately.
                  Reference image: Sciatic Nerve Formula.jpg

Keep out of reach of children.
                  
                  In case of overdose, get medical help or contact a Poison Control Center immediately.
                  Reference image: Sciatic Nerve Formula.jpg

Equal volumes of each HPUS ingredient in 10X, 30X, and 1LMpotencies.
                  Aesculus hippocastanum ................discomfort in back, legs, armsAmmonium muriaticum.................... discomfort, tightness in hipsArsenicum album................................uneasiness, fatigue in legsBelladonna ..................................................discomfort in limbsCapsicum annuum .............................................stiffness in legsCausticum ..............................................discomfort with motionColchicum autumnale ........................ numbness, tingling in limbsColocynthis ......................................discomfort from hip to kneeGnaphalium polycephalum ............................. discomfort in limbsHypericum perforatum .........................radiating pain down limbsIgnatia amara ......................... weakness in back and lower limbsKalmia latifolia ...........low back pain, neuralgia shooting downwardMagnesia phosphorica ...................................... muscular fatigueRhus tox .......................................discomfort in legs, hips, jointsRuta graveolens .........................................low back and leg pain
                  Reference image: Sciatic Nerve Formula.jpg"
32ece9d6-b347-6304-e063-6394a90a182d.xml,Childrens Cold Crush,"Drug Facts

Active Ingredients
    ‡**
   
                     
                  
                  Aconitum napellus 12X HPUS
                  Allium cepa 6X HPUS
                  Bryonia alba 9X HPUS
                  Chamomilla 6X HPUS
                  Echinacea angustifolia 6X HPUS
                  Euphrasia officinalis 6X HPUS
                  Gelsemium sempervirens 12X HPUS
                  Ipecacuanha 12X HPUS
                  Pulsatilla 9X HPUS
                  Sambucus nigra 6X HPUS

Purpose
                     
                  
                  dry cough and wet cough
                  sneezing, runny nose and nasal discharge
                  sinus pain and stuffy nose
                  nasal congestion
                  sore throat and dry throat
                  chest congestion
                  headache and body aches
                  loss of smell
                  mucus and loss of taste
                  restless sleep

‡ Organic
                  ""HPUS"" indicates that this ingredient is officially included in the Homeopathic Pharmacopoeia of the United States.

Uses
    *
                        
                     
                  
                  addresses symptoms associated with the common cold, such as:
                  
                     chest congestion
                     cough
                     nasal congestion
                     sore throat
                     runny nose
                     sneezing

Warnings

Stop use and ask a doctor if
                        
                        
                           difficulty breathing, vomiting, skin rash, diarrhea or fever above 100º F (38ºC) develops
                           symptoms persist for more than 2 days or worsen

Keep out of reach of children.

Directions
                     
                  
                  
                     
                        
                           children 3-11 years of age
                           
                              
                                 chew 2 tablets at the onset of symptoms
                                 do not swallow whole
                                 repeat every 4-6 hours as needed
                              
                           
                        
                        
                           children under 3 years of age
                           ask a doctor before use

Other information
                     
                  
                  store between 20-25ºC (68-77ºF) in a dry place out of direct sunlight

Inactive ingredients
                     
                  
                  organic açaí berry flavor, organic carnauba wax, organic dextrose, organic maltodextrin, organic rice bran extract

Questions?
                     
                  
                  
                     1-855-436-3921

*CLAIMS BASED ON TRADITIONAL HOMEOPATHIC PRACTICE, NOT ACCEPTED MEDICAL EVIDENCE. NOT EVALUATED BY THE FOOD AND DRUG ADMINISTRATION.
                  
                  
                  
                     
                        **
                     X is a homeopathic dilution; see genexa.com for more information

Bottle is safety sealed with a perforated band around bottle. DO NOT use if bottle seal is disturbed or missing.
                  
                  Patent Pending | Distributed by:
                  Genexa Inc. Atlanta, GA 30318
                  genexa.com
                  Certified Organic by SCS Global Services
                  Made in the USA with globally sourced ingredients
                  NDC 69676-0073-1

Children's
                  
                  
                     Genexa
   ®
                     
                  
                  
                     Ages 3-11
                  
                  
                     Cold Crush
   ®
                     
                  
                  
                     Non-Drowsy Organic Cold & Cough*
                  
                  
                     Congestion & Mucus*
                  
                  
                     Cough & Sore Throat*
                  
                  
                     Runny Nose & Sneezing*
                  
                  
                     Know your ingredients
                  
                  
                     Made without: common allergens, artificial dyes or parabens
 
                  
                     Homeopathic
                  
                  
                     60 Chewable Tablets
                  
                  
                     Organic Açaí Berry Flavor"
35ace7c7-897e-9434-e063-6394a90a71b9.xml,I-Waker,"Formulated for symptoms such as hypersensitivity, debility, glandular swellings, infections and inflammation.

Directions: Ages 12 and up, take 6 drops by mouth (ages 0 to 11, give 3 drops) three to four times daily or as directed by a health professional.

Equal parts of Apis mellifica 6x, Echinacea 6x, Hydrastis canadensis 6x, Thuja occidentalis 6x, Aconitum napellus 15x, Agaricus muscarius 15x, Allium sativum 15x, Aloe 15x, Arnica montana 15x, Arsenicum album 15x, Baptisia tinctoria 15x, Belladonna 15x, Bryonia 15x, Calcarea carbonica 15x, Calendula officinalis 15x, Capsicum annuum 15x, Carduus marianus 15x, Hepar sulphuris calcareum 15x, Iodium 15x, Lachesis mutus 15x, Lycopodium clavatum 15x, Mercurius vivus 15x, Nux vomica 15x, Phosphorus 15x, Pulsatilla 15x, Rhus toxicodendron 15x, Salvia officinalis 15x, Selenium metallicum 15x, Taraxacum officinale 15x, Tarentula hispana 15x, Zincum metallicum 15x, Zingiber officinale 15x, Anthracinum 16x, Azadirachta indicia 16x, Influenzinum 30x.

Formulated for symptoms such as hypersensitivity, debility, glandular swellings, infections and inflammation.

Inactive Ingredients: USP Purified Water; USP Gluten-free, non-GMO, organic cane alcohol 20%.

newtonlabs.net - Questions? 800.448.7256
                  
                  Newton Laboratories, Inc. FDA Est # 1051203 Conyers, GA 30013

WARNINGS: Keep out of reach of children. Do not use if tamper-evident seal is broken or missing. If symptoms worsen or persist for more than a few days, consult a doctor. If 
  pregnant or breast-feeding, ask a doctor before use.

If 
  pregnant or breast-feeding, ask a doctor before use.

Keep out of reach of children."
8c259dd4-ee88-4224-9b7b-633c30977fe9.xml,Dr. Donna Restivo DC,"Acetaldehyde 6X, 12X, 30X, 200X, Dopamine Hydrochloride 6X, 12X, 30X, 200X, DHEA (Dehydroepiandrosterone) 6X, 12X, 30X, 200X, 12C, 30C, 60C, 200C, 7-Oxo-Dehydroepiandrosterone 3-Acetate 8X, 12X, 30X, 60X, 200X, 12C, 30C, 60C, 200C, Folliculinum 8X, 12X, 30X, 60X, 200X, 12C, 30C, 60C, 200C, Oophorinum (Suis) 8X, 12X, 30X, 60X, 200X, 12C, 30C, 60C, 200C, Cholesterinum 8X, 12X, 30X, 200X, 12C, 30C, 60C, 200C,Progesterone 8X, 12X, 30X, 200X, 12C, 30C, 60C, 200C, Testosterone 8X, 12X, 30X, 200X, 12C, 30C, 60C, 200C, Cortisone Aceticum 12X, 30X, 200X, 12C, 30C, 60C, 200C, Aldosterone 12C, 30C, 60C, 200C, Androsterone 12C, 30C, 60C, 200C, Follicle Stimulating Hormone 12C, 30C, 60C, 200C.

Temporary relief of symptoms related to hormone imbalances or insufficiencies in men and women, including low energy, inability to handle stress, trouble focusing, changes in mood, infertility, irregular menstrual cycles (females) and lack of libido.**
                  **These statements are based upon traditional homeopathic principles. They have not been reviewed by the Food and Drug Administration.

Keep out of reach of children. In case of overdose, get medical help or contact or a Poison Control Center right away.
                  
                     If pregnant or breast-feeding, ask a health professional before use.
                  Tamper seal: ""Sealed for Your Protection."" Do not use if seal is broken or missing.

Keep out of reach of children. In case of overdose, get medical help or contact or a Poison Control Center right away.

10 drops under the tongue, 3 to 6 times per day or as directed by a health professional. Consult a physician for use in children under 12 years of age.

Temporary relief of symptoms related to hormone imbalances or insufficiencies in men and women, including low energy, inability to handle stress, trouble focusing, changes in mood, infertility, irregular menstrual cycles (females) and lack of libido.**
                  **These statements are based upon traditional homeopathic principles. They have not been reviewed by the Food and Drug Administration.

demineralized water, 25% ethanol.

Distributed by Dr. Donna Restivo DC, Wellness Consultant822 South Lake Blvd, Mahopac, New York 10541www.mahopacmassage.com • (845) 628-6286

DR. DONNA RESTIVO DC
                     
                     WELLNESS CONSULTANT
                     NDC 62185-0041-1
                     HOMEOPATHIC
                     
                     
                        Hormone
                      Balance
                     1 FL OZ (30 ml)"
35aa162b-fddd-b832-e063-6294a90a17eb.xml,Immu-n Waker,"Formulated for symptoms such as hypersensitivity, debility, glandular swellings, infections and inflammation.

Directions: Ages 12 and up, take 6 drops by mouth (ages 0 to 11, give 3 drops) three to four times daily or as directed by a health professional.

Equal parts of Apis mel 6x, Echinacea 6x, Hydrastis 6x, Thuja occ 6x, Aconitum nap 15x, Agaricus musc 15x, Allium sat 15x, Aloe 15x, Arnica 15x, Arsenicum alb 15x, Baptisia 15x, Belladonna 15x, Bryonia 15x, Calc carb 15x, Calendula 15x, Capsicum 15x, Carduus mar 15x, Hepar sulph calc 15x, Iodium 15x, Lachesis 15x, Lycopodium 15x, Merc viv 15x, Nux vom 15x, Phos 15x, Pulsatilla 15x, Rhus tox 15x, Salvia 15x, Selenium 15x, Taraxacum 15x, Tarentula hisp 15x, Zinc met 15x, Zingiber 15x, Anthracinum 16x, Azadirachta 16x, Influenzinum 30x.

Formulated for symptoms such as hypersensitivity, debility, glandular swellings, infections and inflammation.

Inactive Ingredients: USP Purified Water; USP Gluten-free, non-GMO, organic cane alcohol 20%.

newtonlabs.net - Questions? 800.448.7256
                        
                        Newton Laboratories, Inc. FDA Est # 1051203 Conyers, GA 30013

WARNINGS: Keep out of reach of children. Do not use if tamper-evident seal is broken or missing. If symptoms worsen or persist for more than a few days, consult a doctor. If 
  pregnant or breast-feeding, ask a doctor before use.

If 
  pregnant or breast-feeding, ask a doctor before use.

Keep out of reach of children."
3621c130-0cff-609d-e063-6294a90a3368.xml,Cimicifuga Racemosa,"How to Use
                  Take with water 3-4 times a day.
                  Ages 12 or older, 5 Pellets, Ages 12-2, 3 Pellets, Ages below 2, consult your Doctor.

Uses
                  Temporarily relieves occasional painful menstrual periods, joint discomfort, and uterine cramps.*
                  *CLAIMS BASED ON TRADITIONAL HOMEOPATHIC PRACTICE, NOT ACCEPTED MEDICAL EVIDENCE, NOT FDA EVALUATED.
  
This product is not intended to diagnose, treat, cure, or prevent any disease.

Uses
                  Temporarily relieves occasional painful menstrual periods, joint discomfort, and uterine cramps.*
                  *CLAIMS BASED ON TRADITIONAL HOMEOPATHIC PRACTICE, NOT ACCEPTED MEDICAL EVIDENCE, NOT FDA EVALUATED.
  
This product is not intended to diagnose, treat, cure, or prevent any disease.

Ingredients
                  Inactive: Sucrose/Lactose Pellets base to Preserve Remedy

Active Ingredients: Cimicifuga Racemosa (Black Cohosh) [HPUS] 30c potency

Warnings and Storage:
  
Ask a professional before use if pregnant or breastfeeding or if you have severe symptoms.
  
Keep away from children. If you have a reaction to this product that is not positive, discontinue use. Store in a cool and dry place.

Warnings and Storage:
  
Ask a professional before use if pregnant or breastfeeding or if you have severe symptoms.
  
Keep away from children. If you have a reaction to this product that is not positive, discontinue use. Store in a cool and dry place.
  
*CLAIMS BASED ON TRADITIONAL HOMEOPATHIC PRACTICE, NOT ACCEPTED MEDICAL EVIDENCE, NOT FDA EVALUATED.
  
This product is not intended to diagnose, treat, cure, or prevent any disease.

Entire package label"
35a8382c-d671-ab9a-e063-6394a90acf05.xml,Immu-n Waker,"Formulated for symptoms such as hypersensitivity, debility, glandular swellings, infections and inflammation.

Directions: Ages 12 and up, take 6 drops by mouth (ages 0 to 11, give 3 drops) three to four times daily or as directed by a health professional.  Sensitive persons begin with 1 drop and gradually increase to full dose.

Equal parts of Apis mel 6x, Echinacea 6x, Hydrastis 6x, Thuja occ 6x, Aconitum nap 15x, Agaricus musc 15x, Allium sat 15x, Aloe 15x, Arnica 15x, Arsenicum alb 15x, Baptisia 15x, Belladonna 15x, Bryonia 15x, Calcarea carb 15x, Calendula 15x, Capsicum 15x, Carduus mar 15x, Hepar sulphuris calc 15x, Iodium 15x, Lachesis 15x, Lycopodium 15x, Mercurius viv 15x, Nux vom 15x, Phos 15x, Pulsatilla 15x, Rhus tox 15x, Salvia 15x, Selenium 15x, Taraxacum 15x, Tarentula hisp 15x, Zinc met 15x, Zingiber 15x, Anthracinum 16x, Azadirachta 16x, Influenzinum 30x.

Formulated for symptoms such as hypersensitivity, debility, glandular swellings, infections and inflammation.

Inactive Ingredients: USP Purified Water; USP Gluten-free, non-GMO, organic cane alcohol 20%.

newtonlabs.net - Questions? 800.448.7256
                  
                  Newton Laboratories, Inc. FDA Est # 1051203 Conyers, GA 30013

WARNINGS: Keep out of reach of children. Do not use if tamper-evident seal is broken or missing. If symptoms worsen or persist for more than a few days, consult a doctor. If 
  pregnant or breast-feeding, ask a doctor before use.

If 
  pregnant or breast-feeding, ask a doctor before use.

Keep out of reach of children."
35baca34-c340-ac0d-e063-6394a90a7f7b.xml,Natural Immunogenics Corp.dba SOVEREIGN NATURALS,"Ingredients: ACTIVE:
                  Argentum Mettalicum 10x, 20x and 30x HPUS

Inactive: Silver Hydrosol, carbopol
                  and Sodium hydroxide

First Aid Gel 
  
                  
                  Homeopathic Medicine

Keep out of reach of children

Warnings. For external use only. 
  
                  
                  Ask a doctor before use of you have deep or puncture wounds, 
  
                  
                  animal bites or serious burns.
                  Adult supervision required.

Directions. Clean affected area. Apply a liberal, 
  
                  
                  consistent layer of First Aid Gel. Leave wet or bandage for optimal results. Repeat 3 times 
  
                  
                  per day or as often as needed to relieve symptoms

Indications for Use: For relief of these symptoms
                  due to minor wounds and burns, bruises, ulcerations, 
  
                  
                  sunburn, razor burn, scrapes, rashes, blisters, bug bites, 
  
                  
                  and skin eruptions form acne, eczema, or minor infection:
                  burning
                  stinging
                  itching
                  redness
                  stiffness
                  minor pain
                  minor inflammation"
b606a26e-64a4-48c0-bcfb-5e89249dcd1f.xml,Virimmune,"Aconitum Napellus 12X, Allium Cepa 12X, Allium Sativum 3X, Arsenicum Album 12X, Baptisia Tinctoria 12X, Chelidonium Majus 12X, Echinacea (Angustifolia) 3X, Gelsemium Sempervirens 12X, Ginkgo Biloba 3X, Hamamelis Virginiana 6X, 12X, 30X, Influenzinum 12C, 30C, Mercurius Vivus 12X, Morbillinum 12X, 30X, Natrum Muriaticum 12X, Nux Vomica 12X, Selenium Metallicum 12X, Viscum Album 3X.

Aconitum Napellus - Congestion, Allium Cepa - Cough, Allium Sativum - Fever, Arsenicum Album- Fatigue, Baptisia Tinctoria – Muscle Pain, Chelidonium Majus – Joint Pain, Echinacea (Angustifolia – Skin Lesions, Gelsemium Sempervirens – Lack of Appetite, Ginkgo Biloba – Stomach Pain, Hamamelis Virginiana - Congestion, Influenzinum - Cough, Mercurius Vivus - Fever, Morbillinum - Fatigue, Natrum Muriaticum – Muscle Pain, Nux Vomica – Joint Pain, Selenium Metallicum – Skin Lesions, Viscum Album – Lack of Appetite

• For the temporary relief of the symptoms including:
                  • congestion • cough • fever • fatigue • muscle pain 
                  • joint pain • skin lesions • lack of appetite • stomach pain
                  These statements are based upon homeopathic principles. They have not been reviewed by the Food and Drug Administration.

If pregnant or breast-feeding, ask a health professional before use.
                  
                     Keep out of reach of children. In case of overdose, contact a physician or Poison Control Center right away.
                  
                     Tamper Evident: Sealed for your protection. Do not use if seal is broken or missing.

In case of overdose, contact a physician or Poison Control Center right away.

1-10 drops under the tongue, 3 times a day or as directed by a health professional. Consult a physician for use in children under 12 years of age.

Demineralized water, 25% ethanol

Dist. By: Deseret Biologicals, Inc.469 W. Parkland DriveSandy, UT 84070
                   www.desbio.com
                  800-827-8204

DesBio
                  
                  
                     Virimmune
                  
                  
                     Homeopathic
                  
                  
                     NDC 43742-2145-1
                  
                  
                     1 FL OZ (30 ml)"
360c4b52-cf03-a88b-e063-6294a90a7143.xml,Alum,"For best results, do this:
  
Take 3-5 tablets 3-4 times a day.
  
If you weigh less than 100 lbs, use half a dose or take it as prescribed.
 
                  
                     
Contraindications:
  
Traditional Homeopathic formulations do not interact with other remedies, herbs, or other supplements.

Ingredients
                  Inactive: Lactose Sugar Base to Preserve Remedy

Active Ingredients: Alum 6X (HPUS)

Uses
                  See the leaflet enclosed for detail.

Uses:
  
See the leaflet enclosed for detail.

Warnings and Storage:
                  
                     
Ask a professional before use if pregnant or breast feeding or if you have severe symptoms. Keep away from children.
  
If you have a reaction to this product that is not positive, discontinue use.
  
Store in a cool and dry place.
 
                  
                     
Packaging:
  
30gm jar standard quality packing.

Warnings and Storage:
  
Ask a professional before use if pregnant or breast feeding or if you have severe symptoms. Keep away from children.
  
If you have a reaction to this product that is not positive, discontinue use.
  
Store in a cool and dry place.
 
                  
                     
Packaging:
  
30gm jar standard quality packing.

Entire package label"
8759b8cc-8212-4057-bb8c-b74f5a1bc9bb.xml,Arthritis Pain and Joint Relief,"Initially, depress pump untilprimed.
                  Spray one dose directly intomouth.
                  
                     
                     Adults: 3 sprays 3 times per
                     
                     day.
                  
                  
                     Children ages 6-12: 2 sprays 3
                     
                     times per day.
                  
                  
                     Consult a physician for use in
                     
                     children under 6 years of age.
                  
                  
                     Use additionally as needed, upto 6 times per day.
                  ﻿Reference image:Arthritis Pain and Joint.jpg

Other information
                     
                     Tamper resistant for your protection.
                     Use only if safety seal is intact.
                  Keep carton for complete drug facts and product information.
                  Questions? Call 866.298.2740
                  King Bio, Inc. 3 Westside Drive
                  Asheville, NC 2806 USA
                  FDA Reg. #1053442
                  For latest product information and instructions: www.DrKings.com
                  Reference image: Arthritis Pain and Joint.jpg

Citrus Extract (ascorbic acid, citric acid, citrus aurantium amara fruit extract, citrus aurantium sinensis peel extract, citrus reticulata fruit extact, demineralized water, glycerin, lactic acid), Honeysuckle (Lonicera japonica), Polylysine, Purified Water, Shagbark Hickory (Carya Ovata) Bark Extract, Steviol (Steviol Glycosides).
                  Reference image: Arthritis Pain and Joint.jpg

Equal volumes of each HPUS ingredient in 10X, 30X, and 1LMpotencies.
                  Actaea spicata, Aesculus hippocastanum, Arnica montana, Bellis perennis, Bryonia, Calcarea carbonica, Calcarea fluorica, Causticum, Cimicifuga racemosa, Formicum acidum, Hypericum perforatum, Ledum palustre, Lithium carbonicum, Magnesia phosphorica, Phosphorus, Phytolacca decandra, Pulsatilla, Rhododendron chrysanthum, Rhus tox, Ruta graveolens, Salicylicum acidum, Sepia, Zincum metallicum.
                  **“HPUS” indicates the active ingredients are in the officialHomeopathic Pharmacopeia of the United States.
                  Reference image:Arthritis Pain and Joint.jpg

Temporarily relieves symptoms: 
                  Backache
                  Stiff, swollen joints  
                  Leg cramps  
                  Sore tendons and ligaments
                  Hip and knee discomforts  
                  Irritability  
                  Fatigue  
                  Body aches
                  Restless limbs
                  As per various homeopathic materia medicas. Claims basedon traditional homeopathic practice, not accepted medicalevidence. These uses have not been evaluated by the FDA,and product has not been clinically tested.
                  Reference image:Arthritis Pain and Joint.jpg

Stop use and consult a physician if symptoms worsen orpersist for more than 7 days.
                  
                     If pregnant or breast-feeding, ask a healthcare professionalbefore use.
                     Keep out of reach of children.
                  
                  In case of overdose, get medical help or contact a Poison Control Center immediately.
                  Reference image:Arthritis Pain and Joint.jpg

Keep out of reach of children.
                  
                  In case of overdose, get medical help or contact a Poison Control Center immediately.
                  Reference image:Arthritis Pain and Joint.jpg

Equal volumes of each HPUS ingredient in 10X, 30X, and 1LMpotencies.
                  Actaea spicata....................................................... fatigued jointsAesculus hippocastanum ........................................ aching limbsArnica montana .........................................................body achesBellis perennis ............................................... muscular sorenessBryonia ..................................................................... irritabilityCalcarea carbonica ....................................................leg crampsCalcarea fluorica ..........................................................backacheCausticum ............................................................. muscle achesCimicifuga racemosa..................................restless limbs, sorenessFormicum acidum......................................................... stiff jointsHypericum perforatum.......................................... joint discomfortLedum palustre.............................................aching in lower limbsLithium carbonicum ................................... aching joints, stiffnessMagnesia phosphorica .................................................leg crampsPhosphorus ..................................................................backachePhytolacca decandra...................................................... stiffnessPulsatilla .................................................hip and joint discomfortRhododendron chrysanthum ...................................achy shouldersRhus tox .......................................... sore tendons and ligamentsRuta graveolens ...................................................... restlessnessSalicylicum acidum............................................ knee discomfortsSepia ...................................................... stiffness, restless limbsZincum metallicum .......................................................backache
                  
                  
                  **“HPUS” indicates the active ingredients are in the officialHomeopathic Pharmacopeia of the United States
                  Reference image:Arthritis Pain and Joint.jpg"
360d6819-8be8-9fa6-e063-6294a90a9dba.xml,Potassium Dichromate,"For best results, do this:
                  Take 3-5 tablets 3-4 times a day.
                  If you weigh less than 100 lbs, use half a dose or take it as prescribed.
                  
                  
                  Contraindications:
                  Traditional Homeopathic formulations do not interact with other remedies, herbs, or other supplements.

Inactive:
                  Lactose Sugar Base to Preserve Remedy

Active Ingredients:
                  Potassium Dichromate 6X (HPUS)

Uses:
                  Use the leaflet enclosed for detail.

Uses:
                  Use the leaflet enclosed for detail.

Warnings and Storage:
                  Ask a professional before use if pregnant or breast feeding or if you have severe symptoms. Keep away from children. If you have a reaction to this product that is not positive, discontinue use.
                  Store in a cool and dry place.
                  
                  
                  Packaging:
                  30gm jar standard quality packing.

Warnings and Storage:
                  Ask a professional before use if pregnant or breast feeding or if you have severe symptoms. Keep away from children. If you have a reaction to this product that is not positive, discontinue use.
                  Store in a cool and dry place.
                  
                  
                  Packaging:
                  30gm jar standard quality packing.

Entire package label"
360d16c6-d165-4e16-e063-6294a90ac684.xml,Lithium chloride,"For best results, do this:
                  Take 3-5 tablets 3-4 times a day.
                  If you weigh less than 100 lbs, use half a dose or take it as prescribed.
                  
                  
                  Contraindications:
                  Traditional Homeopathic formulations do not interact with other remedies, herbs, or other supplements.

Inactive:
                  Lactose Sugar Base to Preserve Remedy

Active Ingredients:
  
Lithium Chloride 6X (HPUS)

Uses:
                  Use the leaflet enclosed for detail.

Uses:
                  Use the leaflet enclosed for detail.

Warnings and Storage:
                  Ask a professional before use if pregnant or breast feeding or if you have severe symptoms. Keep away from children. If you have a reaction to this product that is not positive, discontinue use.
                  Store in a cool and dry place.
                  
                  
                  Packaging:
                  30gm jar standard quality packing.

Warnings and Storage:
                  Ask a professional before use if pregnant or breast feeding or if you have severe symptoms. Keep away from children. If you have a reaction to this product that is not positive, discontinue use.
                  Store in a cool and dry place.
                  
                  
                  Packaging:
                  30gm jar standard quality packing.

Entire package label"
360cfdf2-0b2c-2a60-e063-6294a90a885c.xml,Copper Arsenite,"For best results, do this:
                  Take 3-5 tablets 3-4 times a day.
                  If you weigh less than 100 lbs, use half a dose or take it as prescribed.
                  
                  
                  Contraindications:
                  Traditional Homeopathic formulations do not interact with other remedies, herbs, or other supplements.

Inactive:
                  Lactose Sugar Base to Preserve Remedy

Active Ingredients:
                  Copper Arsenite 6X(HPUS)

Uses:
                  Use the leaflet enclosed for detail.

Uses:
                  Use the leaflet enclosed for detail.

Warnings and Storage:
                  Ask a professional before use if pregnant or breast feeding or if you have severe symptoms. Keep away from children. If you have a reaction to this product that is not positive, discontinue use.
                  Store in a cool and dry place.
                  
                  
                  Packaging:
                  30gm jar standard quality packing.

Warnings and Storage:
                  Ask a professional before use if pregnant or breast feeding or if you have severe symptoms. Keep away from children. If you have a reaction to this product that is not positive, discontinue use.
                  Store in a cool and dry place.
                  
                  
                  Packaging:
                  30gm jar standard quality packing.

Entire package label"
35bf54ed-e67c-4137-e063-6294a90a96f3.xml,Natural Immunogenics Corp.dba SOVEREIGN NATURALS,"Ingredients
                  
                  
                     ACTIVE:  ARGENTUM METALLICUM 10X, 20X, 30X HPUS

Purpose
                  
                  TOPICAL HEALING – COMBATS AND QUICKLY HEALS MINOR SKIN INFECTIONS, WOUNDS AND BURNS

FIRST AID GEL TO HELP PREVENT INFECTION IN MINOR CUTS, SCRAPES, BURNS, SKIN ERUPTIONS FROM ECZEMA, RASHES, BLISTERS, SUNBURN, RAZOR BURN, MINOR NICKS, REDNESS AND MINOR INFLAMMATION

Keep out of reach of children.

Warnings
                  
                  
                  
                     FOR EXTERNAL USE ONLY.ASK A DOCTOR BEFORE USE IF YOU HAVE DEEP OR PUNCTURE WOUNDS, ANIMAL BITES OR SERIOUS BURNS. KEEP OUT OF REACH OF CHILDREN. STOP AND ASK A DOCTOR IF SYMPTOMS PERSIST OR WORSEN AFTER 3 DAYS OF USE. DO NOT USE IF THE SEAL IS BROKEN.

Directions
                  
                  CLEAN AFFECTED AREA. APPLY A LIBERAL CONSISTENT LAYER OF FIRST AID GEL OVER AFFECTED AREA. LEAVE WET OR BANDAGE FOR OPTIMAL RESULTS. REPEAT 3 TIMES PER DAY OR AS OFTEN AS NEEDED TO RELIEVE SYMPTOMS. SAFE ON SENSITIVE SKIN.

CARBOPOL, SILVER HYDROSOL AND SODIUM HYDROXIDE"
360d6819-8be4-9fa6-e063-6294a90a9dba.xml,Manganese Sulfate,"For best results, do this:
                  Take 3-5 tablets 3-4 times a day.
                  If you weigh less than 100 lbs, use half a dose or take it as prescribed.
                  
                  
                  Contraindications:
                  Traditional Homeopathic formulations do not interact with other remedies, herbs, or other supplements.

Inactive: Lactose Sugar Base to Preserve Remedy

Active Ingredients:
  
Manganese Sulfate 6X (HPUS)

Uses:
                  Use the leaflet enclosed for detail.

Uses:
                  Use the leaflet enclosed for detail.

Warnings and Storage:
                  Ask a professional before use if pregnant or breast feeding or if you have severe symptoms. Keep away from children. If you have a reaction to this product that is not positive, discontinue use.
                  Store in a cool and dry place.
                  
                  
                  Packaging:
                  30gm jar standard quality packing.

Warnings and Storage:
                  Ask a professional before use if pregnant or breast feeding or if you have severe symptoms. Keep away from children. If you have a reaction to this product that is not positive, discontinue use.
                  Store in a cool and dry place.
                  
                  
                  Packaging:
                  30gm jar standard quality packing.

Entire package label"
36208247-a568-055c-e063-6294a90a0b8e.xml,Antimonium Tartaricum,"How to Use
                  Take with water 3-4 times a day. Ages 12 or older, 5 Pellets, Ages 12-2, 3 Pellets, Ages below 2, consult your Doctor.

Best for
                  Temporarily relieves discomfort due to respiratory issues, including dry cough and mucus.*

Ingredients
                  Inactive: Sucrose/Lactose Pellets base to Preserve Remedy

Active Ingredients: Antimonium Tartaricum(Antimony Potassium Tartrate) [HPUS] 30c potency

Warnings:
                  Ask a professional before use if pregnant or breastfeeding or if you have severe symptoms. Keep away from children. If you have a reaction to this product that is not positive, discontinue use. Store in a cool and dry place.
                  *CLAIMS BASED ON TRADITIONAL HOMEOPATHIC PRACTICE, NOT ACCEPTED MEDICAL EVIDENCE, NOT FDA EVALUATED.
  
This product is not intended to diagnose, treat, cure, or prevent any disease.

Best for
                  Temporarily relieves discomfort due to respiratory issues, including dry cough and mucus.*

Warnings:
                  Ask a professional before use if pregnant or breastfeeding or if you have severe symptoms. Keep away from children. If you have a reaction to this product that is not positive, discontinue use. Store in a cool and dry place.
                  *CLAIMS BASED ON TRADITIONAL HOMEOPATHIC PRACTICE, NOT ACCEPTED MEDICAL EVIDENCE, NOT FDA EVALUATED.
  
This product is not intended to diagnose, treat, cure, or prevent any disease.

Entire package label"
360dc318-3f75-3b81-e063-6394a90a044d.xml,Sodium Bicarbonate,"Inactive:
                  Lactose Sugar Base to Preserve Remedy

Active Ingredients:
  
Sodium Bicarbonate 6X(HPUS)

For best results, do this:
                  Take 3-5 tablets 3-4 times a day.
                  If you weigh less than 100 lbs, use half a dose or take it as prescribed.
                  
                  
                  Contraindications:
                  Traditional Homeopathic formulations do not interact with other remedies, herbs, or other supplements.

Uses:
                  Use the leaflet enclosed for detail.

Uses:
                  Use the leaflet enclosed for detail.

Warnings and Storage:
                  Ask a professional before use if pregnant or breast feeding or if you have severe symptoms. Keep away from children. If you have a reaction to this product that is not positive, discontinue use.
                  Store in a cool and dry place.
                  
                  
                  Packaging:
                  30gm jar standard quality packing.

Warnings and Storage:
                  Ask a professional before use if pregnant or breast feeding or if you have severe symptoms. Keep away from children. If you have a reaction to this product that is not positive, discontinue use.
                  Store in a cool and dry place.
                  
                  
                  Packaging:
                  30gm jar standard quality packing.

Entire package label"
35b78be5-c2aa-ddba-e063-6294a90ac05f.xml,"SPONGIA TOSTA
200ck","HOMEOPATHIC DILUTION OF HPUS SPONGIA TOSTA 200ck **C,K, CK, AND X ARE HOMEOPATHIC DILUTIONS.

Stinging edemas from stings or allergies, relieved by cold*

(adults/children) Dissolve 5 pellets under the tongue 3 times a day until symptoms are relieved or as directed by a physician.

Condition listed above or as directed by a physician.

Stop use and ask a physician if symptoms persist for more than 3 days or worsen.

If pregnant or breast-feeding, ask a health professional before use.

Keep out of reach of children.

Store at room temperature.

Do not use if pellet-dispenser seal is broken.

Sucrose.

INFO@OLLOIS.COM * www.ollois.com * MADE IN FRANCE. NOT REVIEWED BY THE FDA AND NOT GUARANTEED TO BE EFFECTIVE. THIS HOMEOPATHIC DILUTION MAY NOT BE SUSCEPTIBLE TO SCIENTIFIC MEASUREMENT."
128351fe-bb79-4180-8213-09136febaa7e.xml,Healthy Weight Formula,"Asclepias Vincetoxicum 6X, 12X, 30X, Echinacea 6X, 12X, 30X, Hypothalamus (Suis) 6X, 12X, 30X, Brain (Suis) 8X, Hepar Suis 8X, Methylcobalamin 8X, Pancreas Suis 8X, Renal (Suis) 8X, Stomach (Suis) 8X, AACG-A 8X, 12X, 30X, 60X, 200X, AACG-B 8X, 12X, 30X, 60X, 200X, Calcarea Carbonica 12X, 30X, 60X, Gambogia 12X, 30X, 60X, Gelsemium Sempervirens 12X, 30X, 60X, Graphites 12X, 30X, 60X, Nux Vomica 12X, 30X, 60X, Phytolacca Decandra 12X, 30X, 60X, 7-Keto DHEA 30X, ATP 30X, Glucagon 30X, Insulin 30X, Sarcolacticum Acidum 30X, Proteus Bach 30C
                  Patent Pending Active Amino Chain Group A and B AACG-A contains 25 amino acids AACG-B contains 30 amino acids. For more information contact Healing Power Within, Inc.

For temporary relief of symptoms related to increased appetite, regulation of fat metabolism, headache, fatigue and detoxification stress.

Keep out of reach of children.  In case of overdose, get medical help or contact a Poison Control Center right away.  If pregnant or breast-feeding, ask a health professional before use.  Tamper seal:  Sealed for your protection.  Do not use if seal is broken or missing.

10 drops under the tongue, 3 to 6 times per day or as directed by a health professional.  Consult a physician for use in children under 12 years of age.

Demineralized Water, 25% ethanol

Keep out of reach of children. In case of overdose, get medical help or contact a Poison Control Center right away.

For temporary relief of symptoms related to increased appetite, regulation of fat metabolism, headache, fatigue and detoxification stress.

Dist. by www.HealingPowerWithin.net
                  
                  PO Box 710844 • San Diego, CA 92171-0844
                  858-361-8227

HEALING POWER
                  
                  
                     WITHIN, INC.
                  
                  
                     NDC 51264-0001-1
                  
                  
                     HOMEOPATHIC
                  
                  
                     HEALTHY WEIGHT
                  
                  
                     FORMULA
                  
                  
                     1 FL OZ (30 ml)"
83d17f46-ab4c-41f5-a8b9-309ed86215e3.xml,Energize,"Colchicum Autumnale 4X, Conium Maculatum 4X, Hydrastis Canadensis 4X, Vaccinium Myrtillus 4X, Podophyllum Peltatum 5X, Ascorbic Acid 6X, Galium Aparine 6X, Nicotinamidum 6X, Pyridoxinum Hydrochloricum 6X, Riboflavinum 6X, Sarcolacticum Acidum 6X, Thiaminum Hydrochloricum 6X, Norepinephrine 6X, 12X, 30X, 200X, 12C, 30X, 12C, 30C, 60C, 200C, Alpha-Lipoicum Acidum 8X, Natrum Oxalaceticum 8X, Sulphur 8X, Acetylsalicylicum Acidum 10X, Adenosinum Triphosphoricum Dinatrum 10X, Anthrachinonum 10X, Histaminum Hydrochloricum 10X, Magnesium Gluconicum Dihydricum 10X, Nadidum 10X, Naphthochinonum 10X, Pantothenic Acid 10X, Ubidecarenonum 10X, Manganum Phosphoricum 15X, Hydroquinone 3C, Morgan Gaertner 30C.

For temporary relief of exhaustion, fatigue, and feelings of low energy.**
                  **These statements are based upon traditional homeopathic principles. They have not been reviewed by the Food and Drug Administration.

If pregnant or breast-feeding, ask a health professional before use. 
                  
                     Keep out of reach of children.
                      In case of overdose, get medical help or contact a Poison Control Center right away.
                  
                  Tamper seal: ""Sealed for Your Protection."" Do not use if seal is broken or missing.

Keep out of reach of children. In case of overdose, get medical help or contact a Poison Control Center right away.

10 drops under the tongue, 3 times a day or as directed by a health professional. Consult a physician for use in children under 12 years of age.

For temporary relief of exhaustion, fatigue, and feelings of low energy.**
                  **These statements are based upon traditional homeopathic principles. They have not been reviewed by the Food and Drug Administration.

demineralized water, 25% ethanol

Dist. by Parasitology Center Inc.
                  11445 E. Via Linda #2-419
                  Scottsdale, AZ 85259

NDC 70321-0003-1
                  
                  
                     PCI
                  
                  
                     ENERGIZE
                  
                  
                     HOMEOPATHIC
                  
                  1.0 fl. oz. (30 ml)"
35b7588a-3001-1ce7-e063-6394a90ab714.xml,"LACHESIS MUTUS
200ck","HOMEOPATHIC DILUTION OF HPUS LACHESIS MUTUS 200ck **C,K, CK, AND X ARE HOMEOPATHIC DILUTIONS.

Stinging edemas from stings or allergies, relieved by cold*

(adults/children) Dissolve 5 pellets under the tongue 3 times a day until symptoms are relieved or as directed by a physician.

Condition listed above or as directed by a physician.

Stop use and ask a physician if symptoms persist for more than 3 days or worsen.

If pregnant or breast-feeding, ask a health professional before use.

Keep out of reach of children.

Store at room temperature.

Do not use if pellet-dispenser seal is broken.

Sucrose.

INFO@OLLOIS.COM * www.ollois.com * MADE IN FRANCE. NOT REVIEWED BY THE FDA AND NOT GUARANTEED TO BE EFFECTIVE. THIS HOMEOPATHIC DILUTION MAY NOT BE SUSCEPTIBLE TO SCIENTIFIC MEASUREMENT."
36202a29-4f82-0932-e063-6394a90ad802.xml,Aconitum Napellus,"How to Use
                  Take with water 3-4 times a day. Ages 12 or older, 5 Pellets, Ages 12-2, 3 Pellets, Ages below 2, consult your Doctor.

Temporarily relieves occasional fear, nervousness, restlessness, sudden throat soreness, nasal congestion, dry cough, sneezing, aches, burning headaches, eye irritation, and shocked nerves.*

Ingredients
                  Inactive: Sucrose/Lactose Pellets base to Preserve Remedy

Active Ingredients: Aconitum Napellus (Monkshood) [HPUS] 30c potency

Warnings and Storage:
  
Ask a professional before use if pregnant or breastfeeding or if you have severe symptoms.
  
Keep away from children.
  
If you have a reaction to this product that is not positive, discontinue use.
  
Store in a cool and dry place.
  
                     
*CLAIMS BASED ON TRADITIONAL HOMEOPATHIC PRACTICE, NOT ACCEPTED MEDICAL EVIDENCE, NOT FDA EVALUATED.
  
This product is not intended to diagnose, treat, cure, or prevent any disease.

Temporarily relieves occasional fear, nervousness, restlessness, sudden throat soreness, nasal congestion, dry cough, sneezing, aches, burning headaches, eye irritation, and shocked nerves.*

Warnings and Storage:
  
Ask a professional before use if pregnant or breastfeeding or if you have severe symptoms.
  
Keep away from children.
  
If you have a reaction to this product that is not positive, discontinue use.
  
Store in a cool and dry place.
  
                     
*CLAIMS BASED ON TRADITIONAL HOMEOPATHIC PRACTICE, NOT ACCEPTED MEDICAL EVIDENCE, NOT FDA EVALUATED.
  
This product is not intended to diagnose, treat, cure, or prevent any disease.

Entire package label"
3bb3d171-c546-4548-9b9e-3aa8adc71cc8.xml,911 Adrenal Burnout and Fatigue,"Initially, depress pump untilprimed.
                  Spray one dose directly intomouth.
                  
                     Adults: 3 sprays 3 times per
                     
                     day.
                  
                  
                     Children ages 6-12: 2 sprays 3
                     
                     times per day.
                  
                  
                     Consult a physician for use in
                     
                     children under 6 years of age.
                  
                  Use additionally as needed, upto 6 times per day.
                  
                  ﻿Reference image:  911 Adrenal.jpg

Other information
                  
                  
                     Tamper resistant for your protection.
                  
                  
                     Use only if safety seal is intact.
                  
                  
                     Keep carton for complete drug facts and product information.
                  
                  Questions? Call 866.298.2740
                  King Bio, Inc. 3 Westside Drive
                  Asheville, NC 2806 USA
                  FDA Reg. #1053442
                  For latest product information and instructions: www.DrKings.com
                  
                  Reference image: 911 Adrenal.jpg

Citrus Extract (ascorbic acid, citric acid, citrus aurantium amara fruit extract, citrus aurantium sinensis peel extract, citrus reticulata fruit extact, demineralized water, glycerin, lactic acid), Honeysuckle (Lonicera japonica), Polylysine, Purified Water, Shagbark Hickory (Carya Ovata) Bark Extract, Steviol (Steviol Glycosides).
                  
                  Reference image: 911 Adrenal.jpg

Equal volumes of each HPUS ingredient in 10X, 30X, and 1LMpotencies.
                  
                     Aceticum acidum, Adrenalinum, Adrenocorticotrophin (30X), Aesculus hippocastanum, flos, Alfalfa, Alpha-lipoicum acidum, Ambra grisea, Argentum nitricum, Avena sativa, Bryonia, Carboneum oxygenisatum, Carpinus betulus, flos, Citricum acidum, DNA, Fumaricum acidum, Gelsemium sempervirens, Hepar sulphuris calcareum, Hypothalamus suis, Kali phosphoricum, Lacticum acidum, Lecithin, Natrum muriaticum, Oxalicum acidum, Phosphoricum acidum, Pituitarum posterium, Sarcolacticum acidum, Selenium metallicum, Sepia, Silicea, Succinicum acidum, Thyroidinum.
                  
                  
                     Reference image: 911 Adrenal.jpg

For temporary relief of symptoms due to mental,emotional, or physical fatigue:
                  
                     nervousness
                     body aches
                     apath 
                     weariness 
                     confusion 
                     irritability 
                     indifference 
                     lack of focus
                  
                  
                  As per various homeopathic materia medicas. Claims basedon traditional homeopathic practice, not accepted medicalevidence. These uses have not been evaluated by the FDA,and product has not been clinically tested.
                  
                  Reference image: 911 Adrenal.jpg

Stop use and consult a physician if symptoms worsen orpersist for more than 7 days.
                  
                     If pregnant or breast-feeding, ask a healthcare professionalbefore use.
                     Keep out of reach of children.
                  
                  In case of overdose, get medical help or contact a Poison Control Center immediately.
                  Reference image: 911 Adrenal.jpg

Keep out of reach of children.
                  
                  In case of overdose, get medical help or contact a Poison Control Center immediately.
                  Reference image: 911 Adrenal.jpg

Equal volumes of each HPUS ingredient in 10X, 30X, and 1LMpotencies.
                  Aceticum acidum ..................................debility, Fainting, PalenessAdrenalinum ............................................... apathy, nervousnessAdrenocorticotrophin (30X) ......................... moody, weak memoryAesculus hippocastanum, flos .................... mental agitation, worryAlfalfa .............................................. nervous indigestion, fatigueAlpha-lipoicum acidum ........................forgetfulness, restless sleepAmbra grisea ........................................ restlessness, melancholyArgentum nitricum ....................................................fearfulnessAvena sativa .................................................nervous exhaustionBryonia ............................................ lightheaded on standing upCarboneum oxygenisatum .............. confusion, cerebral congestionCarpinus betulus, flos ........................... fatigue, mental confusionCitricum acidum................................................................achesDNA ..............................................................general well beingFumaricum acidum ................................................vertigo, sulkyGelsemium sempervirens........................................ lack of focusHepar sulphuris calcareum .............................. physical weaknessHypothalamus suis ....................... psychological or physical stressKali phosphoricum .................................................sluggish mindLacticum acidum ........................................................ weaknessLecithin ...............................................................mental fatigueNatrum muriaticum ..................................... weakness, wearinessOxalicum acidum ................................................... neurastheniaPhosphoricum acidum ............................................. nervousnessPituitarum posterium ...................................... poor concentrationSarcolacticum acidum ........................... muscle weakness, fatigueSelenium metallicum .............................................mental fatigueSepia ..........................................absentmindedness, indifferenceSilicea ...................................................nervousness, excitabilitySuccinicum acidum ..................................................nervousnessThyroidinum................................................ lack of concentration
                  Reference image: 911 Adrenal.jpg"
8b8cd3bb-1bc6-4088-ae5d-0a9eddce3043.xml,Albuforce,"Apis Mellifica 12X, Equisetum Hyemale 3X, Mercurius Corrosivus 12X, Nux Moschata 12X, Phosphorus 12X, Solidago Virgaurea 3X, Terebinthina 12X.

Apis Mellifica – symptoms of infections,** Equisetum Hyemale – swelling,** Mercurius Corrosivus – pelvic pain,** Nux Moschata – abdominal bloating,** Phosphorus – back pain,** Solidago Virgaurea – lower back & leg pain,** Terebinthina – kidney support**
                  **Claims based on traditional homeopathic practice, not accepted medical evidence. Not FDA evaluated.

For temporary relief of minor burning and soreness upon urination, mild pain in the region of the right kidney, swelling of the legs, and scanty urination.**
                  **Claims based on traditional homeopathic practice, not accepted medical evidence. Not FDA evaluated.

If pregnant or breast-feeding, ask a health care professional before use.
                  
                     Keep out of reach of children. In case of overdose, get medical help or contact a Poison Control Center right away.
                  Do not use if tamper evident seal is broken or missing.
                  Store in a cool, dry place.

In case of overdose, get medical help or contact a Poison Control Center right away.

• 10 drops orally, 3 times a day.
                  • Consult a health care professional for use in children under 12 years of age.

Demineralized Water, 25% Ethanol

Distributed by:
                     BioActive Nutritional, Inc.1803 N. Wickham Rd.Melbourne, FL 32935
                     bioactivenutritional.com
                  
                  
                     1-800-288-9525

BIOActive Nutritional
                  
                  
                     ALBUFORCE
                  
                  
                     HOMEOPATHIC
                  
                  
                     1 FL OZ (30 ml)"
e1a19e6c-e10b-492f-8615-24d5012214c8.xml,Dr. Donna Restivo DC,"Adenosinum Triphosphoricum Dinatrum 6X, 8X, Adrenal Cortex (Suis) 6X, 8X, Bacopa Speciosa 6X, 8X, Equol 6X, 8X, Pantothenic Acid 6X, 8X, Rhodiola 6X, 8X, Stomach (Suis) 6X, 8X, Chininum Sulphuricum 6X, 12X, 30X, 60X, 12C, 30C, 60C, 200C, Iodium 6X, 12X, 30X, 60X, 12C, 30C, 60C, 200C, Lycopodium Clavatum 6X, 12X, 30X, 60X, 12C, 30C, 60C, 200C, Phosphorus 6X, 12X, 30X, 60X, 12C, 30C, 60C, 200C, Dopamine Hydrochloride 8X, Thyroidinum (Suis) 8X, Cina 8X, 12X, 30X, 60X, 12C, 30C, 60C, 200C, Serotonin (Hydrochloride) 8X, 12X, 30X, 60X, 12C, 30C, 60C, 200C, Oxytocin Acetate 12X, Gambogia 14X, Morgan Gaertner 30C.

For temporary relief of symptoms including constant appetite, increased or insatiable hunger.**
                  **These statements are based upon homeopathic principles. They have not been reviewed by the Food and Drug Administration.

Keep out of reach of children. In case of overdose, get medical help or contact a Poison Control Center right away.
                  
                     If pregnant or breast-feeding, ask a health professional before use.
                  Tamper seal: Sealed for your protection. Do not use if seal is broken or missing.

In case of overdose, get medical help or contact a Poison Control Center right away.

3-10 drops under the tongue, 3 times a day or as directed by a health professional. Consult a physician for use in children under 12 years of age.

For temporary relief of symptoms including constant appetite, increased or insatiable hunger.**
                  **These statements are based upon homeopathic principles. They have not been reviewed by the Food and Drug Administration.

demineralized water, 25% ethanol

Distributed by Dr. Donna Restivo DC, Wellness Consultant
                  822 South Lake Blvd, Mahopac, New York 10541
                  www.mahopacmassage.com • (845) 628-6286

Dr. Donna Restivo DC
                  
                  
                     Wellness Consultant
                  
                  
                     NDC 62185-0059-1
                  
                  
                     HOMEOPATHIC
                  
                  
                     Emotional Eating
                  
                  
                     1 FL OZ (30 ml)"
360da12b-f854-b3b1-e063-6294a90a73b5.xml,Kali Iodatum,"For best results, do this:
                  Take 3-5 tablets 3-4 times a day.
                  If you weigh less than 100 lbs, use half a dose or take it as prescribed.
                  
                  
                  Contraindications:
                  Traditional Homeopathic formulations do not interact with other remedies, herbs, or other supplements.

Active Ingredients:
  
Kali lodatum 6X (HPUS)

Inactive:
                  Lactose Sugar Base to Preserve Remedy

Uses:
                  Use the leaflet enclosed for detail.

Uses:
                  Use the leaflet enclosed for detail.

Warnings and Storage:
                  Ask a professional before use if pregnant or breast feeding or if you have severe symptoms. Keep away from children. If you have a reaction to this product that is not positive, discontinue use.
                  Store in a cool and dry place.
                  
                  
                  Packaging:
                  30gm jar standard quality packing.

Warnings and Storage:
                  Ask a professional before use if pregnant or breast feeding or if you have severe symptoms. Keep away from children. If you have a reaction to this product that is not positive, discontinue use.
                  Store in a cool and dry place.
                  
                  
                  Packaging:
                  30gm jar standard quality packing.

Entire package label"
360c96a5-4b98-b972-e063-6394a90acae3.xml,Arsenic iodide,"For best results, do this:
                  Take 3-5 tablets 3-4 times a day.
                  If you weigh less than 100 lbs, use half a dose or take it as prescribed.
                  
                  Contraindications:
                  Traditional Homeopathic formulations do not interact with other remedies, herbs, or other supplements.

Inactive: Lactose Sugar Base to Preserve Remedy

Active Ingredients:
                  Arsenic iodide 6X (HPUS)

Uses:
                  Use the leaflet enclosed for detail.

Uses:
                  Use the leaflet enclosed for detail.

Warnings and Storage:
                  Ask a professional before use if pregnant or breast feeding or if you have severe symptoms. Keep away from children. If you have a reaction to this product that is not positive, discontinue use.
                  Store in a cool and dry place.
                  
                  
                  Packaging:
                  30gm jar standard quality packing.

Warnings and Storage:
                  Ask a professional before use if pregnant or breast feeding or if you have severe symptoms. Keep away from children. If you have a reaction to this product that is not positive, discontinue use.
                  Store in a cool and dry place.
                  
                  
                  Packaging:
                  30gm jar standard quality packing.

Entire package label"
6a0c040f-4bd8-4a1a-9d14-48f961839e6d.xml,Zoe Processing,"Testosterone 30X

For temporary relief of sexual debility from nervous prostration, for enhancing sexual function, nervous exhaustion causing lack of sexual desire.

Not intended for persons under the age of 18.  If pregnant or breast-feeding, do not use.  Consult a health professional prior to use if you ahve any pre-existing medical conditions or take any prescription medications.  Do not consume with any caffeine or stimulants.  Improper use will not improve results and is potentially hazardous to a person's health.  Use only as directed.  
                  Keep out of reach of children.  In case of overdose, get medical help or contact a Poison Control Center right away.  Do not use if tamper evident seal is broken or missing.  To report a serious adverse event or obtain product information, please call 1-866-607-2768

Adults take 1-2 tablets daily.  Read warnings and use only as directed.

Creatine Monohydrate, Croscarmellose Sodium, Magnesium Stearate, Microcrystalline Cellulose, Silicon Dioxide, Stearic Acid

In case of overdose, get medical help or contact a Poison Control Center right away.

For temporary relief of sexual debility from nervous prostration, for enhancing sexual function, nervous exhaustion causing lack of sexual desire.

Developed by and manufactured for:
                  Zoe Processing
                  P.O. Box 487
                  Avon, OH  44011
                  WWW.TESTOSTERONERX.COM

Testosterone Tablets
                  
                  
                     Homeopathic
                  
                  
                     50 tablets"
c6a22eda-ef3e-42b8-99a0-71dae77d91b3.xml,Sleep Aid,"Initially, depress pump untilprimed.
                  Spray one dose directly intomouth.
                  
                     Adults: 3 sprays 3 times per
                     
                     day.
                  
                  
                     Children ages 6-12: 2 sprays 3
                     
                     times per day.
                  
                  
                     Consult a physician for use in
                     
                     children under 6 years of age.
                  
                  Use additionally as needed, upto 6 times per day.
                  ﻿Reference image:Sleep .jpg

Other information
                  
                  
                     Tamper resistant for your protection.
                  
                  Use only if safety seal is intact.
                  Keep carton for complete drug facts and product information.
                  Questions? Call 866.298.2740
                  King Bio, Inc. 3 Westside Drive
                  Asheville, NC 2806 USA
                  FDA Reg. #1053442
                  For latest product information and instructions: www.DrKings.com
                  Reference image:Sleep .jpg

Citrus Extract (ascorbic acid, citric acid, citrus aurantium amara fruit extract, citrus aurantium sinensis peel extract, citrus reticulata fruit extact, demineralized water, glycerin, lactic acid), Honeysuckle (Lonicera japonica), Polylysine, Purified Water, Shagbark Hickory (Carya Ovata) Bark Extract, Steviol (Steviol Glycosides).
                  Reference image:Sleep .jpg

Equal volumes of each HPUS** ingredient in 10X, 30X, and 1LMpotencies.
                  Aconitum napellus, Aesculus hippocastanum, flos, Arsenicum album, Avena sativa, Belladonna, Camphora, Cinchona officinalis,Coffea cruda, Cypripedium pubescens, Hyoscyamus niger, Kali phosphoricum, Ignatia amara, Passiflora incarnata, Phosphorus,Pulsatilla, Valeriana officinalis.
                  
                     HPUS indicates the active ingredients are in the official Homeopathic Pharmacopeia of the United States.
                  
                  Reference image:Sleep .jpg

Uses for temporary relief of symptoms due to occasionalsleeplessness: 
                  
                     Restlessness 
                  
                  
                     
                     Nervousness 
                  
                  
                     
                     Exhaustion 
                  
                  
                     
                     Excitability  
                  
                  
                     
                     Inability to fall or stay asleep 
                  
                  
                     
                     Worry
                  
                  
                  as per various homeopathic materia medicas. Claims basedon traditional homeopathic practice, not accepted medicalevidence. These uses have not been evaluated by the FDA,and product has not been clinically tested.
                  Reference image:Sleep .jpg

Stop use and consult a physician if symptoms worsen orpersist for more than 7 days.
                  
                     If pregnant or breast-feeding, ask a healthcare professionalbefore use.
                  
                     Keep out of reach of children.
                  
                  In case of overdose, get medical help or contact a Poison Control Center immediately.
                  Reference image:Sleep .jpg

Keep out of reach of children.
                  
                  In case of overdose, get medical help or contact a Poison Control Center immediately.
                  Reference image:Sleep .jpg

Equal volumes of each HPUS** ingredient in 10X, 30X, and 1LMpotencies. 
                  Aconitum napellus ..................................................fear, worryAesculus hippocastanum, flos............................... heavy eyelidsArsenicum album ...............................................anguish, fearsAvena sativa................................................nervous exhaustionBelladonna ............................................................restlessnessCamphora .........................................................restless tossingCinchona officinalis .........................anxious dreams, early wakingCoffea cruda..................................................nervous excitabilityCypripedium pubescens............................................wakefulnessHyoscyamus niger........................................inability to fall asleepKali phosphoricum...................................................night terrorsIgnatia amara ..................................................light sleep, worryPassiflora incarnata................................restlessness, wakefulnessPhosphorus ...........................................................sleeplessnessPulsatilla .................................................irregular sleep patternsValeriana officinalis..........................................tossing and turning
                  
                     **“HPUS” indicates the active ingredients are in the officialHomeopathic Pharmacopeia of the United States.
                  Reference image:Sleep .jpg"
35babe8b-e520-a6a0-e063-6394a90ad907.xml,Natural Immunogenics Corp.dba SOVEREIGN NATURALS,"Ingredients: ACTIVE:
                  Argentum Metallicum 10x, 20x and 30x HPUS

INACTIVE: Silver hydrosol,
                  carbopol and sodium hydroxide

Purpose
                  First Aid Gel
                  Homeopathic medicine

Keep out of reach of children.
                  Adult supervision required

Warnings. For external
                  use only. Ask a doctor before use if 
  
                  
                  you have deep or puncture wounds, animal bites or serious burns.

Stop and ask a doctor if
                  symptoms persist or worsen after 3 days of use. Do not use if
                  seal is broken

Enter section text here Directions. Clean affected area.
                  Apply a liberal, consistent layer of First Aid Gel. Leave wet or bandage for 
  
                  
                  optimal results. Repeat 3 times per day or as often as needed to relieve symptoms. 
  
                  
                  For sensitive skin.

Indications for Use: For relief of these symptoms due to 
  
                  
                  minor wounds and burns, bruises, ulcerations, sunburn, razor burns, 
  
                  
                  scrapes, rashes, blisters, bug bites and skin eruptions from acne, eczema 
  
                  
                  or minor infection:
                  burning
                  stinging
                  itching
                  redness
                  stiffness
                  minor pain
                  minor inflammation"
35b722d4-ce27-088e-e063-6394a90a9b8d.xml,"Cantharis
200ck","HOMEOPATHIC DILUTION OF HPUS Cantharis 200ck **C, K, CK, AND X ARE HOMEOPATHIC DILUTIONS

Burns & blisters* - Bladder irritation / inflamation*

(adults/children) Dissolve 5 pellets under the tongue 3 times a day until symptoms are relieved or as directed by a physician.

Condition listed above or as directed by a physician.

Stop use and ask a physician if symptoms persist for more than 3 days or worsen.

If pregnant or breast-feeding, ask a health professional before use.

Keep out of reach of children.

Store at room temperature.

Do not use if pellet-dispenser seal is broken.

SUCROSE.

INFO@OLLOIS.COM * www.ollois.com * MADE IN FRANCE. THIS HOMEOPATHIC DILUTION MAY NOT BE SUSEPTIBLE TO SCIENTIFIC MEASUREMENT."
648f141e-ebd8-478e-a7a2-040fbae4ec2d.xml,Zoe Processing,"Testosterone 30X.

May help increase lean muscle mass and sexual libido, also may help decrease symptoms of fatigue.

Not intended for persons under the age of 18.  
                  If pregnant or breast-feeding, do not use.
                  Consult a health professional prior to use if you have any pre-existing medical conditions or take any prescription medications.
                  Do not consume with any caffeine or stimulants.  Improper use will not improve results and is potentially hazardous to a person's health.
                  Use only as directed.
                  Keep out of reach of children.  In case of overdose, get medical help or contact a Poision Control Center right away.
                  Do not use if tamper evident seal is broken or missing.

Keep out of reach of children.  In case of overdose, get medical help or contact a Poison Control Center right away.

Adults take 1-2 tablets daily.  Read warnings and use only as directed.

May help increase lean muscle mass and sexual libido, also may help decrease symptoms of fatigue.

Microcrystaline cellulose, Magnesium stearate, Croscarmellose sodium, Silicon dioxide, Stearic acid.

Developed and manufactured for:
                  
                  Zoe Processing
                  P.O. Box 487
                  Avon, OH 44011
                  
                     WWW.TESTOSTERONERX.COM
                  
                  
                  To report a serious adverse event or obtain product information, please cal 1-866-607-2768.

Testosterone Tablets
                  
                  Homeopathic
                  50 tablets"
35bf62a6-b595-9582-e063-6394a90a1b92.xml,Natural Immunogenics Corp.dba SOVEREIGN NATURALS,"Active Ingredient                                    Purpose

Argentum Nitricum 10xHPUS                   For the temporary relief of minor sore throat

Uses

For the temporary relief of minor sore throat.

Warnings

Sore Throat Warning: Severe or persistent sore throat or sore throat accompanied by high fever, headache, nausea, and vomiting may be serious. Consult a physician promptly. • Do not use for more than 7 consecutive days.
 
  
                  
                  
                     
                        When using this productdo not exceed recommended dosage.
 
  
                  
                  
                     
                        Stop use and ask a physician if: Sore throat symptoms do not improve in 7 days. Irritation, pain or redness persists or worsens.Swelling, rash or fever develops.
 
  
                  
                  
                     
                        If pregnant or breast-feeding: Ask a physician before use.
 
  
                  
                  
                     
                        Keep out of reach of children.
                     
                  
                  
                     
                        Do not use if seal is broken.

Directions

Adults and children 13 and older: Apply 10 sprays directly to the throat, then swallow. Wait for 5 minutes and repeat the process. If symptoms persist, wait 10 minutes after the second dose and reapply as needed until bedtime.
 
  
                     
                        Children 12 and under: Consult with a physician.

Other information

Store at 20-25°C (68-77°F). For best shelf-life avoid strong sources of electromagnetic energy and direct sunlight.

Inactive ingredients

Alcohol (Organic) 0.6%, Citric acid, Glycerin, Silver, Sodium Citrate.

Questions or comments?

888-328-8840"
3621e5d1-4f77-689f-e063-6394a90a5f06.xml,Colchicum Autumnale,"How to Use
  
Take with water 3-4 times a day.
 
                  Ages 12 or older, 5 Pellets, Ages 12-2, 3 Pellets, Ages below 2, consult your Doctor.

Best for
                  Temporarily relieves occasional joint aches, swelling, redness, stiffness, tenderness, and related discomfort.*

Best for
                  Temporarily relieves occasional joint aches, swelling, redness, stiffness, tenderness, and related discomfort.*

Ingredients
  
Inactive: Sucrose/Lactose Pellets base to Preserve Remedy

Active Ingredients: Colchicum Autumnale (Autumn Crocus) [HPUS] 30c potency

Warnings:
                  Ask a professional before use if pregnant or breastfeeding or if you have severe symptoms.
                  Keep away from children. If you have a reaction to this product that is not positive, discontinue use. Store in a cool and dry place
                  
                     
*CLAIMS BASED ON TRADITIONAL HOMEOPATHIC PRACTICE, NOT ACCEPTED MEDICAL EVIDENCE NOT FDA EVALUATED.
  
This product is not intended to diagnose, treat, cure, or prevent any disease.

Warnings:
                  Ask a professional before use if pregnant or breastfeeding or if you have severe symptoms.
                  Keep away from children. If you have a reaction to this product that is not positive, discontinue use. Store in a cool and dry place
                  
                     
*CLAIMS BASED ON TRADITIONAL HOMEOPATHIC PRACTICE, NOT ACCEPTED MEDICAL EVIDENCE NOT FDA EVALUATED.
  
This product is not intended to diagnose, treat, cure, or prevent any disease.

Entire package label"
c8cc16d0-66b7-4a2b-9eea-9ebddcca251b.xml,Heart Small Intestine Meridian Opener,"Arsenicum Album 30C, Aurum Metallicum 30C, Cactus Grandiflorus 30C, Cinchona Officinalis 30C, Digitalis Purpurea 30C, Kali Carbonicum 30C, Lithium Carbonicum 30C, Lycopodium Clavatum 30C, Mercurius Solubilis 30C, Naja Tripudians 30C, Nux Vomica 30C, Phosphorus 30C, Pulsatilla (Pratensis) 30C, Pyrogenium 30C, Spigelia Anthelmia 30C.

Arsenicum Album - Tremor, Aurum Metallicum – Night Sweat, Cactus Grandiflorus – Abdominal Soreness, Cinchona Officinalis – Worse Sight and Smell of Food, Digitalis Purpurea - Flatus, Kali Carbonicum - Nausea, Lithium Carbonicum – Sore Bowels, Lycopodium Clavatum - Belching, Mercurius Solubilis - Tremor, Naja Tripudians - Belching, Nux Vomica – Abdominal Soreness, Phosphorus – Sore Bowels, Pulsatilla (Pratensis) - Flatus, Pyrogenium – Abdominal Soreness, Spigelia Anthelmia - Nausea

• For the temporary relief of symptoms including:
                  • tremor • night sweat • nausea • abdominal soreness
                  • sore bowels • flatus • belching • worse sight and smell of food
                  
                     These statements are based upon homeopathic principles. They have not been reviewed by the Food and Drug Administration.

If pregnant or breast-feeding, ask a health professional before use.
                  
                     Keep out of reach of children. In case of overdose, contact a physician or Poison Control Center right away.
                  
                     
                        Tamper Evident: Sealed for Your Protection. Do not use if seal is broken or missing.

In case of overdose, contact a physician or Poison Control Center right away.

1-10 drops under the tongue, 3 times a day or as directed by a health professional. Consult a physician for use in children under 12 years of age.

Demineralized water, 25% ethanol

Dist. By: Deseret Biologicals, Inc.
                  469 W. Parkland Drive
                  Sandy, UT 84070
                   www.desbio.co
                  800-827-8204

Des
                     Bio
                  
                  
                     Heart Small Intestine
                  
                  
                     Meridian Opener
                  
                  
                     Homeopathic
                  
                  
                     NDC 43742-1573-1
                  
                  
                     1 FL OZ (30 ml)"
3631fe3e-a27e-4721-e063-6294a90aaa4f.xml,BIO EARTH MANUFACTURING (PTY) LTD,"Drug Facts

Active ingredients

Aniba Rossadora 0.35 % 
    Calendula Officinalis 0.95 % 
    Lavandula Officialls 0.75 % 
    Matricaria Chamomilla 0.6 % 
    Mentha Piperita 0.8 % 
    Sodium Hyaluronate 0.1 %

Purpose

Relaxing, cooling, anti-inflammatory, soothing, relieving

Uses

Cooling down the skin

Warnings

For external use only.
                  
                  
                     Not suitable for epileptics
                     Not suitable for people with uncontrolled hyper-tension. 
                     Not recommended during pregnancy and lactation
                     Not suitable for individuals with known sensitivity to any of the ingredients. 
                     Avoid contact with eyes.

Directions

Shake well before use
                  Adults: Apply up to three times per day as needed
                  Children: Use conservatively for children younger than two years

Inactive ingredients

Aloe Vera, Aqua, Carbomer, Ethylhexlglycerin, Glycerin, Phenoxyethanol, Sodium Hydroxide

Other information

Store at or below 77⁰ F/25⁰C
                  Do not use if seal is broken.
                  product the product in this container from excessive heat and direact sun"
9d518af6-48a6-4843-a57d-ba72666579b9.xml,MBM 1 BLADDER,"Berberis Vulgaris 3C, Bladder (Suis) 3C, Thuja Occidentalis 34C, Bryonia (Alba) 89C, Hepar Sulphuris Calcareum 89C, Pulsatilla (Vulgaris) 89C, Staphysagria 89C, Apis Mellifica 89C, 144C, Baryta Carbonica 144C.

For temporary relief of bladder irritation.

​If pregnant or breast-feeding,​ ask a health professional before use.
                  
                     ​Keep out of reach of children.​ In case of overdose, get medical help or contact a Poison Control Center right away.
                  Do not use if seal is broken or missing.

Keep out of reach of children. In case of overdose, get medical help or contact a Poison Control Center right away.

Feel the emotion fully, breathe deeply-connected breaths. Put 5 drops under tongue to release emotion. Continue 5 drops 2 times daily as needed. Consult a physician for use in children under 12 years of age.

For temporary relief of bladder irritation.

Demineralized Water, 25% Ethanol

MFD. FOR:
                  The Wellness Center for Research and Education, Inc.
                  1237 S. Victoria Ave. Suite 169
                  Oxnard, CA 93035

Dr. Theresa Dale's
                  MIND~BODY~MERIDIAN
                  
                     ​NDC: 50181-0033-1
                  
                  Fibonacci Series
                  
                     ​1
                  
                  
                     ​Bladder
                  
                  
                     
                        ​Irritated
                     
                  
                  
                     ​HOMEOPATHIC
                  
                  
                     1 fluid oz. (30 ml)"
36220850-7bb0-ab34-e063-6294a90a36d3.xml,Colocynthis,"How to Use
                  Take with water 3-4 times a day.
                  Ages 12 or older, 5 Pellets, Ages 12-2, 3 Pellets, Ages below 2, consult your Doctor.

Uses
                  Temporarily relieves occasional abdominal aches, nerve discomfort, and cramps.*
                  *CLAIMS BASED ON TRADITIONAL HOMEOPATHIC PRACTICE, NOT ACCEPTED MEDICAL EVIDENCE, NOT FDA EVALUATED.
                  This product is not intended to diagnose, treat, cure, or prevent any disease.

Uses
                  Temporarily relieves occasional abdominal aches, nerve discomfort, and cramps.*
                  *CLAIMS BASED ON TRADITIONAL HOMEOPATHIC PRACTICE, NOT ACCEPTED MEDICAL EVIDENCE, NOT FDA EVALUATED.
                  This product is not intended to diagnose, treat, cure, or prevent any disease.

Ingredients
                  Inactive: Sucrose/Lactose Pellets base to Preserve Remedy

Active Ingredients: Colocynthis (Bitter Cucumber) [HPUS] 30c potency

Warnings and Storage:
  
Ask a professional before use if pregnant or breastfeeding or if you have severe symptoms.
  
Keep away from children. If you have a reaction to this product that is not positive, discontinue use. Store in a cool and dry place.

Warnings and Storage:
  
Ask a professional before use if pregnant or breastfeeding or if you have severe symptoms.
  
Keep away from children. If you have a reaction to this product that is not positive, discontinue use. Store in a cool and dry place.
  
*CLAIMS BASED ON TRADITIONAL HOMEOPATHIC PRACTICE, NOT ACCEPTED MEDICAL EVIDENCE, NOT FDA EVALUATED.
  
This product is not intended to diagnose, treat, cure, or prevent any disease.

Entire package label"
10a1e1cb-fffe-4e2f-885d-0350ec19965e.xml,Intimate,"Anacardium Orientale 12X, Aurum Muriaticum Natronatum 12X, Camphora 12X, DNA 12X, 30X, 200X, Germanium Metallicum 15X, Helleborus Niger 12X, Hydrogen 16X, Lac Caninum 10X, Lac Materna Humanum 16X, 30X, 200X, Lithium Carbonicum 8X, Magnesia Oxydata 12X, Natrum Carbonicum 6X, Neon 16C, Oxytocin 36C, 60C, 200C, Placenta Totalis Suis 8X, 12X, 30X, 200X, Rhus Glabra 12X, Saccharum Officinale 6X, Stramonium 12X, Thuja Occidentalis 12X.

Anacardium Orientale – Desire for Intimacy, Aurum Muriaticum Natronatum – Feeling Unloved, Camphora – Forsaken Feeling, DNA - Isolation, Germanium Metallicum - Isolation, Helleborus Niger - Disconnection, Hydrogen - Loneliness, Lac Caninum - Alienation, Lac Materna Humanum – Lack of Mother Child Bonding, Lithium Carbonicum – Feeling Unloved, Magnesia Oxydata – Desire for Intimacy, Natrum Carbonicum – Forsaken Feeling, Neon - Isolation, Oxytocin – Lack of Mother Child Bonding, Placenta Totalis Suis - Disconnection, Rhus Glabra - Loneliness, Saccharum Officinale – Feeling Unloved, Stramonium - Alienation, Thuja Occidentalis - Estrangement

• For the temporary relief of symptoms including:
                  • desire for intimacy • forsaken feeling • isolation
                  • disconnection • alienation • lack of mother child bonding
                  • loneliness • estrangement • feeling unloved
                  These statements are based upon homeopathic principles. They have not been reviewed by the Food and Drug Administration.

If pregnant or breastfeeding, ask a health professional before use.
                  
                     Keep out of reach of children. In case of overdose, contact a physician or Poison Control Center right away.
                  
                     Tamper Evident: Sealed for your protection. Do not use if seal is broken or missing.

In case of overdose, contact a physician or Poison Control Center right away.

1-10 drops under the tongue, 3 times a day or as directed by a health professional. Consult a physician for use in children under 12 years of age.

Demineralized water, 25% ethanol

Dist. By: Deseret Biologicals, Inc.469 W. Parkland DriveSandy, UT 84070
                   www.desbio.com
                  800-827-8204

DesBio
                  
                  
                     Intimate
                  
                  
                     Homeopathic
                  
                  
                     NDC 43742-2185-1
                  
                  
                     1 FL OZ (30 ml)"
36235397-7db7-baad-e063-6294a90a6a0f.xml,Spongia Tosta,"How to Use
                  Take with water 3-4 times a day. Ages 12 or older, 5 Pellets, Ages 12-2, 3 Pellets, Ages below 2, consult your Doctor.

Best for
                  Temporarily relieves occasional dry cough, including when accompanied by barking sounds.*

Ingredients
                  Inactive: Sucrose/Lactose Pellets base to Preserve Remedy

Active Ingredients: Spongia Tosta [HPUS] 30c potency

Warnings:
                  Ask a professional before use if pregnant or breastfeeding or if you have severe symptoms.
                  Keep away from children. If you have a reaction to this product that is not positive, discontinue use. Store in a cool and dry place
                  
                     
*CLAIMS BASED ON TRADITIONAL HOMEOPATHIC PRACTICE, NOT ACCEPTED MEDICAL EVIDENCE NOT FDA EVALUATED.
  
This product is not intended to diagnose, treat, cure, or prevent any disease.

Best for
                  Temporarily relieves occasional dry cough, including when accompanied by barking sounds.*

Warnings:
                  Ask a professional before use if pregnant or breastfeeding or if you have severe symptoms.
                  Keep away from children. If you have a reaction to this product that is not positive, discontinue use. Store in a cool and dry place
                  
                     
*CLAIMS BASED ON TRADITIONAL HOMEOPATHIC PRACTICE, NOT ACCEPTED MEDICAL EVIDENCE NOT FDA EVALUATED.
  
This product is not intended to diagnose, treat, cure, or prevent any disease.

Entire package label"
3622ca24-c939-c2af-e063-6394a90a1a41.xml,Staphysagria,"How to Use
                  Take with water 3-4 times a day. Ages 12 or older, 5 Pellets, Ages 12-2, 3 Pellets, Ages below 2, consult your Doctor.

Best for
                  Temporarily supports emotional health. Temporarily relieves occasional toothaches.*

Ingredients
                  Inactive: Sucrose/Lactose Pellets base to Preserve Remedy

Active Ingredients: Staphysagria (Stavesacre) [HPUS] 30c potency

Warnings:
                  Ask a professional before use if pregnant or breastfeeding or if you have severe symptoms.
                  Keep away from children. If you have a reaction to this product that is not positive, discontinue use. Store in a cool and dry place
                  
                     
*CLAIMS BASED ON TRADITIONAL HOMEOPATHIC PRACTICE, NOT ACCEPTED MEDICAL EVIDENCE NOT FDA EVALUATED.
  
This product is not intended to diagnose, treat, cure, or prevent any disease.

Temporarily supports emotional health. Temporarily relieves occasional toothaches.*

Warnings:
                  Ask a professional before use if pregnant or breastfeeding or if you have severe symptoms.
                  Keep away from children. If you have a reaction to this product that is not positive, discontinue use. Store in a cool and dry place
                  
                     
*CLAIMS BASED ON TRADITIONAL HOMEOPATHIC PRACTICE, NOT ACCEPTED MEDICAL EVIDENCE NOT FDA EVALUATED.
  
This product is not intended to diagnose, treat, cure, or prevent any disease.

Entire package label"
9408bb2a-47d1-4244-9de1-e78dc42fc23e.xml,BioTox Hep,"Cochlearia Armoracia 3X, Chelidonium Majus 3X, 6X, 8X, Arsenicum Album 6X, 8X, 12X, 30C, Hepar Suis 8X, 12X 30C, Spleen (Suis) 8X, 30C, Thymus (Suis) 8X, 1LM, Hepatitis C Nosode 17X, 30C, 60C, 1M, Hepatitis A Nosode 17X, 30C, 3LM, Hepatitis B Nosode 32X, 30C, 3LM.

Fatigue, fever, cough, flu-like symptoms, virus, pain, swelling, and stiffness of limbs.

If pregnant or breast-feeding, ask a health professional before use.
                  
                     Keep out of reach of children. In case of overdose, get medical help or contact a Poison Control Center right away.
                  Do not use if tamper evident seal is broken or missing.
                  Store in a cool, dry place.

Keep out of reach of children. In case of overdose, get medical help or contact a Poison Control Center right away.

5 drops 2 or 3 times per day, on an empty stomach, 5 days per week or until symptoms abate. Consult a physician for use in children under 12 years of age.

Fatigue, fever, cough, flu-like symptoms, virus, pain, swelling, and stiffness of limbs.

Demineralized Water, 25% Ethanol

MFD FOR:
                  The Wellness Center for
                  Research and Education, Inc.
                  1237 S. Victoria Ave. Suite 169
                  Oxnard CA 93035
                  1-866-962-6484

Dr. Theresa Dale's
                  NDC 50181-0055-1
                  
                     Homeopathic
                  
                  
                     BioTox
                  
                  
                     Hep
                  
                  1 fl oz (30 ml)"
3621ab80-f42c-3ea0-e063-6294a90a4120.xml,"LACTOSE, UNSPECIFIED FORM","How to Use
                  Take with water 3-4 times a day. Ages 12 or older, 5 Pellets, Ages 12-2, 3 Pellets, Ages below 2, consult your Doctor.

Best for
                  Temporarily relieves occasional watery and loose stools, gas, and bloating.*

Ingredients
                  Inactive: Sucrose/Lactose Pellets base to Preserve Remedy

Active Ingredients: Cinchona Officinalis (Lojabark) [HPUS] 30c potency

Warnings:
                  Ask a professional before use if pregnant or breastfeeding or if you have severe symptoms.
                  Keep away from children. If you have a reaction to this product that is not positive, discontinue use. Store in a cool and dry place
                  
                     
*CLAIMS BASED ON TRADITIONAL HOMEOPATHIC PRACTICE, NOT ACCEPTED MEDICAL EVIDENCE NOT FDA EVALUATED.
  
This product is not intended to diagnose, treat, cure, or prevent any disease.

Best for
                  Temporarily relieves occasional watery and loose stools, gas, and bloating.*

Warnings:
                  Ask a professional before use if pregnant or breastfeeding or if you have severe symptoms.
                  Keep away from children. If you have a reaction to this product that is not positive, discontinue use. Store in a cool and dry place
                  
                     
*CLAIMS BASED ON TRADITIONAL HOMEOPATHIC PRACTICE, NOT ACCEPTED MEDICAL EVIDENCE NOT FDA EVALUATED.
  
This product is not intended to diagnose, treat, cure, or prevent any disease.

Entire package label"
361b36d8-b23e-edc1-e063-6394a90a818e.xml,"Shenzhen Ishan Technology Co., Ltd","Mint Extract 0.5%

Water, Carbomer, Crospovidone,Edetate Disodium Anhydrous, Povidone.FD&C Blue No.1,CarboxymethylcelluloseSodium,Sodium Benzoate, Diatomaceous Earth.

if swallowed, call poison control or seek medical help.

pain worsens or persists, or if youexperience any of these symptoms: burning, itching, rash, or other changes in theskin where the product was placed.

Temporarily relieves from fever discomfort, headache, toothache, muscle ache, jointsoreness, drowsiness, fatigue and sunstroke.

Store in a cool place avoiding direct sunlightand high temperature. May even be stored inrefrigerator for extra cooling. Do not store infreezer.
                  
                  For sanitary purposes, use each sheet onlyonce and discard after use.

Clean and dry the skin
                  Pick out patch
                  Peel off film
                  Stick to skin
                  Note: lf desired, cut gel sheet to suitable sizewith scissors.

Apply as needed, do not re-use.

Do not wear this product directly on skin.
                  Be aware of low-temperature burns.

For external use only. Avoid direct contact witheyes.lf excessive redness, irritation, burning ordiscomfort of the skin develops, discontinueuse and consult a physician immediately. Donot apply to wounds or to irrtated, damaged,sunburned or very sensitve skin. The coolinggel sheet will not stick to skin if the skin is wetor if the gel sheet comes into contact with haireyebrows or clothing. Keep out of the reach ofchildren.Consult physician if fever persists orcondition worsens.

no"
6529cf07-e1d7-45d2-b18a-39180636154b.xml,The Wellness Center,"Condurango 3X, Phytolacca Decandra 3X, Aconitum Napellus 1M, Aurum Metallicum 1M, Graphites 1M, Hydrastis Canadensis 1M, Mercurius Vivus 1M, Sulphur 1M, Pulsatilla (Vulagaris) 10M

For the temporary relief of feeling vulnerable and feeling lost.

​If pregnant or breast-feeding,​ ask a health professional before use..
                  
                     ​Keep out of reach of children.​ In case of overdose, get medical help or contact a Poison Control Center right away.
                  Do not use if tamper evident seal is broken or missing.
                  Store in a cool, dry place.

​Keep out of reach of children.​ In case of overdose, get medical help or contact a Poison Control Center right away.

Feel the emotion fully, breathe deeply-connecting breaths.  Put 5 drops under tongue to release emotion.  Continue 5 drops 2x daily as needed.  Conslult a physician for use in children under 12 years of age.

For the temporary relief of feeling vulnerable and feeling lost.

Deineralized Water, 25% Ethanol

​MFD FOR:
                     
                  
                  
                     
                        The Wellness Center for Research and Education, Inc.
                     
                  
                  
                     
                        1237 S. Victoria Ave. Suite 169
                     
                  
                  
                     
                        Oxnard, CA 93035
                     
                  
                  
                     
                        1-866-962-6484

Dr. Theresa Dale's
                  NDC: 50181-0029-1
                  
                     ​​ ​N​euro-​E​motional ​R​emedies
                  #8 SMALL INTESTINE Vulnerable
                  1 fl oz (30 ml)"
282b98e7-4c85-44bb-b554-b242555987e2.xml,Vir Combination,"Adenoviren Nosode 12C, 30C, 60C, 200C, Cytomegalovirus Nosode 18X, 30X, 60X, 200X, DNA 12X, 15X, 30X, 60X, 200X, 12C, 30C, 60C, 200C, Epstein-Barr Virus Nosode 16C, 30C, 60C, 200C, Hepatitis B Nosode 33X, 60X, 200X, Herpes Simplex 1 & 2 Nosode 15X, 30X, 60X, 200X , Human Herpesvirus 6A 15X, 30X, 60X, 200X, Human Herpesvirus 6B 15X, 30X, 60X, 200X, Influenzinum 12C, 15C, 30C, 60C, 200XC.

Adenoviren Nosode – Muscle Aches and Pains, Cytomegalovirus Nosode - Headache, DNA - Fatigue, Muscle Aches and Pain, Epstein-Barr Virus Nosode - Fever, Hepatitis B Nosode – Muscle Aches and Pains, Herpes Simplex 1 & 2 Nosode - Rash, Human Herpesvirus 6A - Fatigue, Human Herpesvirus 6B - Fatigue, Influenzinum – Fatigue, Muscle Aches and Pains

• For the temporary relief of symptoms including:
                  • fever • fatigue • headache • muscle aches and pains • Rash 
                  
                  These statements are based upon homeopathic principles. They have not been reviewed by the Food and Drug Administration.

If pregnant or breast-feeding, ask a health professional before use.
                  
                     Keep out of reach of children. In case of overdose, contact a physician or Poison Control Center right away.
                  
                     Tamper 
                     Evident: Sealed for your protection. Do not use if seal is broken or missing.

In case of overdose, contact a physician or Poison Control Center right away.

1-10 drops under the tongue, 3 times a day or as directed by a health professional. Consult a physician for use in children under 12 years of age.

Demineralized water, 25% ethanol

Dist. By: Deseret Biologicals, Inc.
                  469 W. Parkland Drive
                  Sandy, UT 84070
                  www.desbio.com
                  800-827-8204

DesBio
                  
                  
                     VIR:Combination
                  
                  
                     Homeopathic
                  
                  
                     NDC 43742-2193-1
                  
                  
                     1 FL OZ (30 ml)"
362094d3-4dee-07af-e063-6294a90a1549.xml,Apis Mellifica,"How to Use
                  Take with water 3-4 times a day. Ages 12 or older, 5 Pellets, Ages 12-2, 3 Pellets, Ages below 2, consult your Doctor.

Best for 
                  Temporarily supports your body in recovery from insect bites or stings.*

Ingredients
                  Inactive: Sucrose/Lactose Pellets base to Preserve Remedy

Active Ingredients: Apis Mellifica (Marking Nut) [HPUS] 30c potency

Warnings: 
                  Ask a professional before use if pregnant or breastfeeding or if you have severe symptoms.
                  Keep away from children. If you have a reaction to this product that is not positive, discontinue use. Store in a cool and dry place
                  
                     
*CLAIMS BASED ON TRADITIONAL HOMEOPATHIC PRACTICE, NOT ACCEPTED MEDICAL EVIDENCE NOT FDA EVALUATED.
  
This product is not intended to diagnose, treat, cure, or prevent any disease.

Best for
                  Temporarily supports your body in recovery from insect bites or stings.*

Warnings: 
                  Ask a professional before use if pregnant or breastfeeding or if you have severe symptoms.
                  Keep away from children. If you have a reaction to this product that is not positive, discontinue use. Store in a cool and dry place
                  
                     
*CLAIMS BASED ON TRADITIONAL HOMEOPATHIC PRACTICE, NOT ACCEPTED MEDICAL EVIDENCE NOT FDA EVALUATED.
  
This product is not intended to diagnose, treat, cure, or prevent any disease.

Entire package label"
91ae339e-5064-40cc-89d8-75272f09caa7.xml,Mercury Plus Detox,"Glutathione, Reduced 6X, Brain (Suis) 6X, Spinal Cord (Suis) 6X, Thuja Occidentalis 6X, 30X, Dimercaptopropane Sulfonate 8X, 12X, Mercurius Solubilis 8X, 12X, 30X, Silver Amalgam 12X, 30X, Mercurius Vivus 30C, Thimerosal 30C.

Slow mind & memory. Agitation. Restlessness. Anxiety. Depression. Suicidal. Bone Pain. Vertigo. Headache. Skin. Scalp eruptions. Acne. Hair Loss. Oily sweat on head. Tremors. Canker Sores. Symptoms of autism, syphilis, Reproductive/endocrine problems.

​If pregnant or breast-feeding​ ask a health professional before use.
                  
                     ​Keep out of reach of children.​ In case of overdose, get medical help or contact a Poison Control Center right away.
                  Do not use if tamper evident seal is broken or missing.
                  Store in a cool, dry place.

​Keep out of reach of children.​ In case of overdose, get medical help or contact a Poison Control Center right away.

For Adults and Children: Oral Spray. Use on an empty stomach. Continue usage if symptoms persist.
                  Three sprays per day, for 30 days. Stop for 7 days. 
                  Under age 9: 1 to 2 sprays per day, every other day for 30 days. Stop use for 7 days.
                  Consult a physician for use in children under 12 years of age.

Slow mind & memory. Agitation. Restlessness. Anxiety. Depression. Suicidal. Bone Pain. Vertigo. Headache. Skin. Scalp eruptions. Acne. Hair Loss. Oily sweat on head. Tremors. Canker Sores. Symptoms of autism, syphilis, Reproductive/endocrine problems.

Demineralized Water, 25% Ethanol

MFD FOR: The Wellness Center for Research and Education, Inc.
                  1237 S. Victoria Ave. Suite 169
                  Oxnard, CA 93035       1-866-962-6484

Dr. Theresa Dale's
                  NDC 50181-0031-1
                  HOMEOPATHIC
                  MERCURY PLUS DETOX
                  1 fl oz (30 mL)"
3623614f-14e4-ed1f-e063-6294a90ac035.xml,Sepia,"How to Use
                  Take with water 3-4 times a day. Ages 12 or older, 5 Pellets, Ages 12-2, 3 Pellets, Ages below 2, consult your Doctor.

Best for
                  Temporarily relieves occasional indifference or mood swings.*

Best for
                  Temporarily relieves occasional indifference or mood swings.*

Ingredients
                  Inactive: Sucrose/Lactose Pellets base to Preserve Remedy

Active Ingredients: Sepia (Cuttlefish) [HPUS] 30c potency

Warnings:
                  Ask a professional before use if pregnant or breastfeeding or if you have severe symptoms.
                  Keep away from children. If you have a reaction to this product that is not positive, discontinue use. Store in a cool and dry place
                  
                     
*CLAIMS BASED ON TRADITIONAL HOMEOPATHIC PRACTICE, NOT ACCEPTED MEDICAL EVIDENCE NOT FDA EVALUATED.
  
This product is not intended to diagnose, treat, cure, or prevent any disease.

Warnings:
                  Ask a professional before use if pregnant or breastfeeding or if you have severe symptoms.
                  Keep away from children. If you have a reaction to this product that is not positive, discontinue use. Store in a cool and dry place
                  
                     
*CLAIMS BASED ON TRADITIONAL HOMEOPATHIC PRACTICE, NOT ACCEPTED MEDICAL EVIDENCE NOT FDA EVALUATED.
  
This product is not intended to diagnose, treat, cure, or prevent any disease.

Entire package label"
36229b20-2d39-3524-e063-6294a90a7562.xml,Rescue Remedy (Instant Calm),"How to use:
  
Apply 2 sprays onto the tongue. Additional sprays may be taken as needed.

Ingredients:
  
Inactive: Alcohol Base to Preserve Remedy

Use for:
                  Temporarily relieves nervousness, frustration, sleeplessness, and stress.
                  Temporarily supports calm, comfort, and focus.*

Use for:
                  Temporarily relieves nervousness, frustration, sleeplessness, and stress.
                  Temporarily supports calm, comfort, and focus.*

Active Ingredients:
                  Cherry Plum (Prunus Cerasifera)
  
Clematis (Clematis Vitalba)
  
Impatiens (Impatiens Glandulifera)
  
Rock Rose (Helianthemum Nummularium)
  
Star of Bethlehem (Ornithogalum Umbellatum)

Warnings:
                  Ask a professional before use if pregnant or breastfeeding or if you have severe symptoms.
                  Keep away from children. If you have a reaction to this product that is not positive, discontinue use. Store in a cool and dry place
                  
                     
*CLAIMS BASED ON TRADITIONAL HOMEOPATHIC PRACTICE, NOT ACCEPTED MEDICAL EVIDENCE NOT FDA EVALUATED.
  
This product is not intended to diagnose, treat, cure, or prevent any disease.

Warnings:
                  Ask a professional before use if pregnant or breastfeeding or if you have severe symptoms.
                  Keep away from children. If you have a reaction to this product that is not positive, discontinue use. Store in a cool and dry place
                  
                     
*CLAIMS BASED ON TRADITIONAL HOMEOPATHIC PRACTICE, NOT ACCEPTED MEDICAL EVIDENCE NOT FDA EVALUATED.
  
This product is not intended to diagnose, treat, cure, or prevent any disease.

entire package label"
36393701-e4d5-153e-e063-6294a90ad80b.xml,Bryophyllum Avena,"Directions: FOR ORAL USE ONLY.

Take 3-4 times daily. Ages 12 and older: 10 drops.
  
Ages 2-11: 5 drops. Under age 2: Consult a doctor.

Active Ingredients: Bryophyllum (Life plant) 1X, Avena (Oats) 3X, Valeriana (Valerian) 3X, Conchae (Oyster shells) 7X, Phosphorus (Yellow phosphorus) 30X, Sulfur 30X

Inactive Ingredients: Distilled water, Glycerin, Lactose
                  Prepared using rhythmical processes.

KEEP OUT OF REACH OF CHILDREN.

Uses: Temporary relief of sleeplessness or nervous tension.

Warnings: Claims based on traditional homeopathic practice, not accepted medical evidence. Not FDA evaluated. Do not use if allergic to any ingredient. Contains traces of lactose. Consult a doctor before use for serious conditions or if conditions worsen or persist. If pregnant or nursing, consult a doctor before use. Do not use if safety seal is broken or missing.
                  REFRIGERATE AFTER OPENING.
  
BEST WHEN USED WITHIN 30 DAYS OF OPENING.
 
                  SHAKE WELL BEFORE USE.

Questions? Call 866.642.2858
  
Made with care by Uriel, East Troy, WI 53120
  
shopuriel.com"
3623c568-de51-1236-e063-6294a90a3117.xml,Phosphorus,"How to Use
                  Take with water 3-4 times a day. Ages 12 or older, 5 Pellets, Ages 12-2, 3 Pellets, Ages below 2, consult your Doctor.

Best for
                  Temporarily relieves occasional dizziness, nose bleeding, swollen bleeding gums, and toothaches.*

Ingredients
                  Inactive: Sucrose/Lactose Pellets base to Preserve Remedy

Active Ingredients: Phosphorus [HPUS] 30c potency

Warnings:
                  Ask a professional before use if pregnant or breastfeeding or if you have severe symptoms.
                  Keep away from children. If you have a reaction to this product that is not positive, discontinue use. Store in a cool and dry place
                  
                     
*CLAIMS BASED ON TRADITIONAL HOMEOPATHIC PRACTICE, NOT ACCEPTED MEDICAL EVIDENCE NOT FDA EVALUATED.
  
This product is not intended to diagnose, treat, cure, or prevent any disease.

Best for
                  Temporarily relieves occasional dizziness, nose bleeding, swollen bleeding gums, and toothaches.*

Warnings:
                  Ask a professional before use if pregnant or breastfeeding or if you have severe symptoms.
                  Keep away from children. If you have a reaction to this product that is not positive, discontinue use. Store in a cool and dry place
                  
                     
*CLAIMS BASED ON TRADITIONAL HOMEOPATHIC PRACTICE, NOT ACCEPTED MEDICAL EVIDENCE NOT FDA EVALUATED.
  
This product is not intended to diagnose, treat, cure, or prevent any disease.

Entire package label"
3621ab80-f42d-3ea0-e063-6294a90a4120.xml,Chamomilla,"How to Use
                  Take with water 3-4 times a day.
                  Ages 12 or older, 5 Pellets, Ages 12-2, 3 Pellets, Ages below 2, consult your Doctor.

Uses
                  Temporarily relieves occasional sleeplessness, stress, and irritability. Temporarily supports your mind.*
                  *CLAIMS BASED ON TRADITIONAL HOMEOPATHIC PRACTICE, NOT ACCEPTED MEDICAL EVIDENCE, NOT FDA EVALUATED.
                  This product is not intended to diagnose, treat, cure, or prevent any disease.

Uses
                  Temporarily relieves occasional sleeplessness, stress, and irritability. Temporarily supports your mind.*
                  *CLAIMS BASED ON TRADITIONAL HOMEOPATHIC PRACTICE, NOT ACCEPTED MEDICAL EVIDENCE, NOT FDA EVALUATED.
                  This product is not intended to diagnose, treat, cure, or prevent any disease.

Ingredients
                  Inactive: Sucrose/Lactose Pellets base to Preserve Remedy

Active Ingredients: Chamomilla (Chamomile) [HPUS] 30c potency

Warnings and Storage:
  
Ask a professional before use if pregnant or breastfeeding or if you have severe symptoms.
  
Keep away from children. If you have a reaction to this product that is not positive, discontinue use. Store in a cool and dry place.

Warnings and Storage:
  
Ask a professional before use if pregnant or breastfeeding or if you have severe symptoms.
  
Keep away from children. If you have a reaction to this product that is not positive, discontinue use. Store in a cool and dry place.
  
*CLAIMS BASED ON TRADITIONAL HOMEOPATHIC PRACTICE, NOT ACCEPTED MEDICAL EVIDENCE, NOT FDA EVALUATED.
  
This product is not intended to diagnose, treat, cure, or prevent any disease.

Entire package label"
3628b2a6-386d-3038-e063-6294a90a1daa.xml,H-Psoriasis Formula,"Calendula officinalis - 12C HPUS
                  Iris versicolor - 12C HPUS

Calendula officinalis -12C HPUS (healing agent), 
    Iris versicolor -12CHPUS (psoriasis, irregular patches with shining scales)
 
                  
                  The letters ‘HPUS’ indicate that the components in this product are officially monographed in the Homoeopathic Pharmacopoeia of the United States.

For the temporary relief of psoriasis symptoms such as dryness, itching and irritation.

Adults and Children 4 yrs and over: Wash hands before and after use. 
    Shake well and apply 1 or 2 drops to a cotton swab or your finger and apply directly to the affected area 3x per day. 
    Do not oversaturate or exceed dosage.

For external use only.
                       Perform skin test prior to initial use.

Do not use if pregnant or breastfeeding.

Keep out of reach of children.

Keep away from eyes and mucous membranes. If swallowed get medical help or contact a Poison Control 
    Center right away.

Discontinue use if irritation occurs.

Consult a doctor if symptoms worsen after 7 days.

Corylus avellana nut oil, Essential Oil Blend (Cedrus atlantica wood shavings, Melaleuca alternifolia leaf-branch, Melaleuca minor leaf), Rosa mosqueta seed oil, Triticum vulgare kernel oil

Dist. by Healing Natural Oils 3830 Valley Ctr Dr, #705-526, San Diego, CA 92130, USA

Healing Natural Oils
                  H-Psoriasis
                  Formula
                  
                     Homeopathic
                  
                  For External Use Only
                  047
                  
                     11ml (0.37 fl. oz)
                     
                     
amoils.com"
3620b471-d8a1-3386-e063-6294a90a8142.xml,Bryonia Alba,"How to Use
                  Take with water 3-4 times a day. Ages 12 or older, 5 Pellets, Ages 12-2, 3 Pellets, Ages below 2, consult your Doctor.

Best for
                  Temporarily relieves occasional joint aches that get worse with motion.*

Ingredients
                  Inactive: Sucrose/Lactose Pellets base to Preserve Remedy

Active Ingredients: Bryonia Alba (White Bryony) [HPUS] 30c potency

Warnings:
                  Ask a professional before use if pregnant or breastfeeding or if you have severe symptoms.
                  Keep away from children. If you have a reaction to this product that is not positive, discontinue use. Store in a cool and dry place
                  
                     
*CLAIMS BASED ON TRADITIONAL HOMEOPATHIC PRACTICE, NOT ACCEPTED MEDICAL EVIDENCE NOT FDA EVALUATED.
  
This product is not intended to diagnose, treat, cure, or prevent any disease.

Best for
                  Temporarily relieves occasional joint aches that get worse with motion.*

Warnings:
                  Ask a professional before use if pregnant or breastfeeding or if you have severe symptoms.
                  Keep away from children. If you have a reaction to this product that is not positive, discontinue use. Store in a cool and dry place
                  
                     
*CLAIMS BASED ON TRADITIONAL HOMEOPATHIC PRACTICE, NOT ACCEPTED MEDICAL EVIDENCE NOT FDA EVALUATED.
  
This product is not intended to diagnose, treat, cure, or prevent any disease.

Entire package label"
64a7c66c-0e37-40e0-ae05-214d905a407f.xml,Reflux,"Acetyl Coenzyme A 6X, 8X, Adenosinum Triphosphoricum Dinatrum 6X, 8X, Nadidum 6X, 8X, Argentum Nitricum 6X, 10X, Ipecacuanha 6X, 10X, Robinia Pseudoacacia 6X, 10X, Sulphur 6X, 10X, Origanum Vulgare 6X, 10X, 30X, Duodenum (Suis) 8X, Esophagus (Suis) 8X, Funiculus Umbilicalis Suis 8X, Stomach (Suis) 8X, Nux Vomica 8X, 10X, 30X, Coumarinum 8X, 10X, 30X, 200X, Erythraea Centaurium 10X, 30X, Pepsinum 12X, Muriaticum Acidum 6C, 12C, 30C, 200C, Citricum Acidum 6C, 12C, 30C, 200C, Formicum Acidum 6C, 12C, 30C, 200C, Sarcolacticum Acidum 6C, 12C, 30C, 200C, Proteus (Morgani) 30C.

For temporary relief of symptoms related to heartburn and esophageal reflux.**
                  **These statements are based upon traditional homeopathic principles. They have not been reviewed by the Food and Drug Administration.

Keep out of reach of children. In case of overdose, contact physician or a Poison Control Center right away.
                  
                     If pregnant or breast-feeding, ask a health professional before use.
                  Tamper seal: ""Sealed for Your Protection."" Do not use if seal is broken or missing.

Keep out of reach of children. In case of overdose, contact physician or a Poison Control Center right away.

1-10 drops under the tongue, 3 times a day or as directed by a health professional. Consult a physician for use in children under 12 years of age.

For temporary relief of symptoms related to heartburn and esophageal reflux.**
                  **These statements are based upon traditional homeopathic principles. They have not been reviewed by the Food and Drug Administration.

Demineralized Water, 25% Ethanol.

Dist. By: Deseret Biologicals, Inc.469 W. Parkland DriveSandy, UT 84070 www.desbio.com

DESBIO
                  
                  
                     NDC 43742-1324-1
                  
                  
                     HOMEOPATHIC
                  
                  
                     REFLUX
                  
                  
                     1 FL OZ (30 ml)"
3625289a-4a21-c6f9-e063-6394a90a992f.xml,Laboratoires Boiron,"Active ingredients** (in each 1 mL vial)
 
                  
                  Chamomilla 9C HPUS (0.33mL)
  
Phytolacca decandra 5C HPUS (0.33mL)
  
Rheum 5C HPUS (0.33mL) (contains less than 10
  -9 mg anthraquinone glycosides)
 
                  
                  The letters ""HPUS"" indicate that the components in this product are officially monographed in the Homeopathic Pharmacopoeia of the United States.

Purpose*
                  
                  
                  
                  Chamomilla 9C HPUS (0.33mL) ... Relieves teething pain accompanied by irritability
  
Phytolacca decandra 5C HPUS (0.33mL) ... Relieves painful gums
  
Rheum 5C HPUS (0.333mL) ... Relieves minor digestive upsets associated with teething

Uses*
                  
                  
                  temporarily relieves symptoms of teething such as:
                  
                  
                     painful gums
                     irritability
                     minor digestive upsets associated with teething

Do not use if your child has a known allergy to any ingredient in this product.

Stop use and ask doctor if symptoms persist for more than 3 days or worsen, or if swelling, fever, or rash develops.

Keep out of reach of children. In case of overdose, get medical help or contact a Poison Control Center right away.

Children 1 month of age and older:
                  Give 1 dose at the onset of symptoms.
                  Wait 15 minutes, then repeat if needed for up to a total of 9 doses per 24 hours.
  
                     
1. Tear open the foil pouch at the notched edge.
 
                  2. Snap off one pre-measured dose.
                  3. Twist to open.
                  4. Holding the child upright, squeeze entire contents into mouth.

alcohol, purified water

do not use if glued carton end flaps are open or if inner foil pouch and vials are not intact
                  do not refrigerate or freeze
                  after opening foil pouch: store unused vials in the foil pouch and in the box for no longer than 3 months
                  after opening the vial: use product immediately then discard
                  contains less than 0.0015% alcohol
                  
                  Teething Relief*
                  Painful Gums Irritability*
                  
                  
                  *CLAIMS BASED ON TRADITIONAL HOMEOPATHIC PRACTICE, NOT ACCEPTED MEDICAL EVIDENCE. NOT FDA EVALUATED.
  
**C,K,CK, and X are homeopathic dilutions: see BoironUSA.com/info for details.

Single-use liquid doses
                  .034 fl oz each
  
(1mL) each

Camilia.com
                  BoironUSA.com
                  Info@Boiron.com
                  1-800-BOIRON-1 (1-800-264-7661)
                  Distributed by Boiron, Inc. Newtown Square, PA 19073
                  Made in France"
362432f6-012a-626b-e063-6394a90add6d.xml,Gelsemium,"How to Use
                  Take with water 3-4 times a day. Ages 12 or older, 5 Pellets, Ages 12-2, 3 Pellets, Ages below 2, consult your Doctor.

Best for
                  Temporarily relieves occasional elevated body temperature and apprehension.*

Best for
                  Temporarily relieves occasional elevated body temperature and apprehension.*

Ingredients
                  Inactive: Sucrose/Lactose Pellets base to Preserve Remedy

Active Ingredients: Gelsemium Sempervirens (False Jasmine) [HPUS] 30c potency

Warnings:
                  Ask a professional before use if pregnant or breastfeeding or if you have severe symptoms.
                  Keep away from children. If you have a reaction to this product that is not positive, discontinue use. Store in a cool and dry place
                  
                     
*CLAIMS BASED ON TRADITIONAL HOMEOPATHIC PRACTICE, NOT ACCEPTED MEDICAL EVIDENCE NOT FDA EVALUATED.
  
This product is not intended to diagnose, treat, cure, or prevent any disease.

Warnings:
                  Ask a professional before use if pregnant or breastfeeding or if you have severe symptoms.
                  Keep away from children. If you have a reaction to this product that is not positive, discontinue use. Store in a cool and dry place
                  
                     
*CLAIMS BASED ON TRADITIONAL HOMEOPATHIC PRACTICE, NOT ACCEPTED MEDICAL EVIDENCE NOT FDA EVALUATED.
  
This product is not intended to diagnose, treat, cure, or prevent any disease.

Entire package label"
3621092d-1488-a1be-e063-6294a90ad85c.xml,Calcarea Carbonica,"How to Use
                  Take with water 3-4 times a day.
                  Ages 12 or older, 5 Pellets, Ages 12-2, 3 Pellets, Ages below 2, consult your Doctor.

Uses
                  Temporarily supports your body when dealing with crusty or oily scaly patches on the scalp and overwork.*
                  *CLAIMS BASED ON TRADITIONAL HOMEOPATHIC PRACTICE, NOT ACCEPTED MEDICAL EVIDENCE, NOT FDA EVALUATED.
  
This product is not intended to diagnose, treat, cure, or prevent any disease.

Uses
                  Temporarily supports your body when dealing with crusty or oily scaly patches on the scalp and overwork.*
                  *CLAIMS BASED ON TRADITIONAL HOMEOPATHIC PRACTICE, NOT ACCEPTED MEDICAL EVIDENCE, NOT FDA EVALUATED.
  
This product is not intended to diagnose, treat, cure, or prevent any disease.

Ingredients
                  Inactive: Sucrose/Lactose Pellets base to Preserve Remedy

Active Ingredients: Calcarea Carbonica (Calcium Carbonate) [HPUS] 30c potency

Warnings and Storage:
  
Ask a professional before use if pregnant or breastfeeding or if you have severe symptoms.
  
Keep away from children. If you have a reaction to this product that is not positive, discontinue use. Store in a cool and dry place.

Warnings and Storage:
  
Ask a professional before use if pregnant or breastfeeding or if you have severe symptoms.
  
Keep away from children. If you have a reaction to this product that is not positive, discontinue use. Store in a cool and dry place.
  
*CLAIMS BASED ON TRADITIONAL HOMEOPATHIC PRACTICE, NOT ACCEPTED MEDICAL EVIDENCE, NOT FDA EVALUATED.
  
This product is not intended to diagnose, treat, cure, or prevent any disease.

Entire package label"
36238771-debc-19b2-e063-6394a90a0062.xml,Rhus Toxicodendron,"How to Use
                  Take with water 3-4 times a day. Ages 12 or older, 5 Pellets, Ages 12-2, 3 Pellets, Ages below 2, consult your Doctor.

Best for
                  Temporarily relieves occasional joint discomfort, swelling, and stiffness aggravated by cold and damp weather. Temporarily supports motion.*

Best for
                  Temporarily relieves occasional joint discomfort, swelling, and stiffness aggravated by cold and damp weather. Temporarily supports motion.*

Ingredients
                  Inactive: Sucrose/Lactose Pellets base to Preserve Remedy

Active Ingredients: Rhus Toxicodendron (Poison Ivy) [HPUS] 30c potency

Warnings:
                  Ask a professional before use if pregnant or breastfeeding or if you have severe symptoms.
                  Keep away from children. If you have a reaction to this product that is not positive, discontinue use. Store in a cool and dry place
                  
                     
*CLAIMS BASED ON TRADITIONAL HOMEOPATHIC PRACTICE, NOT ACCEPTED MEDICAL EVIDENCE NOT FDA EVALUATED.
  
This product is not intended to diagnose, treat, cure, or prevent any disease.

Warnings:
                  Ask a professional before use if pregnant or breastfeeding or if you have severe symptoms.
                  Keep away from children. If you have a reaction to this product that is not positive, discontinue use. Store in a cool and dry place
                  
                     
*CLAIMS BASED ON TRADITIONAL HOMEOPATHIC PRACTICE, NOT ACCEPTED MEDICAL EVIDENCE NOT FDA EVALUATED.
  
This product is not intended to diagnose, treat, cure, or prevent any disease.

Entire package label"
ed903b1e-e8a0-4dfb-a635-05a1030939d5.xml,Immune Support,"Aconitum Napellus 8X, Argentum Nitricum 8X, Arnica Montana 4X, Arsenicum Album 8X, Astragalus Membranaceus 12X, Baptisia Tinctoria 4X, Bryonia (Alba) 8X, Calendula Officinalis 6X, Cortisone Aceticum 13X, Echinacea (Angustifolia) 1X, Eupatorium Perfoliatum 6X, Euphorbium Officinarum 6X, Gelsemium Sempervirens 8X, Hepar Sulphuris Calcareum 16X, Influenzinum 12C, Lachesis Mutus 10X, Mercurius Corrosivus 8X, Phosphorus 8X, Phytolacca Decandra 8X, Pulsatilla (Pratensis) 8X, Pyrogenium 200X, Rhus Tox 8X, Sanguinaria Canadensis 4X, Spleen (Suis) 12X, Sulphur 8X, Thuja Occidentalis 8X, Thymus (Suis) 12X, Viscum Album 12X, Zincum Metallicum 10X.

Aconitum Napellus - Cough, Argentum Nitricum - Fever, Arnica Montana - Headache, Arsenicum Album - Coldness, Astragalus Membranaceus – Muscle Pain, Baptisia Tinctoria – Sore Throat, Bryonia (Alba) – Ear Congestion, Calendula Officinalis – Muscle Pain, Cortisone Aceticum - Fatigue, Echinacea (Angustifolia) – Sore Throat, Eupatorium Perfoliatum - Cough, Euphorbium Officinarum - Fever, Gelsemium Sempervirens - Headache, Hepar Sulphuris Calcareum - Fatigue, Influenzinum - Coldness, Lachesis Mutus – Muscle Pain, Mercurius Corrosivus – Sore Throat, Phosphorus – Ear Congestion, Phytolacca Decandra – Nose Congestion, Pulsatilla (Pratensis) – Throat Congestion, Pyrogenium - Cough, Rhus Tox - Fatigue, Sanguinaria Canadensis - Fever, Spleen (Suis) - Fever, Sulphur – Nasal Congestion, Thuja Occidentalis – Coldness, Thymus (Suis) - Fever, Viscum Album – Sore Throat, Zincum Metallicum – Throat Congestion

• For the temporary relief of symptoms including:
                  • cough • fever • headache • fatigue • coldness
                  • muscle pain • sore throat • ear congestion
                  • nose congestion • throat congestion
                  These statements are based upon homeopathic principles. They have not been reviewed by the Food and Drug Administration.

If pregnant or breastfeeding, ask a health professional before use.
                  
                     Keep out of reach of children. In case of overdose, contact a physician or Poison Control Center right away.
                  
                     Tamper Evident: Sealed for your protection. Do not use if seal is broken or missing.
                  
                     Sore Throat Warning: Severe or persistent sore throat or sore throat accompanied by high fever, headache, nausea, and vomiting may be serious. Consult a physician promptly. Do not use more than two days or administer to children under 3 years of age unless directed by a physician.

In case of overdose, contact a physician or Poison Control Center right away.

1-10 drops under the tongue, 3 times a day or as directed by a health professional. Consult a physician for use in children under 12 years of age.

Demineralized water, 25% ethanol

Dist. By: Deseret Biologicals, Inc.469 W. Parkland DriveSandy, UT 84070
                  www.desbio.com
                  800-827-8204

DesBio
                  
                  
                     Immune Support
                  
                  
                     Homeopathic
                     
                     NDC 43742-2246-1
                     
                     1 FL OZ (30 ml)"
1048b4f7-bc6b-42da-8c6e-ae5e11f3299e.xml,ENT Support,"Argentum Nitricum 10X, Aspergillus Niger 10C, 15C, 30C, 200C, Candida Albicans 10C, 15C, 30C, 200C, Euphorbium Officinarum 6X, Gallicum Acidum 10C, 15C, 30C, 200C, Hepar Sulphuris Calcareum 10X, Influenzinum 12C, Luffa Operculata 6X, Mercurius Iodatus Ruber 8X, Mucor Racemosus 10C, 15C, 30C, 200C, Mutabile Bacillus (Bach) 30C, Pulsatilla (Pratensis) 4X, Sinusitisinum 17X.

Argentum Nitricum – Ear Pain, Aspergillus Niger – Sinus Pain, Candida Albicans – Throat Pain, Euphorbium Officinarum – Sinus Congestion, Gallicum Acidum - Cough, Hepar Sulphuris Calcareum – Nasal Congestion, Influenzinum - Sneezing, Luffa Operculata – Ear Mucus, Mercurius Iodatus Ruber – Sinus Pain, Mucor Racemosus – Sinus Congestion, Mutabile Bacillus (Bach) – Nasal Congestion, Pulsatilla (Pratensis) – Sinus Congestion, Sinusitisinum – Nasal Congestion

• For the temporary relief of symptoms including:
                  • ear pain • sinus pain • throat pain • sinus congestion
                  • nasal congestion • cough • ear mucus • sneezing
                  These statements are based upon homeopathic principles. They have not been reviewed by the Food and Drug Administration.

If pregnant or breast-feeding, ask a health professional before use.
                  
                     Keep out of reach of children. In case of overdose, contact a physician or Poison Control Center right away.
                  Severe or persistent sore throat or sore throat accompanied by high fever, headache, nausea, and vomiting may be serious. Consult a physician promptly. Do not use more than two days or administer to children under 3 years of age unless directed by a physician.
                  
                     
                        Tamper Evident: Sealed for your protection. Do not use if seal is broken or missing.

In case of overdose, contact a physician or Poison Control Center right away.

1-10 drops under the tongue, 3 times a day or as directed by a health professional. Consult a physician for use in children under 12 years of age.

Demineralized water, 25% ethanol

Dist. By: Deseret Biologicals, Inc.
                  469 W. Parkland Drive
                  Sandy, UT 84070
                   www.desbio.com
                  800-827-8204

DesBio
                  
                  
                     ENT Support
                  
                  
                     Homeopathic
                  
                  
                     NDC 43742-2142-1
                  
                  
                     1 FL OZ (30ml)"
352cb7dd-6c7f-f081-e063-6294a90ac2f6.xml,Histaminum hydrochloricum 30C - 3-Pack,"HOMEOPATHIC DILUTION OF HISTAMINUM HYDROCHLORICUM 30c

Mild allergic reactions (coughing, sneezing, watery eyes)*
                  *Claims based on traditional homeopathic practice, not accepted medical evidence. Not FDA evaluated.

(adults/children) Dissolve 5 pellets under the tongue 3 times a day until symptoms are relieved or as directed by a physician.

Condition listed above or as directed by a physician.

Stop use and ask a physician if symptoms persist for more than 3 days or worsen.

If pregnant or breast-feeding, ask a health professional before use.

Keep out of reach of children.

Store at room temperature.

Do not use if pellet-dispenser seal is broken.

Sucrose.

info@ollois.com * www.ollois.com * MADE IN FRANCE. NOT REVIEWED BY THE FDA AND NOT GUARANTEED TO BE EFFECTIVE. THIS HOMEOPATHIC DILUTION MAY NOT BE SUSEPTIBLE TO SCIENTIFIC MEASUREMENT."
b27a6ae3-d410-4c3e-8503-b73332834d72.xml,MBM 3 Heart-Shock,"Phytolacca Decandra 3C, Spongia Tosta 3C, Crocus Sativus 34C, Coffea Cruda 34C, 89C, Aurum Metallicum 34C, 89C, 144C.

For temporary relief of shock, excessive joy, guilt, and feelings of being overwhelmed.

If pregnant or breast-feeding, ask a health professional before use.
                  
                      Keep out of reach of children. In case of overdose, get medical help or contact a Poison Control Center right away.
                   Do not use if seal is broken or missing.

Keep out of reach of children. In case of overdose, get medical help or contact a Poison Control Center right away.

Feel the emotion fully, breathe deeply-connected breaths.  Put 5 drops under tongue to release emotion.  Continue 5 drops 2 times daily as needed.  Consult a physician for use in children under 12 years of age.

For temporary relief of shock, excessive joy, guilt, and feelings of being overwhelmed.

Demineralized Water, 25% Organic Ethanol

MFD FOR:
                  The Wellness Center for Research
                  and Education, Inc.
                  1237 S. Victoria Ave. Suite 169
                  Oxnard, CA 93035

Dr. Theresa Dale's
                  
                  
                     MIND BODY MERIDIAN
                  
                  Dr. Theresa Dale's
                  Mind˜Body˜Meridian
                  NDC: 50181-0010-1
                  Fibonacci Series
                  
                     MBM 3
                  
                  
                     Heart-Shock
                  
                  Shock, Trauma,Overwhelm
                  
                     HOMEOPATHIC
                  
                  1 fluid oz. (30 ml)"
29f24aaf-8069-4281-94ce-153834ce0087.xml,Metox,"Allium Sativum 3X, Berberis Vulgaris 3X, Glycyrrhiza Glabra 3X, Lappa Major 3X, Stillingia Sylvatica 3X, Trifolium Pratense 3X, Ascorbicum Acidum 6X, Cysteinum 6X, L-Methionine 8X, Phytolacca Decandra 8X, Thyroidinum (Suis) 8X, Calcarea Phosphorica 8X, 12X, 15X, Chromium Metallicum 8X, 12X, 15X, Cobaltum Metallicum 8X, 12X, 15X, Cuprum Metallicum 8X, 12X, 15X, Ferrum Metallicum 8X, 12X, 15X, Iodium 8X, 12X, 15X, Iridium Metallicum 8X, 12X, 15X, Kali Carbonicum 8X, 12X, 15X, Lithium Carbonicum 8X, 12X, 15X, Magnesium Metallicum 8X, 12X, 15X, Manganum Metallicum 8X, 12X, 15X, Molybdenum 8X, 12X, 15X, Natrum Muriaticum 8X, 12X, 15X, Phosphorus 8X, 12X, 15X, Selenium Metallicum 8X, 12X, 15X, Strontium Carbonicum 8X, 12X, 15X, Sulphur 8X, 12X, 15X, Vanadium Metallicum 8X, 12X, 15X, Zincum Metallicum 8X, 12X, 15X, Carbolicum Acidum 12X, Formalinum 12X, Lycopodium Clavatum 12X, Natrum Muriaticum 12X, Nux Vomica 12X, Boron 12X, 15X, 30X, Aluminum Metallicum 12X, 30X, 200X, Antimonium Crudum 12X, 30X, 200X, Argentum Metallicum 12X, 30X, 200X, Arsenicum Album 12X, 30X, Aurum Metallicum 12X, 30X, 200X, Baryta Carbonica 12X, 30X, 200X, Beryllium Metallicum 12X, 30X, 200X, Bismuthum Metallicum 12X, 30X, 200X, Bromium 12X, 30X, 200X, Cadmium Metallicum 12X, 30X, 200X, Cerium Metallicum 12X, 30X, 200X, Cesium Chloride 12X, 30X, 200X, Dysprosium Metallicum 12X, 30X, 200X, Erbium Metallicum 12X, 30X, 200X, Europium Metallicum 12X, 30X, 200X, Gadolinium Metallicum 12X, 30X, 200X, Germanium Sesquioxide 12X, 30X, 200X, Holmium Metallicum 12X, 30X, 200X, Indium Metallicum 12X, 30X, 200X, Manganum Metallicum 12X, 30X, 200X, Mercurius Solubilis 12X, 30X, 200X, Neodymium Oxide 12X, 30X, 200X, Niccolum Metallicum 12X, 30X, 200X, Osmium Metallicum 12X, 30X, 200X, Palladium Metallicum 12X, 30X, 200X, Platinum Metallicum 12X, 30X, 200X, Plumbum Metallicum 12X, 30X, 200X, Praseodymium 12X, 30X, 200X, Rhodium Metallicum 12X, 30X, 200X, Rubidium Nitricum 12X, 30X, 200X, Samarium Metallicum 12X, 30X, 200X, Stannum Metallicum 12X, 30X, 200X, Terbium Metallicum 12X, 30X, 200X, Thallium Metallicum 12X, 30X, 200X, Uranium Nitricum 12X, 30X, 200X, Ytterbium Oxide 12X, 30X, 200X, Arsenicum Album 1000X, Mercurius Solubilis 1000X, Plumbum Metallicum 1000X, Lanthanum Metallicum 14C, Niobium Metallicum 30C, Tantalum Metallicum 30C.

For temporary relief of symptoms related to heavy metal toxicity including cough, poor concentration, nausea, vomiting, occasional diarrhea, stomach pain, headache, sweating, and a metallic taste in the mouth.**
                  
                  **These statements are based upon homeopathic principles. They have not been reviewed by the Food and Drug Administration.

Keep out of reach of children. In case of overdose, contact a physician or Poison Control Center right away.
                  
                     If pregnant or breast-feeding, seek advice of a health professional before use.
                  Tamper seal: ""Sealed for Your Protection."" Do not use if seal is broken or missing.

Keep out of reach of children. In case of overdose, contact a physician or Poison Control Center right away.

1-10 drops under the tongue, 3 times a day or as directed by a health professional. Consult a physician for use in children under 12 years of age.

For temporary relief of symptoms related to heavy metal toxicity including cough, poor concentration, nausea, vomiting, occasional diarrhea, stomach pain, headache, sweating, and a metallic taste in the mouth.**
                  
                  **These statements are based upon homeopathic principles. They have not been reviewed by the Food and Drug Administration.

Demineralized Water, 25% Ethanol

Dist. By: Deseret Biologicals, Inc.
                  469 W. Parkland Drive
                  Sandy, UT 84070 www.desbio.com
                  **For a complete list of Heavy Metal Isodes II and Heavy Metal Isodes contact Deseret Biologicals, Inc.

DESBIO
                  
                  
                     
                        NDC 43742-1312-1
                     
                  
                  
                     
                        HOMEOPATHIC
                     
                  
                  
                     
                        METOX
                     
                  
                  
                     
                        1 FL OZ (30 ml)"
36220a0a-fe03-a9e5-e063-6294a90a357d.xml,Conium Maculatum,"How to Use
  
Take with water 3-4 times a day.
 
                  Ages 12 or older, 5 Pellets, Ages 12-2, 3 Pellets, Ages below 2, consult your Doctor.

Best for
                  Temporarily relieves occasional extreme tiredness, urinary discomfort, weak memory, sleeplessness, sexual weakness, and acid reflux.*

Best for
                  Temporarily relieves occasional extreme tiredness, urinary discomfort, weak memory, sleeplessness, sexual weakness, and acid reflux.*

Ingredients
  
Inactive: Sucrose/Lactose Pellets base to Preserve Remedy

Active Ingredients: Conium Maculatum (Poison Hemlock) [HPUS] 30c potency

Warnings:
                  Ask a professional before use if pregnant or breastfeeding or if you have severe symptoms.
                  Keep away from children. If you have a reaction to this product that is not positive, discontinue use. Store in a cool and dry place
                  
                     
*CLAIMS BASED ON TRADITIONAL HOMEOPATHIC PRACTICE, NOT ACCEPTED MEDICAL EVIDENCE NOT FDA EVALUATED.
  
This product is not intended to diagnose, treat, cure, or prevent any disease.

Warnings:
                  Ask a professional before use if pregnant or breastfeeding or if you have severe symptoms.
                  Keep away from children. If you have a reaction to this product that is not positive, discontinue use. Store in a cool and dry place
                  
                     
*CLAIMS BASED ON TRADITIONAL HOMEOPATHIC PRACTICE, NOT ACCEPTED MEDICAL EVIDENCE NOT FDA EVALUATED.
  
This product is not intended to diagnose, treat, cure, or prevent any disease.

Entire package label"
3623e30e-ebc2-8478-e063-6294a90ad5b6.xml,Nux Vomica,"How to Use
                  Take with water 3-4 times a day. Ages 12 or older, 5 Pellets, Ages 12-2, 3 Pellets, Ages below 2, consult your Doctor.

Best for
                  Temporarily relieves occasional vomiting and nausea.*

Best for
                  Temporarily relieves occasional vomiting and nausea.*

Ingredients
                  Inactive: Sucrose/Lactose Pellets base to Preserve Remedy

Active Ingredients: Nux Vomica (Strychnine Tree) [HPUS] 30c potency

Warnings:
                  Ask a professional before use if pregnant or breastfeeding or if you have severe symptoms.
                  Keep away from children. If you have a reaction to this product that is not positive, discontinue use. Store in a cool and dry place
                  
                     
*CLAIMS BASED ON TRADITIONAL HOMEOPATHIC PRACTICE, NOT ACCEPTED MEDICAL EVIDENCE NOT FDA EVALUATED.
  
This product is not intended to diagnose, treat, cure, or prevent any disease.

Warnings:
                  Ask a professional before use if pregnant or breastfeeding or if you have severe symptoms.
                  Keep away from children. If you have a reaction to this product that is not positive, discontinue use. Store in a cool and dry place
                  
                     
*CLAIMS BASED ON TRADITIONAL HOMEOPATHIC PRACTICE, NOT ACCEPTED MEDICAL EVIDENCE NOT FDA EVALUATED.
  
This product is not intended to diagnose, treat, cure, or prevent any disease.

Entire package label"
3622a246-2806-3cc3-e063-6294a90a621a.xml,Sulphur,"How to Use
                  Take with water 3-4 times a day. Ages 12 or older, 5 Pellets, Ages 12-2, 3 Pellets, Ages below 2, consult your Doctor.

Best for
                  Temporarily relieves occasional skin discomfort, hot flashes, pimples, and skin eruptions with scratching and a burning sensation.*

Ingredients
                  Inactive: Sucrose/Lactose Pellets base to Preserve Remedy

Active Ingredients: Sulphur(Sulfur) [HPUS] 30c potency

Warnings:
                  Ask a professional before use if pregnant or breastfeeding or if you have severe symptoms.
                  Keep away from children. If you have a reaction to this product that is not positive, discontinue use. Store in a cool and dry place
                  
                     
*CLAIMS BASED ON TRADITIONAL HOMEOPATHIC PRACTICE, NOT ACCEPTED MEDICAL EVIDENCE NOT FDA EVALUATED.
  
This product is not intended to diagnose, treat, cure, or prevent any disease.

Best for
                  Temporarily relieves occasional skin discomfort, hot flashes, pimples, and skin eruptions with scratching and a burning sensation.*

Warnings:
                  Ask a professional before use if pregnant or breastfeeding or if you have severe symptoms.
                  Keep away from children. If you have a reaction to this product that is not positive, discontinue use. Store in a cool and dry place
                  
                     
*CLAIMS BASED ON TRADITIONAL HOMEOPATHIC PRACTICE, NOT ACCEPTED MEDICAL EVIDENCE NOT FDA EVALUATED.
  
This product is not intended to diagnose, treat, cure, or prevent any disease.

Entire package label"
a0227bfa-5617-4620-8a57-4ffb3a724033.xml,Resentment,"Adrenalinum 12X, 18X, 30X, Ammonium Muriaticum 6X, 12X, 30X, Apocynum Cannabinum 12X, Buthus Australis 12C, Carduus Marianus 6X, Cinchona Officinalis 12X, Fel Tauri 12X, Hepar Suis 8X, Hepar Sulphuris Calcareum 16X, Hypothalamus Suis 8X, Manganum Carbonicum 12X, Moschus 12X, Naja Tripudians 12X, Natrum Muriaticum 6X, 12X, 30X, Nitricum Acidum 6X, 12X, 30X, Nux Vomica 12X, Rhus Tox 12X, Taraxacum Officinale 6X.

Adrenalinum – Bitter Sadness, Ammonium Muriaticum - Resentment, Apocynum Cannabinum - Vengefulness, Buthus Australis – Liver Support, Carduus Marianus – Gallbladder Support, Cinchona Officinalis - Embitterment, Fel Tauri – Gallbladder Support, Hepar Suis – Liver Support, Hepar Sulphuris Calcareum – Hatred of Those Who Offended, Hypothalamus Suis - Forgiveness, Manganum Carbonicum – Anger Over Past Events, Moschus - Embitterment, Naja Tripudians - Jealousy, Natrum Muriaticum - Tolerance, Nitricum Acidum - Vengefulness, Nux Vomica – Liver Support, Rhus Tox - Jealousy, Taraxacum Officinale – Liver Support

• For the temporary relief of symptoms including:
                  • bitter sadness • resentment • vengefulness • liver support • embitterment
                  
                  
                     • gallbladder support • hatred of those who offended • forgiveness • jealousy • tolerance
                  
                  
                     These statements are based upon homeopathic principles. They have not been reviewed by the Food and Drug Administration.

If pregnant or breastfeeding, ask a health professional before use.
                  
                     Keep out of reach of children. In case of overdose, contact a physician or Poison Control Center right away.
                  
                     Tamper Evident: Sealed for your protection. Do not use if seal is broken or missing.

In case of overdose, contact a physician or Poison Control Center right away.

1-10 drops under the tongue, 3 times a day or as directed by a health professional. Consult a physician for use in children under 12 years of age.

Demineralized water, 25% ethanol

Dist. By: Deseret Biologicals, Inc.469 W. Parkland DriveSandy, UT 84070
                  www.desbio.com
                  800-827-8204

DesBio
                  
                  
                     Resentment
                  
                  
                     Homeopathic
                  
                  
                     NDC 43742-2244-1
                  
                  
                     1 FL OZ (30 ml)"
3621c130-0d00-609d-e063-6294a90a3368.xml,Cineraria Maritima,"How to Use
                  Take with water 3-4 times a day. Ages 12 or older, 5 Pellets, Ages 12-2, 3 Pellets, Ages below 2, consult your Doctor.

Uses
                  Temporarily relieves occasional clouding of the lens and eye irritation.*

Uses
                  Temporarily relieves occasional clouding of the lens and eye irritation.*

Ingredients
                  Inactive: Sucrose/Lactose Pellets base to Preserve Remedy

Active Ingredients: Cineraria Maritima (Silver Ragwort) [HPUS] 30c potency

Warnings:
                  Ask a professional before use if pregnant or breastfeeding or if you have severe symptoms.
                  Keep away from children. If you have a reaction to this product that is not positive, discontinue use. Store in a cool and dry place
                  
                     
*CLAIMS BASED ON TRADITIONAL HOMEOPATHIC PRACTICE, NOT ACCEPTED MEDICAL EVIDENCE NOT FDA EVALUATED.
  
This product is not intended to diagnose, treat, cure, or prevent any disease.

Warnings:
                  Ask a professional before use if pregnant or breastfeeding or if you have severe symptoms.
                  Keep away from children. If you have a reaction to this product that is not positive, discontinue use. Store in a cool and dry place
                  
                     
*CLAIMS BASED ON TRADITIONAL HOMEOPATHIC PRACTICE, NOT ACCEPTED MEDICAL EVIDENCE NOT FDA EVALUATED.
  
This product is not intended to diagnose, treat, cure, or prevent any disease.

Entire package label"
3628687b-ec01-1a1c-e063-6294a90a8a40.xml,Healing Natural Oils,"Anacardium orientale-12C HPUS 
       Iris versicolor-12C HPUS

Anacardium orientale  - 12C HPUS  (itching, eczema),    
       Iris versicolor-12C HPUS  (eczema with nightly itching) 
     
                                The letters ‘HPUS’ indicate that the components    in this product    are officially 
       monographed in the Homoeopathic Pharmacopoeia of the United States

For the temporary relief of eczema symptoms such as dryness, itching and irritation.

Adults and Children 2 yrs and over: Wash hands before and after use. 
    Shake well and apply 1 or 2 drops to a cotton swab or your finger and apply directly to the affected area 3x per day. 
    Do not oversaturate or exceed dosage.

For external use only.
                              Perform skin test prior to initial use.

If pregnant or breastfeeding consult a doctor before use.

Keep out of reach of children.

Keep away from eyes and mucous membranes. If swallowed get medical help 
    or contact a Poison Control Center right away.

Discontinue use if irritation occurs.

Consult a doctor if symptoms worsen after 7 days.

Corylus avellana nut oil, Essential Oil Blend (Cymbopogon martinii aerial parts, Daucus carota seed, Helichrysum italicum flower,   
     
			Lavandula officinalis flower bud, Matricaria recutita flower), Rosa Mosqueta seed oil.

Dist. by Healing Natural Oils 3830 Valley Ctr Dr, #705-526, San Diego, CA 92130, USA

Healing Natural Oils
                  
                     
                     H-Eczema
                  
                  
                     Formula
                  
                  
                     
                     Homeopathic
                  
                  
                     
For External Use Only
 
                  
                     
                     019
                  
                  
                     
                     11ml (0.37 fl. oz)
                  
                  
                     
amoils.com"
363c19b6-9abb-aed9-e063-6294a90a0dfe.xml,Hylands Naturals Earache Drops,"Drug Facts

Active ingredients
                                 
                                 
                                    
                                       Purpose*
                                    
                                 
                              
                              
                                 Belladonna 30C HPUS (less than 0.000000000001% Alkaloids, calculated)
                                 ear pain
                              
                              
                                 Calcarea Carbonica 30C HPUS
                                 ear pain, sensitivity to cold
                              
                              
                                 Chamomilla 30C HPUS
                                 ear pain, sensitivity to
     
			drafts, plugged ears
    
                              
                              
                                 Lycopodium 30C HPUS
                                 ear pain
                              
                              
                                 Pulsatilla 30C HPUS
                                 ear itching
                              
                              
                                 Sulphur 30C HPUS
                                 ear pain with burning,
     
			sensitivity to water
    
                              
                           
                        
                        
                        
                        
                        
                        
                        
                        
                        
                           
                              HPUS"" is the Homeopathic Pharmacopoeia of the
    
United States.

Uses*

Temporarily relieves:
  
■ common pain or itching from swimmer’s ear
  
■ clogged ears
  
■ ear pain or itching from other earaches,
  
after diagnosis by a physician

Warnings

Keep away from eyes.

Do not use if you have ear tubes, damaged ear drums or after ear surgery.

Stop use and ask a doctor if:
  
■ symptoms persist for more than 48 hours or worsen.
  
■ any discharge from ear is present.
  
■ symptoms are accompanied by a fever.

If pregnant or breastfeeding, ask a health professional before use.

Keep out of reach of children.

Drug Facts 
                  (continued)

Directions

Adults and children ages
   
4 years and over:
  
                           
■ Tilt head sideways and apply
  
3-4 drops into involved ear
  
(tip of applicator should not
  
enter ear canal).
  
■ Keep head tilted for at least
  
2 minutes to keep drops in ear.
  
■ Repeat until relieved, up to
  
4 times per day.
  
■ Use as directed.
  
■ Do not refrigerate.
  
■ Shake well before using.

Inactive ingredients

Citric Acid, Glycerine, Purified Water.

Questions?

www.hylands.com
  
or care@hylands.com

*CLAIMS BASED ON TRADITIONAL HOMEOPATHIC PRACTICE, NOT ACCEPTED MEDICAL EVIDENCE. NOT FDA EVALUATED.

DO NOT USE IF TAMPER-EVIDENT SEAL IS BROKEN OR MISSING.

Temporarily relieves: common pain or itching from swimmer’s ear, clogged ears, ear pain or itching from other earaches, after diagnosis by a physician

Principal Display Panel

Hyland's 
                  
                  
                     Earache Drops 0.33 FL. OZ. (10 mL)"
36240128-e278-9670-e063-6294a90a673e.xml,Ignatia Amara,"How to Use
                  Take with water 3-4 times a day. Ages 12 or older, 5 Pellets, Ages 12-2, 3 Pellets, Ages below 2, consult your Doctor.

Best for
                  Temporarily relieves occasional nervousness and hypersensitivity due to everyday stress and sadness.*

Ingredients
                  Inactive: Sucrose/Lactose Pellets base to Preserve Remedy

Active Ingredients: Ignatia Amara (Ignatia) [HPUS] 30c potency

Warnings:
                  Ask a professional before use if pregnant or breastfeeding or if you have severe symptoms.
                  Keep away from children. If you have a reaction to this product that is not positive, discontinue use. Store in a cool and dry place
                  
                     
*CLAIMS BASED ON TRADITIONAL HOMEOPATHIC PRACTICE, NOT ACCEPTED MEDICAL EVIDENCE NOT FDA EVALUATED.
  
This product is not intended to diagnose, treat, cure, or prevent any disease.

Best for
                  Temporarily relieves occasional nervousness and hypersensitivity due to everyday stress and sadness.*

Warnings:
                  Ask a professional before use if pregnant or breastfeeding or if you have severe symptoms.
                  Keep away from children. If you have a reaction to this product that is not positive, discontinue use. Store in a cool and dry place
                  
                     
*CLAIMS BASED ON TRADITIONAL HOMEOPATHIC PRACTICE, NOT ACCEPTED MEDICAL EVIDENCE NOT FDA EVALUATED.
  
This product is not intended to diagnose, treat, cure, or prevent any disease.

Entire package label"
363833fa-b8d3-1093-e063-6394a90a77fc.xml,Stannum 30X,"Directions: FOR ORAL USE ONLY.

Take 3-4 times daily. Ages 12 and older: 10 drops. Ages 2-11: 5 drops. Under age 2: Consult a doctor.

Active Ingredient: Stannum (Metallic tin) 30X

Inactive Ingredients: Distilled water, 20% Organic cane alcohol
                  Prepared using rhythmical processes.

Use: Temporary relief of headache.

KEEP OUT OF REACH OF CHILDREN.

Warnings: Claims based on traditional homeopathic practice, not accepted medical evidence. Not FDA evaluated. Do not use if allergic to any ingredient. Consult a doctor before use for serious conditions or if conditions worsen or persist. If pregnant or nursing, consult a doctor before use. Do not use if safety seal is broken or missing.

Questions? Call 866.642.2858
  
Made with care by Uriel, East Troy, WI 53120
  
shopuriel.com
 
                  Lot:"
fcb6237d-b27e-4afc-9d9b-419adf0986ad.xml,Apiol,"Apiolum 6X, 12X, 30X, 200X, 12C, 30C, 60C, 200C.

For temporary relief of symptoms related to Apiol sensitivity including joint pain, loose stools, stomach upset, menstrual cramps, headache, lack of menstrual periods, rash, and swollen tongue. **
                  
                     **These statements are based upon traditional homeopathic principles. They have not been reviewed by the Food and Drug Administration.

Keep out of reach of children. In case of overdose, contact a physician or Poison Control Center right away.
                  
                     If pregnant or breast-feeding, seek advice of a health professional before use.
                  Tamper seal: ""Sealed for Your Protection."" Do not use if seal is broken or missing.

Keep out of reach of children. In case of overdose, contact physician or Poison Control Center right away.

1-10 drops under the tongue, 3 times a day or as directed by a health professional. Consult a physician for use in children under 12 years of age.

For temporary relief of symptoms related to Apiol sensitivity including joint pain, loose stools, stomach upset, menstrual cramps, headache, lack of menstrual periods, rash, and swollen tongue. **
                  
                  **These statements are based upon traditional homeopathic principles. They have not been reviewed by the Food and Drug Administration.

Demineralized Water, 25% Ethanol

Dist. By: Deseret Biologicals, Inc.
                  469 W. Parkland Drive
                  Sandy, UT 84070 www.desbio.com

DESBIO
                  
                  NDC 43742-0781-1
                  
                     HOMEOPATHIC
                  
                  
                     APIOL
                  
                  1 FL OZ (30 ml)"
361a61cd-150d-5fcc-e063-6394a90ad553.xml,"Shenzhen Ishan Technology Co., Ltd","Chlorhexidine Acetate 2%

Purified water, Benzoic acid, Boric acid, Ethanol, Triclosan.

if swallowed, call poison control or seek medical help.

pain worsens or persists, or if youexperience any of these symptoms: burning, itching, rash, or other changes in theskin where the product was placed.

Effectively treats nail fungus, discoloration, splitting, thickening, crumbling and brittleness.

Store at room temperature 59-86°F(15-30°C)

* Before use, clean the affected area with soap and soak the nail in warm waterto soften it.
  
* For toenail fungus, scrape the dirt off the nail and gently file the thickened partof the fungal nail until it's flat (be careful not to damage the nail bed).
 
                  * Use twice a day, morning and evening.
                  * Repeat this process 2-3 times a day until a healthy nail begins its gradualregeneration.
                  * For best results, use continuously for 6 weeks.

Apply 2-3 times a day

Do not wear this product directly on skin.
                  Be aware of low-temperature burns.

Warnings: For external use only
                  * Do not use on children under 2 years of age unless directed by a doctor.
                  * Avoid contact with eyes when using this product, if contact occurs rinse thoroughly with water
                  * Stop use and ask a doctor if
  
lrritation occurs or discomfort persists.Keep out of reach of children
  
* If swallowed, call a poison control centre or seek medical attention immediately.

no"
36237526-6412-0107-e063-6294a90a00d3.xml,Ruta Graveolens,"How to Use
                  Take with water 3-4 times a day. Ages 12 or older, 5 Pellets, Ages 12-2, 3 Pellets, Ages below 2, consult your Doctor.

Best for
                  Temporarily relieves discomfort due to occasional joint injuries or strain and bruised tendons.*

Ingredients
                  Inactive: Sucrose/Lactose Pellets base to Preserve Remedy

Active Ingredients: Ruta Graveolens (Rue) [HPUS] 30c potency

Warnings:
                  Ask a professional before use if pregnant or breastfeeding or if you have severe symptoms.
                  Keep away from children. If you have a reaction to this product that is not positive, discontinue use. Store in a cool and dry place
                  
                     
*CLAIMS BASED ON TRADITIONAL HOMEOPATHIC PRACTICE, NOT ACCEPTED MEDICAL EVIDENCE NOT FDA EVALUATED.
  
This product is not intended to diagnose, treat, cure, or prevent any disease.

Best for
                  Temporarily relieves discomfort due to occasional joint injuries or strain and bruised tendons.*

Warnings:
                  Ask a professional before use if pregnant or breastfeeding or if you have severe symptoms.
                  Keep away from children. If you have a reaction to this product that is not positive, discontinue use. Store in a cool and dry place
                  
                     
*CLAIMS BASED ON TRADITIONAL HOMEOPATHIC PRACTICE, NOT ACCEPTED MEDICAL EVIDENCE NOT FDA EVALUATED.
  
This product is not intended to diagnose, treat, cure, or prevent any disease.

Entire package label"
6eab1cf5-18d8-4f3a-83ae-c4f8123d4712.xml,The Wellness Center,"Chimaphila Umbellata 3X, Pituitaria Glandula (Suis) 3C, Sabal Serrulata 6C, Uva-Ursi 6C, Gelsemium Sempervirens 30C, Sarsaparilla (Smilax Regelii) 30C, Kali Phosphoricum 1M, Phosphoricum Acidum 1M, Zincum Metallicum 1M.

For the temporary relif of emotionlessness, denial, numbness, and unresponsiveness.

​If pregnant or breast-feeding, ​ask a health professional before use.
                  
                     ​Keep out of reach of children.​ In case of overdose, get medical help or contact a Poison Control Center right away.
                  Do not use if tamper evident seal is broken or missing.
                  Store in a cool, dry place.

Keep out of reach of children. In case of overdose, get medical help or contact a Poison Control Center right away.

Feel the emotion fully, breathe deeply-connecting breaths. Put 5 drops under tongue to release emotion. Continue 5 drops 2x daily as needed. Consult a physician for use in children under 12 years of age.

For the temporary relif of emotionlessness, denial, numbness, and unresponsiveness.

Demineralized Water, 25% Ethanol

MFD FOR:
                  The Wellness Center for Research and Education, Inc.
                  1237 S. Victoria Ave. Suite 169
                  Oxnard, CA 93035
                  1-866-962-6484

Dr. Therese Dale's
                  NDC 50181-0030-1
                  HOMEOPATHIC
                  
                     ​N​euro-​E​motional ​R​emedies
                  #12 MALE REPRODUCTIVE
                  1 fl oz (30 mL)"
68362391-920a-4f36-b34d-fc7bd9ffb968.xml,1 Bladder,"Berberis Vulgaris 3X, Thuja Occidentalis 30C, Apis Mellifica 200C, Pulsatilla (Vulgaris) 200C, Staphysagria 200C, Baryta Carbonica 1M, Bryonia (Alba) 1M, Hepar Sulphuris Calcareum 1M.

For temporary relief of irritation.

​If pregnant or breast-feeding,​ ask a health professional before use.
                  
                     ​Keep out of reach of children.​ In case of overdose, get medical help or contact a Poison Control Center right away.
                  Do not use if tamper evident seal is broken or missing. 
                  Store in a cool, dry place.

Keep out of reach of children. In case of overdose, get medical help or contact a Poison Control Center right away.

Feel the emotion fully, breathe deeply-connecting breaths. Put 5 drops under tongue to release emotion. Continue 5 drops 2x daily as needed. Consult a physician for use in children under 12 years of age.

For temporary relief of irritation.

Demineralized Water, 25% Ethanol

MFD FOR:
                  The Wellness Center for Research and Education, Inc.
                  1237 S. Victoria Ave. Suite 169
                  Oxnard, CA 93035
                  1-866-962-6484

Dr. Theresa Dale's
                  
                  
                     NDC: 50181-0037-1
                  
                  
                     Homeopathic
                  
                  
                     Neuro-Emotional Remedies
                  
                     #1 BLADDER
                  
                  
                     Irritated
                  
                  1 fl oz (30 ml)"
f525b90e-6ebc-4e46-b1c8-be000b54454d.xml,BIOTOXV MMR,"Cochlearia Armoracia 3X, Varicella Zoster Nosode 6X, 8X, 12X, 30X, 200X, 2LM, Spleen (Suis) 8X, Thymus (Suis) 8X, Hepar Suis 8X, Epstein-Barr Virus Nosode 9X, Morbillinum 12X, 30X, 30C, Meningococcus Nosode 15X, 30X, 200X, Parotidinum 15X, 30X, 200X, Rubella Nosode 30X, Poliomyelitis Nosode 30C.

For temporary relief of skin rash, childhood illness, headache, weight loss, mental and physical fatigue, fever, cough, flu-like symptoms, heart palpitations, virus, pain, swelling, stiffness of limbs.

If pregnant or breast-feeding, ask a health professional before use.
                  
                     Keep out of reach of children.  In case of overdose, get medical help or contact a Poison Control Center right away.
                  Do not use if tamper evident seal is broken or missing.
                  Store in a cool, dry place.

Keep out of reach of children.  In case of overdose, get medical help or contact a Poison Control Center right away.

5 drops 2 or 3 times per day, on an empty stomach, 5 days per week or until symptoms abate. Consult a physician for use in children under 12 years of age.

For temporary relief of skin rash, childhood illness, headache, weight loss, mental and physical fatigue, fever, cough, flu-like symptoms, heart palpitations, virus, pain, swelling, stiffness of limbs.

Demineralized Water, 25% Ethanol

MFD FOR:
                  The Wellness Center for
                  Research and Education, Inc.
                  1237 S. Victoria Ave. Suite 169
                  Oxnard CA 93035
                  1-866-962-6484

Dr. Theresa Dale's
                  NDC 50181-0042-1
                  Homeopathic
                  
                     BioTox 
                  
                  
                     V-MMR
                  
                  1 fl oz (30 ml)"
36228c07-975c-9d57-e063-6394a90a3a41.xml,Hyoscyamus Niger,"How to Use
                  Take with water 3-4 times a day. Ages 12 or older, 5 Pellets, Ages 12-2, 3 Pellets, Ages below 2, consult your Doctor.

Best for
                  Temporarily relieves occasional feelings of suspicion and jealousy, dry cough, verbal tics, and twitching.*

Ingredients
                  Inactive: Sucrose/Lactose Pellets base to Preserve Remedy

Active Ingredients: Hyoscyamus Niger (Henbane) [HPUS] 30c potency

Warnings:
                  Ask a professional before use if pregnant or breastfeeding or if you have severe symptoms.
                  Keep away from children. If you have a reaction to this product that is not positive, discontinue use. Store in a cool and dry place
                  
                     
*CLAIMS BASED ON TRADITIONAL HOMEOPATHIC PRACTICE, NOT ACCEPTED MEDICAL EVIDENCE NOT FDA EVALUATED.
  
This product is not intended to diagnose, treat, cure, or prevent any disease.
 
                  Label:

Best for
                  Temporarily relieves occasional feelings of suspicion and jealousy, dry cough, verbal tics, and twitching.*

Warnings:
                  Ask a professional before use if pregnant or breastfeeding or if you have severe symptoms.
                  Keep away from children. If you have a reaction to this product that is not positive, discontinue use. Store in a cool and dry place
                  
                     
*CLAIMS BASED ON TRADITIONAL HOMEOPATHIC PRACTICE, NOT ACCEPTED MEDICAL EVIDENCE NOT FDA EVALUATED.
  
This product is not intended to diagnose, treat, cure, or prevent any disease.
 
                  Label:

Entire package label"
3617aaf6-d104-5fc8-e063-6394a90adb8b.xml,First Aid Burn Ointment,"Camellia Oil 0.3%

Pseudolarix Amabilis Bark, Sophora Flavescens Root Extract, RheumPalmatum Root, Sanguisorba Officinalis , Smilax Glabra Rhizome, Calamina,Phellodendri Chinensis Cortex, Stemona Japonica Whole.

if swallowed, call poison control or seek medical help.

pain worsens or persists, or if youexperience any of these symptoms: burning, itching, rash, or other changes in theskin where the product was placed.

First aid to help prevent bacterial contamination or skin infection, and fortemporary relief of pain and itching associated with minor burns, scaldssunburns, cuts, and scrapes.

Store in a cool, dry place.
  
This is not a toy and should be kept out of reach of young children.
 
                  Discard the product if the packaging has been opened. Do not use.

For adults and children 2 years ofage or older. Clean the affected area.Apply a small amount of the ointment to the affected area, not more than3 to 4 times daily. For children under 2 years ofage, ask a doctor before use.

Apply not more than 3 to 4 times

Do not wear this product directly on skin.
                  Be aware of low-temperature burns.

For external use only. When using this product do not get into eyes. Stopuse and ask a doctor if your condition worsens, does not improve, persistsin more than 7 days, or occurs again after a few days. Consult a doctorbefore using on animal bites or serious burns. Keep out ofreach of childrenf swallowed, call poison control or seek medical help.

no"
36208b71-e35d-ffa9-e063-6294a90a0ab8.xml,Allium Cepa,"How to Use
                  Take with water 3-4 times a day. Ages 12 or older, 5 Pellets, Ages 12-2, 3 Pellets, Ages below 2, consult your Doctor.

Uses
                  Temporarily relieves sneezing, runny nose, and watery eyes.*
                  *CLAIMS BASED ON TRADITIONAL HOMEOPATHIC PRACTICE, NOT ACCEPTED MEDICAL EVIDENCE, NOT FDA EVALUATED.
                  This product is not intended to diagnose, treat, cure, or prevent any disease.

Ingredients
                  Inactive: Sucrose/Lactose Pellets base to Preserve Remedy

Active Ingredients: Allium Cepa (Onion Plant) [HPUS] 30c potency

Warnings and Storage:
                  Ask a professional before use if pregnant or breastfeeding or if you have severe symptoms. Keep away from children. If you have a reaction to this product that is not positive, discontinue use. Store in a cool and dry place.

Uses
                  Temporarily relieves sneezing, runny nose, and watery eyes.*
                  *CLAIMS BASED ON TRADITIONAL HOMEOPATHIC PRACTICE, NOT ACCEPTED MEDICAL EVIDENCE, NOT FDA EVALUATED.
                  This product is not intended to diagnose, treat, cure, or prevent any disease.

Warnings and Storage:
                  Ask a professional before use if pregnant or breastfeeding or if you have severe symptoms. Keep away from children. If you have a reaction to this product that is not positive, discontinue use. Store in a cool and dry place.
                  *CLAIMS BASED ON TRADITIONAL HOMEOPATHIC PRACTICE, NOT ACCEPTED MEDICAL EVIDENCE, NOT FDA EVALUATED.
                  This product is not intended to diagnose, treat, cure, or prevent any disease.

Entire package label"
7b6d8d8f-1d4c-478f-930b-a7aee4633475.xml,MYCCombination,"Agaricus Muscarius 12X, Allium Cepa 6X, Ammonium Carbonicum 12X, 24X, 30X, Antimonium Tartaricum 12X, Arsenicum Iodatum 12X, Aspergillus Niger 15X, 30X, 60X, 100X, 200X, Blatta Orientalis 9C, 12C, 30C, Carbolicum Acidum 12X, Cinchona Officinalis 12X, Echinacea (Angustifolia) 6X, Ferrum Metallicum 12X, Kali Carbonicum 8X, Mephitis Mephitica 12C, Natrum Sulphuricum 6X, 12X, 30X, Phytolacca Decandra 12X, Sanguinaria Canadensis 8X, Secale Cornutum 12X, Sulphuricum Acidum 12X, Thuja Occidentalis 12X.

Agaricus Muscarius - Wheezing, Allium Cepa - Cough, Ammonium Carbonicum – Burning Throat, Antimonium Tartaricum - Headache, Arsenicum Iodatum - Fatigue, Aspergillus Niger - Fatigue, Blatta Orientalis - Cough, Carbolicum Acidum - Wheezing, Cinchona Officinalis – Burning Throat, Echinacea (Angustifolia) - Headache, Ferrum Metallicum – Joint Pain, Kali Carbonicum – Joint Pain, Mephitis Mephitica - Cough, Natrum Sulphuricum - Wheezing, Phytolacca Decandra – Burning Throat, Sanguinaria Canadensis - Headache, Secale Cornutum - Fatigue, Sulphuricum Acidum – Joint Pain, Thuja Occidentalis - Cough

• For the temporary relief of symptoms including:
                  • wheezing • cough • burning throat 
                  • headache • fatigue • joint pain
                  These statements are based upon homeopathic principles. They have not been reviewed by the Food and Drug Administration.

If pregnant or breast-feeding, ask a health professional before use.
                  
                     Keep out of reach of children. In case of overdose, contact a physician or Poison Control Center right away.
                  Severe or persistent sore throat or sore throat accompanied by high fever, Headache, nausea, and vomiting may be serious. Consult a physician promptly. Do not use more than two days or administer to children under 3 years of age unless directed by a physician.
                  
                     
                        Tamper Evident: Sealed for your protection. Do not use if seal is broken or missing.

In case of overdose, contact a physician or Poison Control Center right away.

1-10 drops under the tongue, 3 times a day or as directed by a health professional. Consult a physician for use in children under 12 years of age.

Demineralized water, 25% ethanol

Dist. By: Deseret Biologicals, Inc.
                  469 W. Parkland Drive
                  Sandy, UT 84070
                   www.desbio.com
                  800-827-8204

DesBio
                  
                  
                     
                     MYC: Combination
                  
                  
                     Homeopathic
                     
                     NDC 43742-2108-1
                     
                     1 FL OZ (30 ml)"
36239862-9fbd-2551-e063-6294a90a78e1.xml,Pulsatilla Nig,"How to Use
                  Take with water 3-4 times a day. Ages 12 or older, 5 Pellets, Ages 12-2, 3 Pellets, Ages below 2, consult your Doctor.

Best for
                  Temporarily relieves mild, gentle and yielding disposition, frequent crying, and feelings of sadness.*

Ingredients
                  Inactive: Sucrose/Lactose Pellets base to Preserve Remedy

Active Ingredients: Pulsatilla Nig (Pasqueflower) [HPUS] 30c potency

Warnings:
                  Ask a professional before use if pregnant or breastfeeding or if you have severe symptoms.
                  Keep away from children. If you have a reaction to this product that is not positive, discontinue use. Store in a cool and dry place
                  
                     
*CLAIMS BASED ON TRADITIONAL HOMEOPATHIC PRACTICE, NOT ACCEPTED MEDICAL EVIDENCE NOT FDA EVALUATED.
  
This product is not intended to diagnose, treat, cure, or prevent any disease.

Best for
                  Temporarily relieves mild, gentle and yielding disposition, frequent crying, and feelings of sadness.*

Warnings:
                  Ask a professional before use if pregnant or breastfeeding or if you have severe symptoms.
                  Keep away from children. If you have a reaction to this product that is not positive, discontinue use. Store in a cool and dry place
                  
                     
*CLAIMS BASED ON TRADITIONAL HOMEOPATHIC PRACTICE, NOT ACCEPTED MEDICAL EVIDENCE NOT FDA EVALUATED.
  
This product is not intended to diagnose, treat, cure, or prevent any disease.

Entire package label"
362423f1-d288-5b09-e063-6394a90afb8b.xml,Graphites,"How to Use
                  Take with water 3-4 times a day. Ages 12 or older, 5 Pellets, Ages 12-2, 3 Pellets, Ages below 2, consult your Doctor.

Best for
                  Temporarily relieves discomfort due to skin issues, particularly weeping rashes, accompanied by a discharge that typically occurs at the back of the ear.*

Ingredients
                  Inactive: Sucrose/Lactose Pellets base to Preserve Remedy

Active Ingredients: Graphites [HPUS] 30c potency

Warnings:
                  Ask a professional before use if pregnant or breastfeeding or if you have severe symptoms.
                  Keep away from children. If you have a reaction to this product that is not positive, discontinue use. Store in a cool and dry place
                  
                     
*CLAIMS BASED ON TRADITIONAL HOMEOPATHIC PRACTICE, NOT ACCEPTED MEDICAL EVIDENCE NOT FDA EVALUATED.
  
This product is not intended to diagnose, treat, cure, or prevent any disease.

Best for
                  Temporarily relieves discomfort due to skin issues, particularly weeping rashes, accompanied by a discharge that typically occurs at the back of the ear.*

Warnings:
                  Ask a professional before use if pregnant or breastfeeding or if you have severe symptoms.
                  Keep away from children. If you have a reaction to this product that is not positive, discontinue use. Store in a cool and dry place
                  
                     
*CLAIMS BASED ON TRADITIONAL HOMEOPATHIC PRACTICE, NOT ACCEPTED MEDICAL EVIDENCE NOT FDA EVALUATED.
  
This product is not intended to diagnose, treat, cure, or prevent any disease.

Entire package label"
3620eb69-a84a-f5a2-e063-6394a90a777f.xml,Cantharis,"How to Use
                  Take with water 3-4 times a day. Ages 12 or older, 5 Pellets, Ages 12-2, 3 Pellets, Ages below 2, consult your Doctor.

Uses
                  Temporarily relieves discomfort due to bladder issues, blisters with burning discomfort, and minor burns.*
                  *CLAIMS BASED ON TRADITIONAL HOMEOPATHIC PRACTICE, NOT ACCEPTED MEDICAL EVIDENCE, NOT FDA EVALUATED.
                  This product is not intended to diagnose, treat, cure, or prevent any disease.

Ingredients
                  Inactive: Sucrose/Lactose Pellets base to Preserve Remedy

Active Ingredients: Cantharis [HPUS] 30c potency

Warnings and Storage:
  
Ask a professional before use if pregnant or breastfeeding or if you have severe symptoms.
  
Keep away from children. If you have a reaction to this product that is not positive, discontinue use. Store in a cool and dry place.

Uses
                  Temporarily relieves discomfort due to bladder issues, blisters with burning discomfort, and minor burns.*
                  *CLAIMS BASED ON TRADITIONAL HOMEOPATHIC PRACTICE, NOT ACCEPTED MEDICAL EVIDENCE, NOT FDA EVALUATED.
                  This product is not intended to diagnose, treat, cure, or prevent any disease.

Warnings and Storage:
  
Ask a professional before use if pregnant or breastfeeding or if you have severe symptoms.
  
Keep away from children. If you have a reaction to this product that is not positive, discontinue use. Store in a cool and dry place.
 
                  *CLAIMS BASED ON TRADITIONAL HOMEOPATHIC PRACTICE, NOT ACCEPTED MEDICAL EVIDENCE, NOT FDA EVALUATED.
  
This product is not intended to diagnose, treat, cure, or prevent any disease.

Entire package label"
